segment,start_sec,end_sec,dev_peak_method,ref_peak_method,dev_signal_mean,ref_signal_mean,diff_signal_mean,dev_resp_rate_mean,ref_resp_rate_mean,diff_resp_rate_mean,dev_spectral_rqi,ref_spectral_rqi,diff_spectral_rqi
0,0.0,30.0,ampd,ampd,-0.0009064638780994306,-0.003674489882699754,0.0027680260046003234,16.756574661310538,16.172998879989105,0.5835757813214322,0.7125482600101493,0.8442185924722181,-0.13167033246206883
1,30.0,60.0,ampd,ampd,-0.00033433191227142913,0.03490310438442642,-0.03523743629669785,14.061070234226088,13.874614273518787,0.18645596070730086,0.680636424306976,0.8586737335097105,-0.17803730920273453
2,60.0,90.0,ampd,ampd,0.003396393125242232,-0.04788153719652017,0.0512779303217624,17.836967156278735,15.021096516380737,2.815870639897998,0.48956416736783137,0.4752883129780497,0.014275854389781684
3,90.0,120.0,ampd,ampd,0.009199396302086979,0.029342659148878056,-0.020143262846791077,14.952424482886041,15.006319274264188,-0.05389479137814668,0.6728619334346202,0.7865766571445905,-0.11371472370997027
