segment,start_sec,end_sec,dev_peak_method,ref_peak_method,dev_signal_mean,ref_signal_mean,diff_signal_mean,dev_resp_rate_mean,ref_resp_rate_mean,diff_resp_rate_mean,dev_spectral_rqi,ref_spectral_rqi,diff_spectral_rqi
0,0.0,30.0,ampd,ampd,-0.011277075536425402,-0.003674489882699754,-0.007602585653725648,20.186152684298687,16.172998879989105,4.013153804309582,0.4733657171622936,0.8442185924722181,-0.3708528753099245
1,30.0,60.0,ampd,ampd,-0.0013075695262292403,0.03490310438442642,-0.03621067391065566,53.22579780544776,13.874614273518787,39.351183531928974,0.5630669075995862,0.8586737335097105,-0.2956068259101243
2,60.0,90.0,ampd,ampd,0.00222684477651446,-0.04788153719652017,0.05010838197303463,14.910893010646916,15.021096516380737,-0.11020350573382132,0.46001068143268775,0.4752883129780497,-0.015277631545361936
3,90.0,120.0,ampd,ampd,-0.0004092673800968773,0.029342659148878056,-0.029751926528974935,54.70815639957048,15.006319274264188,39.70183712530629,0.6647344974294116,0.7865766571445905,-0.12184215971517887
