segment,start_sec,end_sec,dev_peak_method,ref_peak_method,dev_signal_mean,ref_signal_mean,diff_signal_mean,dev_resp_rate_mean,ref_resp_rate_mean,diff_resp_rate_mean,dev_spectral_rqi,ref_spectral_rqi,diff_spectral_rqi
0,0.0,30.0,ampd,ampd,-0.019672773800992815,-0.003674489882699754,-0.01599828391829306,54.12813239354042,16.172998879989105,37.95513351355132,0.3784745539816992,0.8442185924722181,-0.4657440384905189
1,30.0,60.0,ampd,ampd,-0.003284680543161774,0.03490310438442642,-0.03818778492758819,52.624398868307765,13.874614273518787,38.74978459478898,0.36131862916673624,0.8586737335097105,-0.4973551043429743
2,60.0,90.0,ampd,ampd,-0.008156780404521011,-0.04788153719652017,0.03972475679199916,55.72995446496291,15.021096516380737,40.70885794858217,0.4277776765260445,0.4752883129780497,-0.047510636452005206
3,90.0,120.0,ampd,ampd,-0.002906701889822415,0.029342659148878056,-0.03224936103870047,51.325704681483735,15.006319274264188,36.31938540721955,0.3158695885299665,0.7865766571445905,-0.47070706861462397
