segment,start_sec,end_sec,dev_peak_method,ref_peak_method,dev_signal_mean,ref_signal_mean,diff_signal_mean,dev_resp_rate_mean,ref_resp_rate_mean,diff_resp_rate_mean,dev_spectral_rqi,ref_spectral_rqi,diff_spectral_rqi
0,0.0,30.0,ampd,ampd,-0.0001131263989094748,-0.003674489882699754,0.0035613634837902792,19.272120494963765,16.172998879989105,3.09912161497466,0.7408499891368843,0.8442185924722181,-0.10336860333533382
1,30.0,60.0,ampd,ampd,-0.0033440097524101114,0.03490310438442642,-0.03824711413683653,14.107086641075409,13.874614273518787,0.23247236755662115,0.7036658819253605,0.8586737335097105,-0.15500785158435004
2,60.0,90.0,ampd,ampd,-0.00010086528572785482,-0.04788153719652017,0.04778067191079231,18.397563158143004,15.021096516380737,3.376466641762267,0.5312596530749728,0.4752883129780497,0.05597134009692312
3,90.0,120.0,ampd,ampd,-0.013666075283082902,0.029342659148878056,-0.04300873443196096,15.188420709921402,15.006319274264188,0.1821014356572146,0.7459545300685767,0.7865766571445905,-0.04062212707601376
