segment,start_sec,end_sec,dev_peak_method,ref_peak_method,dev_signal_mean,ref_signal_mean,diff_signal_mean,dev_resp_rate_mean,ref_resp_rate_mean,diff_resp_rate_mean,dev_spectral_rqi,ref_spectral_rqi,diff_spectral_rqi
0,0.0,30.0,ampd,ampd,0.00294803345420481,-0.003674489882699754,0.006622523336904564,16.33413087332569,16.172998879989105,0.16113199333658557,0.6478638962684473,0.8442185924722181,-0.19635469620377077
1,30.0,60.0,ampd,ampd,9.062418363517585e-06,0.03490310438442642,-0.034894041966062904,13.957620357480266,13.874614273518787,0.0830060839614788,0.6516360917634859,0.8586737335097105,-0.20703764174622463
2,60.0,90.0,ampd,ampd,-0.0003194045275523912,-0.04788153719652017,0.04756213266896778,17.97229166640419,15.021096516380737,2.9511951500234517,0.4823948871661276,0.4752883129780497,0.007106574188077919
3,90.0,120.0,ampd,ampd,0.0031966186424638677,0.029342659148878056,-0.026146040506414187,14.686433840549961,15.006319274264188,-0.3198854337142265,0.6778453241833349,0.7865766571445905,-0.10873133296125559
