segment,start_sec,end_sec,dev_resp_rate_mean,ref_resp_rate_mean,AE_resp_rate_mean,dev_spi_mean,ref_spi_mean,AE_spi_mean
0,0.0,30.0,13.539481149754133,13.60912172735855,0.06964057760441733,0.10742863492021767,0.68509733370838,0.5776686987881623
1,30.0,60.0,13.685765242653279,13.518761129825936,0.1670041128273425,0.1041222052477138,0.73923605215941,0.6351138469116963
2,60.0,90.0,14.75423321406439,14.958121660369779,0.20388844630538827,0.08983403373540182,0.7166971374871072,0.6268631037517054
3,90.0,120.0,15.366718587145812,15.013005117243296,0.35371346990251595,0.16834721018352444,0.6791387991124714,0.5107915889289469
