segment,start_sec,end_sec,dev_resp_rate_mean_impedance,dev_resp_rate_mean_gyro,weight_impedance,weight_gyro,final_fused_respiration_rate,ref_respiration_rate
0,0.0,30.0,,25.34854245880862,1,2,25.34854245880862,15.445340655568904
1,30.0,60.0,,33.25942350332594,1,2,33.25942350332594,14.985014985014987
2,60.0,90.0,15.792798483891344,43.18618042226488,1,2,34.055053109473704,16.163793103448278
3,90.0,120.0,16.990291262135923,37.135783660255186,1,2,30.420619527548766,16.25428932635001
