segment,start_sec,end_sec,dev_resp_rate_mean_pair_a,ref_resp_rate_mean_pair_a,ae_pair_a,dev_resp_rate_mean_pair_b,ref_resp_rate_mean_pair_b,ae_pair_b,winner_pair,final_fused_respiration_rate
0,0.0,30.0,11.758686640598034,11.674894962461112,0.08379167813692234,11.949363038591278,11.674894962461112,0.2744680761301659,impedance_pneumography_vs_ref_respiration,11.758686640598034
1,30.0,60.0,13.360665396975216,13.572364298151427,0.21169890117621115,13.455638210622146,13.572364298151427,0.11672608752928149,gyry_ribs_imu_vs_ref_respiration,13.455638210622146
2,60.0,90.0,18.829271009200387,18.783645488635198,0.04562552056518854,18.769881513596147,18.783645488635198,0.013763975039051246,gyry_ribs_imu_vs_ref_respiration,18.769881513596147
3,90.0,120.0,15.560256338157899,20.64913485887564,5.088878520717742,17.572713021609854,20.64913485887564,3.076421837265787,gyry_ribs_imu_vs_ref_respiration,17.572713021609854
