segment,start_sec,end_sec,dev_resp_rate_mean_pair_a,ref_resp_rate_mean_pair_a,ae_pair_a,dev_resp_rate_mean_pair_b,ref_resp_rate_mean_pair_b,ae_pair_b,winner_pair,final_fused_respiration_rate,ref
0,0.0,30.0,17.722570512676896,19.24540982903332,1.5228393163564249,19.636893776494787,19.24540982903332,0.39148394746146664,gyry_ribs_imu_vs_ref_respiration,19.636893776494787,19.24540982903332
1,30.0,60.0,20.06509244797352,19.402234900423228,0.662857547550292,19.29044095368131,19.402234900423228,0.11179394674191911,gyry_ribs_imu_vs_ref_respiration,19.29044095368131,19.402234900423228
2,60.0,90.0,16.925754250698947,14.012295105139753,2.9134591455591945,15.032047771036284,14.012295105139753,1.0197526658965312,gyry_ribs_imu_vs_ref_respiration,15.032047771036284,14.012295105139753
3,90.0,120.0,19.777213051804537,24.4754660474649,4.698252995660361,21.44556819697298,24.4754660474649,3.029897850491917,gyry_ribs_imu_vs_ref_respiration,21.44556819697298,24.4754660474649
4,120.0,150.0,21.556331328166205,22.477562453850233,0.9212311256840273,21.450001619194797,22.477562453850233,1.0275608346554357,impedance_pneumography_vs_ref_respiration,21.556331328166205,22.477562453850233
