segment,start_sec,end_sec,dev_resp_rate_mean_impedance,dev_resp_rate_mean_gyro,weight_impedance,weight_gyro,final_fused_respiration_rate,ref_respiration_rate
0,0.0,30.0,11.758686640598034,11.949363038591278,1,2,11.885804239260196,11.674894962461112
1,30.0,60.0,13.360665396975216,13.455638210622146,1,2,13.42398060607317,13.572364298151427
2,60.0,90.0,18.829271009200387,18.769881513596147,1,2,18.789678012130892,18.783645488635198
3,90.0,120.0,15.560256338157899,17.572713021609854,1,2,16.901894127125868,20.64913485887564
