segment,start_sec,end_sec,dev_peak_method,ref_peak_method,dev_signal_mean,ref_signal_mean,diff_signal_mean,dev_resp_rate_mean,ref_resp_rate_mean,diff_resp_rate_mean,dev_spectral_rqi,ref_spectral_rqi,diff_spectral_rqi
0,0.0,30.0,ampd,ampd,-0.0010664569983321842,-0.003674489882699754,0.0026080328843675698,16.23405466586311,16.172998879989105,0.06105578587400373,0.7453757634256527,0.8442185924722181,-0.09884282904656538
1,30.0,60.0,ampd,ampd,-0.00026699896329256774,0.03490310438442642,-0.03517010334771899,13.822188208242206,13.874614273518787,-0.05242606527658111,0.834868323859942,0.8586737335097105,-0.023805409649768516
2,60.0,90.0,ampd,ampd,0.0008399118848242795,-0.04788153719652017,0.04872144908134445,17.899247810713536,15.021096516380737,2.878151294332799,0.4496439696931445,0.4752883129780497,-0.02564434328490517
3,90.0,120.0,ampd,ampd,0.000618615870517563,0.029342659148878056,-0.028724043278360492,14.72044453015462,15.006319274264188,-0.28587474410956837,0.7673452863645204,0.7865766571445905,-0.01923137078007009
