segment,start_sec,end_sec,dev_peak_method,ref_peak_method,dev_signal_mean,ref_signal_mean,diff_signal_mean,dev_resp_rate_mean,ref_resp_rate_mean,diff_resp_rate_mean,dev_spectral_rqi,ref_spectral_rqi,diff_spectral_rqi
0,0.0,30.0,ampd,ampd,-0.0001610321540787363,-0.003674489882699754,0.003513457728621018,31.24591821940947,16.172998879989105,15.072919339420366,0.28054060907063644,0.8442185924722181,-0.5636779834015817
1,30.0,60.0,ampd,ampd,8.312583753445967e-05,0.03490310438442642,-0.03481997854689196,14.506368184614534,13.874614273518787,0.6317539110957462,0.4065463346912855,0.8586737335097105,-0.45212739881842506
2,60.0,90.0,ampd,ampd,-1.0161774191895604e-05,-0.04788153719652017,0.04787137542232828,29.89239759394694,15.021096516380737,14.871301077566201,0.28293938081750686,0.4752883129780497,-0.19234893216054283
3,90.0,120.0,ampd,ampd,1.759052192580528e-05,0.029342659148878056,-0.02932506862695225,15.022147750360622,15.006319274264188,0.01582847609643423,0.3255212279537871,0.7865766571445905,-0.4610554291908034
