segment,start_sec,end_sec,dev_peak_method,ref_peak_method,dev_signal_mean,ref_signal_mean,diff_signal_mean,dev_resp_rate_mean,ref_resp_rate_mean,diff_resp_rate_mean,dev_spectral_rqi,ref_spectral_rqi,diff_spectral_rqi
0,0.0,30.0,ampd,ampd,0.0024253618926895052,-0.003674489882699754,0.00609985177538926,15.368714267901542,16.172998879989105,-0.8042846120875637,0.5505015024181604,0.8442185924722181,-0.29371709005405766
1,30.0,60.0,ampd,ampd,8.78283184705372e-05,0.03490310438442642,-0.03481527606595588,15.05457080787891,13.874614273518787,1.179956534360123,0.7112284081449439,0.8586737335097105,-0.14744532536476662
2,60.0,90.0,ampd,ampd,-0.0005419453806965051,-0.04788153719652017,0.047339591815823666,17.603381068017345,15.021096516380737,2.582284551636608,0.4191536950832439,0.4752883129780497,-0.05613461789480578
3,90.0,120.0,ampd,ampd,-0.0014696301711875103,0.029342659148878056,-0.030812289320065567,14.381640827844635,15.006319274264188,-0.6246784464195532,0.7973773990686859,0.7865766571445905,0.010800741924095414
