segment,start_sec,end_sec,dev_resp_rate_mean,ref_resp_rate_mean,AE_resp_rate_mean,dev_spi_mean,ref_spi_mean,AE_spi_mean
0,0.0,30.0,13.588822495185847,13.60912172735855,0.020299232172703796,0.1152425595139111,0.68509733370838,0.5698547741944688
1,30.0,60.0,13.587869363541103,13.518761129825936,0.06910823371516628,0.14100610940517275,0.73923605215941,0.5982299427542372
2,60.0,90.0,14.950455524787936,14.958121660369779,0.0076661355818430366,0.06592951272902565,0.7166971374871072,0.6507676247580815
3,90.0,120.0,15.157908488964404,15.013005117243296,0.14490337172110834,0.11620795134187915,0.6791387991124714,0.5629308477705923
