segment,start_sec,end_sec,dev_resp_rate_mean,ref_resp_rate_mean,AE_resp_rate_mean,dev_spi_mean,ref_spi_mean,AE_spi_mean
0,0.0,30.0,25.34854245880862,15.445340655568904,9.903201803239716,0.36014432852067685,0.42042378859188045,0.060279460071203605
1,30.0,60.0,33.25942350332594,14.985014985014987,18.274408518310956,0.4262290369751066,0.4221509624776562,0.004078074497450401
2,60.0,90.0,43.18618042226488,16.163793103448278,27.022387318816605,0.606505393275724,0.4351402199700753,0.17136517330564865
3,90.0,120.0,37.135783660255186,16.25428932635001,20.881494333905177,0.5240740265268948,0.4373548365821247,0.08671918994477013
