signal_mean,signal_std,signal_rms,signal_energy,peak_method,n_breaths,resp_rate_mean,resp_rate_std,resp_rate_min,resp_rate_max,resp_rate_median,bbi_mean,bbi_std,bbi_cv,bbi_rmssd,peak_amp_mean,peak_amp_std,spi,spectral_rqi,dominant_freq_hz,ac_rqi,dominant_period_sec,segment,start_sec,end_sec
0.0010104897381690448,0.01846797804913681,0.01849560225389657,2.565654770507579,ampd,9,19.636893776494787,1.9333187563909657,17.381228273464657,22.761760242792107,19.496457489878544,3.0845000000000002,0.29556344496571285,0.0958221575508876,0.2503163712470394,0.01528307177312644,0.0048957323332981,0.36549211667731435,0.5424213183486476,0.11666666666666667,0.6514900167755886,1.248,0,0.0,30.0
0.003814537930207536,0.002385057414232287,0.004498799672154384,0.15179398867632293,ampd,9,19.29044095368131,2.4691928738414215,14.691478942213518,23.006134969325153,19.56150269066302,3.1660000000000004,0.4395452195167181,0.13883298152770626,0.5680160963514024,0.00767770550058927,0.0021318490506084266,0.8522377063350361,0.53925777835066,0.32324934410139095,0.43774237467489424,3.176,1,30.0,60.0
0.0031874227051685113,0.0025528449044266758,0.004083709172735124,0.12507510455610746,ampd,7,15.032047771036284,3.371093704818783,9.986684420772304,20.5761316872428,14.342689545529302,4.204,0.9775643201344861,0.23253195055530118,1.088486655866759,0.0073143697611300915,0.003363898062733326,0.6938737442596176,0.5808659558851007,0.2924009239922796,0.3752688784213826,3.328,2,60.0,90.0
0.002811204022036827,0.002066459690227547,0.003489000387625568,0.09129842778638522,ampd,10,21.44556819697298,2.450782591052769,16.703786191536746,26.223776223776227,20.775623268698062,2.835555555555555,0.3356794473273941,0.11838225023301517,0.4278738131739311,0.005147474821218813,0.002639769100441143,0.6324714839343378,0.6160451028114468,0.3312359143633184,0.6049020986264668,3.0,3,90.0,120.0
0.00188541299319198,0.002368689261217615,0.003027452885034677,0.06874103228328593,ampd,10,21.450001619194797,2.411212085942337,17.045454545454547,24.711696869851732,21.551724137931036,2.835111111111111,0.33929483882653005,0.11967602874426911,0.255429050814507,0.005497073342174658,0.001417016581181087,0.7565854295243176,0.5481467815961564,0.32390708791805406,0.5260017162965992,2.944,4,120.0,150.0
