segment,start_sec,end_sec,dev_resp_rate_mean,ref_resp_rate_mean,AE_resp_rate_mean,dev_spi_mean,ref_spi_mean,AE_spi_mean
0,0.0,30.0,29.373368146214098,23.603461841070022,5.769906305144076,0.47873173507412947,0.727219782438102,0.24848804736397256
1,30.0,60.0,38.86010362694301,24.425989252564733,14.434114374378275,0.5245660364781676,0.7074676896739178,0.18290165319575025
2,60.0,90.0,34.14264036418816,23.692523692523693,10.450116671664468,0.56178875741943,0.722230330244312,0.16044157282488203
3,90.0,120.0,33.34156581872067,22.010271460014675,11.331294358705993,0.4944381352909387,0.6778091183822045,0.18337098309126576
