segment,start_sec,end_sec,dev_peak_method,ref_peak_method,dev_signal_mean,ref_signal_mean,diff_signal_mean,dev_resp_rate_mean,ref_resp_rate_mean,diff_resp_rate_mean,dev_spectral_rqi,ref_spectral_rqi,diff_spectral_rqi
0,0.0,30.0,ampd,ampd,0.00043051505149612515,-0.003674489882699754,0.004105004934195879,16.26720453003026,16.172998879989105,0.09420565004115389,0.8016385231733603,0.8442185924722181,-0.042580069298857826
1,30.0,60.0,ampd,ampd,-0.0003694640409433576,0.03490310438442642,-0.03527256842536978,13.93181687947865,13.874614273518787,0.05720260595986204,0.8757802613298901,0.8586737335097105,0.017106527820179518
2,60.0,90.0,ampd,ampd,0.00041496908373050116,-0.04788153719652017,0.04829650628025067,17.630603006876502,15.021096516380737,2.6095064904957646,0.43756317851383975,0.4752883129780497,-0.03772513446420994
3,90.0,120.0,ampd,ampd,-0.00022095039714578062,0.029342659148878056,-0.029563609546023835,14.429599749814887,15.006319274264188,-0.5767195244493006,0.7557283413506243,0.7865766571445905,-0.030848315793966186
