segment,start_sec,end_sec,dev_peak_method,ref_peak_method,dev_signal_mean,ref_signal_mean,diff_signal_mean,dev_resp_rate_mean,ref_resp_rate_mean,diff_resp_rate_mean,dev_spectral_rqi,ref_spectral_rqi,diff_spectral_rqi
0,0.0,30.0,ampd,ampd,-0.0005101962157277672,-0.003674489882699754,0.0031642936669719866,15.361689790341268,16.172998879989105,-0.8113090896478372,0.3177208334710338,0.8442185924722181,-0.5264977590011843
1,30.0,60.0,ampd,ampd,-0.0004419383547688749,0.03490310438442642,-0.035345042739195295,13.611224061454868,13.874614273518787,-0.26339021206391955,0.6326715773579065,0.8586737335097105,-0.22600215615180408
2,60.0,90.0,ampd,ampd,0.00026015938764194316,-0.04788153719652017,0.04814169658416211,18.12096854585897,15.021096516380737,3.0998720294782345,0.305955391837791,0.4752883129780497,-0.16933292114025866
3,90.0,120.0,ampd,ampd,0.0005764570534033193,0.029342659148878056,-0.028766202095474737,14.775671291536847,15.006319274264188,-0.23064798272734066,0.6190976387505276,0.7865766571445905,-0.16747901839406287
