segment,start_sec,end_sec,dev_peak_method,ref_peak_method,dev_signal_mean,ref_signal_mean,diff_signal_mean,dev_resp_rate_mean,ref_resp_rate_mean,diff_resp_rate_mean,dev_spectral_rqi,ref_spectral_rqi,diff_spectral_rqi
0,0.0,30.0,ampd,ampd,-0.0003113664892647606,-0.003674489882699754,0.0033631233934349933,56.03571402622567,16.172998879989105,39.86271514623657,0.21237938478127258,0.8442185924722181,-0.6318392076909455
1,30.0,60.0,ampd,ampd,-7.84642284467449e-05,0.03490310438442642,-0.034981568612873166,52.60815608706232,13.874614273518787,38.73354181354353,0.22787736486630297,0.8586737335097105,-0.6307963686434076
2,60.0,90.0,ampd,ampd,0.00015095412738776661,-0.04788153719652017,0.04803249132390794,51.226289851554185,15.021096516380737,36.20519333517345,0.3168442438171162,0.4752883129780497,-0.1584440691609335
3,90.0,120.0,ampd,ampd,0.00026719216927569917,0.029342659148878056,-0.029075466979602355,54.83497554114272,15.006319274264188,39.82865626687853,0.2190484368734212,0.7865766571445905,-0.5675282202711692
