signal_mean,signal_std,signal_rms,signal_energy,peak_method,n_breaths,resp_rate_mean,resp_rate_std,resp_rate_min,resp_rate_max,resp_rate_median,bbi_mean,bbi_std,bbi_cv,bbi_rmssd,peak_amp_mean,peak_amp_std,spi,spectral_rqi,dominant_freq_hz,ac_rqi,dominant_period_sec,segment,start_sec,end_sec
-0.047448108441497806,2.5465425863931506,2.5469845832491007,48653.478504814455,ampd,6,13.60912172735855,0.5626231983686588,13.066202090592336,14.691478942213518,13.404825737265416,4.4159999999999995,0.17404367268016394,0.039412063559819736,0.27996428343629876,3.1598374481817353,0.07514797569803344,0.9964337259868729,0.907497164493481,0.23270411561935722,0.8445982635239248,4.42,0,0.0,30.0
0.025865676621408224,2.602028297435597,2.6021568542043494,50784.152204120066,ampd,6,13.518761129825936,0.8357940166778033,12.755102040816327,15.045135406218655,13.297872340425533,4.4544,0.2610820560666703,0.05861217135117419,0.34229227277284535,3.341200341836396,0.33531474996655425,0.990931463091373,0.9262260859260825,0.23278196282217267,0.799201867790107,4.4,1,30.0,60.0
0.032333036915112114,2.3342365028490257,2.3344604251323267,40872.79107381753,ampd,6,14.958121660369779,0.593056300111518,14.005602240896359,15.723270440251573,14.82213438735178,4.0176,0.16156435250388615,0.04021414588408158,0.18728587773775152,2.9806469711321277,0.24304147513882762,0.9778786593804296,0.8180703729327988,0.2425130800665191,0.8575047176932078,3.976,2,60.0,90.0
0.051912986311103776,2.3150897639618053,2.315671732640113,40217.51680011348,ampd,6,15.013005117243296,1.21898416891127,13.774104683195592,16.611295681063122,14.45086705202312,4.0224,0.31870337306027996,0.07923214326279832,0.5013142726873034,3.0322442677696766,0.3659731789596757,0.9877163217359914,0.8783553188127484,0.24378348937328131,0.8076574214407574,4.012,3,90.0,120.0
