segment,start_sec,end_sec,dev_resp_rate_mean,ref_resp_rate_mean,AE_resp_rate_mean,dev_spi_mean,ref_spi_mean,AE_spi_mean
0,0.0,30.0,13.605967572036098,13.60912172735855,0.0031541553224521124,0.1825029781466093,0.68509733370838,0.5025943555617707
1,30.0,60.0,13.742500025975417,13.518761129825936,0.22373889614948084,0.1814110553292208,0.73923605215941,0.5578249968301892
2,60.0,90.0,15.013262451934018,14.958121660369779,0.05514079156423968,0.21631596704563918,0.7166971374871072,0.500381170441468
3,90.0,120.0,14.791679331587648,15.013005117243296,0.22132578565564742,0.21851920309214612,0.6791387991124714,0.4606195960203253
