feature,device,reference,abs_diff,pct_diff,direction
range,1.6520393657844945,1.5781319666799483,0.07390739910454625,4.6832204571606,higher
n_peaks_ampd,28.0,27.0,1.0,3.7037037037037033,higher
