feature,device,reference,abs_diff,pct_diff,direction
bbi_range,2.716,2.8199999999999994,0.1039999999999992,3.6879432624113204,lower
zcr,0.002025462962962963,0.002096236303001429,7.077334003846624e-05,3.376210016835015,lower
