signal_mean,signal_std,signal_rms,signal_energy,peak_method,n_breaths,resp_rate_mean,resp_rate_std,resp_rate_min,resp_rate_max,resp_rate_median,bbi_mean,bbi_std,bbi_cv,bbi_rmssd,peak_amp_mean,peak_amp_std,spi,spectral_rqi,dominant_freq_hz,ac_rqi,dominant_period_sec,segment,start_sec,end_sec
0.021309448679071922,0.09342061926377165,0.0958201685796502,68.86128529974437,ampd,7,19.24540982903332,5.933352650944779,10.744985673352437,30.48780487804878,17.860205619160883,3.4293333333333327,1.093663364822812,0.31891427823371277,1.9276364802524357,0.038868323356957724,0.013332179186616505,0.6461984122035134,0.5398091901323897,0.12197720512815893,0.38321848893218835,1.248,0,0.0,30.0
-0.00038694725029802163,0.01827073117794031,0.018274828205788237,2.5047700946330496,ampd,9,19.402234900423228,1.9963188638651996,15.060240963855422,21.770682148040642,19.317458106117897,3.1294999999999997,0.36342227504653596,0.11612790383337146,0.553313137898811,0.027286278935330713,0.008325730450033904,0.9915717711866734,0.552029337293361,0.30346423117931315,0.5848810256647006,3.04,1,30.0,60.0
0.00036190014577239515,0.01675769394670999,0.016761601299610684,2.1071345859533297,ampd,6,14.012295105139753,3.4074657636158348,10.121457489878543,20.053475935828878,12.95336787564767,4.516,0.9857155776389049,0.21827182852942978,1.2815693504449925,0.028680689101793635,0.01249173015833413,0.9910931368300957,0.510717946137197,0.28111233052356355,0.2706382181066732,3.336,2,60.0,90.0
-0.0008253680298692494,0.011891217493627966,0.011919827425994641,1.0656171439912052,ampd,11,24.4754660474649,3.603217475144128,19.841269841269842,32.05128205128205,23.882145975978638,2.5016000000000003,0.3444610863363233,0.13769630889683532,0.2090401343708374,0.012682989047836917,0.010444362450614,0.9660848115304533,0.6471259970711282,0.35077912744264667,0.48614757614066156,2.9,3,90.0,120.0
-0.01199794497606474,0.045848808321262736,0.04739265668991946,16.845479310964258,ampd,9,22.477562453850233,1.052157034043486,21.156558533145276,24.711696869851732,22.388059701492537,2.675,0.12135485157174389,0.04536629965298837,0.17290790281864749,0.023373442452092257,0.005903302785257771,0.6318614914178566,0.3142431341300264,0.36417589010242307,0.31949493776245835,1.248,4,120.0,150.0
