resp_rate_mean,resp_rate_std,resp_rate_min,resp_rate_max,resp_rate_median,bbi_mean,bbi_std,bbi_cv,bbi_rmssd,peak_amp_mean,peak_amp_std,n_breaths,signal_mean,signal_std,signal_rms,segment,start_sec,end_sec
15.972649386752217,0.4927732257615034,15.479876160990713,16.46542261251372,15.972649386752217,3.76,0.11599999999999988,0.030851063829787206,0.23199999999999976,0.8292316333302571,0.06184250525249963,3,0.06915874185445157,0.46213034329879693,0.4672765624042732,0,0.0,10.0
15.839493136219641,0.0,15.839493136219641,15.839493136219641,15.839493136219641,3.788,0.0,0.0,0.0,0.8406046763496171,0.07468790624905514,2,-0.051908095473798425,0.4287177569073506,0.43184877615131334,1,10.0,20.0
28.012638834562722,1.063962733507106,26.595744680851066,29.296875,28.07896782869991,2.145,0.08189627586160428,0.0381800819867619,0.13891004283348254,0.3763602572124225,0.5284866650674814,5,0.07663899873588577,0.40996786106952693,0.4170697582385494,2,20.0,30.0
13.586956521739129,0.0,13.586956521739129,13.586956521739129,13.586956521739129,4.416,0.0,0.0,0.0,0.7884382508958759,0.10521171977931121,2,-0.029454077854967387,0.3742341247181645,0.375391426121931,3,30.0,40.0
13.876040703052729,0.0,13.876040703052729,13.876040703052729,13.876040703052729,4.324,0.0,0.0,0.0,0.8741101107017224,0.12588988929827755,2,-0.02375049540197772,0.45148794730741426,0.45211221239389443,4,40.0,50.0
