segment,start_sec,end_sec,dev_resp_rate_mean,ref_resp_rate_mean,AE_resp_rate_mean,dev_spi_mean,ref_spi_mean,AE_spi_mean
0,0.0,30.0,17.17931937172775,17.49611197511664,0.31679260338889037,0.22534916696645466,0.4775198520321177,0.2521706850656631
1,30.0,60.0,19.796380090497735,19.172391755871548,0.623988334626187,0.30843719521287827,0.7635140064799435,0.45507681126706523
2,60.0,90.0,14.242759930368727,13.286093888396811,0.956666041971916,0.23286388940991076,0.6254563823179152,0.39259249290800446
3,90.0,120.0,19.14486279514997,23.984649824112566,4.839787028962597,0.3885569518760686,0.8251769713312889,0.4366200194552203
4,120.0,150.0,21.22641509433962,22.429906542056077,1.2034914477164556,0.28006772831095134,0.49288401104184726,0.21281628273089592
