signal_mean,signal_std,signal_rms,signal_energy,peak_method,n_breaths,resp_rate_mean,resp_rate_std,resp_rate_min,resp_rate_max,resp_rate_median,bbi_mean,bbi_std,bbi_cv,bbi_rmssd,peak_amp_mean,peak_amp_std,spi,spectral_rqi,dominant_freq_hz,ac_rqi,dominant_period_sec,segment,start_sec,end_sec
-0.0033910577877554124,0.027497650684522562,0.027705957231034643,5.757150495659405,ampd,6,14.663842933783048,5.054654647889577,10.302197802197803,24.232633279483036,12.842465753424658,4.490399999999999,1.1897283051184417,0.26494929296241804,2.1589654930081674,0.017796304010754337,0.007501712580637743,0.7694340127957906,0.45293829619919984,0.13455001497106425,0.12704898324348907,8.044,0,0.0,30.0
0.0014705046220581707,0.1192065682756397,0.11921563783287092,106.59276227923684,ampd,8,18.730423944722464,7.5214554529968005,11.503067484662576,34.96503496503497,18.181818181818183,3.6479999999999997,1.1801675425851317,0.32351083952443305,1.7338104471558207,0.11813229899296718,0.21055953173481431,0.9541209878671393,0.22805055898102347,0.4040346044823808,0.06329866265698826,5.244,1,30.0,60.0
0.002524285567931071,0.11231125679064884,0.11233962088027326,94.65142814642647,ampd,6,14.406710211942912,3.856819504050637,10.932944606413994,21.520803443328553,12.489592006661114,4.42,0.9687633353920866,0.21917722520182956,1.683068626051832,0.14756876833497445,0.15622418169597546,0.9613425851972823,0.4211418134648389,0.20491443446197496,0.4673095095210711,9.564,2,60.0,90.0
-9.692572639367665e-05,0.020279186287262874,0.02027941791743411,3.084410933024607,ampd,10,23.042462808967322,7.8338511494152625,12.573344509639563,37.59398496240601,23.1839258114374,2.939111111111112,1.043828470843371,0.35515107506390203,1.2355419863363608,0.019220541705246598,0.016182908493805784,0.9394132539432959,0.32713922082634833,0.13443123666433685,0.13872380101468115,6.608,3,90.0,120.0
