segment,start_sec,end_sec,dev_peak_method,ref_peak_method,dev_signal_mean,ref_signal_mean,diff_signal_mean,dev_resp_rate_mean,ref_resp_rate_mean,diff_resp_rate_mean,dev_spectral_rqi,ref_spectral_rqi,diff_spectral_rqi
0,0.0,30.0,ampd,ampd,3.055296782159516e-05,-0.003674489882699754,0.003705042850521349,16.18505632356197,16.172998879989105,0.012057443572864202,0.8319584988882835,0.8442185924722181,-0.01226009358393454
1,30.0,60.0,ampd,ampd,3.6506891654761066e-05,0.03490310438442642,-0.034866597492771656,13.710688856745515,13.874614273518787,-0.16392541677327266,0.8637394883658487,0.8586737335097105,0.005065754856138138
2,60.0,90.0,ampd,ampd,-5.63231069708287e-05,-0.04788153719652017,0.04782521408954934,17.95997488114698,15.021096516380737,2.938878364766243,0.4297783132938989,0.4752883129780497,-0.045509999684150815
3,90.0,120.0,ampd,ampd,2.5985118016077724e-05,0.029342659148878056,-0.029316674030861977,15.075587561954727,15.006319274264188,0.06926828769053905,0.7545796918689798,0.7865766571445905,-0.03199696527561069
