signal_mean,signal_std,signal_rms,signal_energy,peak_method,n_breaths,resp_rate_mean,resp_rate_std,resp_rate_min,resp_rate_max,resp_rate_median,bbi_mean,bbi_std,bbi_cv,bbi_rmssd,peak_amp_mean,peak_amp_std,spi,spectral_rqi,dominant_freq_hz,ac_rqi,dominant_period_sec,segment,start_sec,end_sec
0.0005977096475693855,0.004150449023683188,0.004193266497730647,0.13187612940742682,ampd,8,17.722570512676896,2.9192536842489485,12.126111560226352,22.354694485842025,17.50291715285881,3.4920000000000004,0.6622973005272742,0.18966131172029613,0.7088845698231365,0.0032512012474359684,0.005175772483187445,0.7726221381433057,0.43524264416264774,0.1,0.3767576873607216,1.248,0,0.0,30.0
-5.477269768494952e-05,0.0007683874791945127,0.0007703371772117613,0.004450645249459384,ampd,8,20.06509244797352,2.2856805710923935,16.741071428571427,23.474178403755868,19.63350785340314,3.0297142857142854,0.34787752947007666,0.1148218929786183,0.538541239522719,0.0010332352222543154,0.000365599439640836,0.8683646740126141,0.4123259049201375,0.31158400899168737,0.1668064415046385,6.108,1,30.0,60.0
3.1095368399452963e-06,0.0010337609278605073,0.0010337656045692253,0.00801503493892782,ampd,7,16.925754250698947,6.592323538323975,7.788161993769471,26.978417266187048,15.611292141872415,4.212666666666666,1.8371215407684802,0.43609468446790955,2.7258648535831704,0.0015674083557257275,0.0005812751222342755,0.9169533385487663,0.35191615321785813,0.1,0.2770785391470806,9.996,2,60.0,90.0
-9.636896836016196e-06,0.0005054526870984151,0.0005055445466777745,0.0019168146650672736,ampd,9,19.777213051804537,3.3093587795712898,13.020833333333334,23.1839258114374,20.125199499633354,3.138,0.6341829389064324,0.20209781354570822,0.898688568335629,0.0007616262745632206,0.0003317718560657413,0.9574182192268957,0.6571629498684618,0.3310183692471474,0.5549829894231031,2.936,3,90.0,120.0
0.00011953374713768925,0.0006948116953690278,0.0007050188711845659,0.0037278870654476968,ampd,10,21.556331328166205,2.479224297102424,16.797312430011196,24.4299674267101,22.62443438914027,2.8244444444444445,0.3586168215398687,0.12696897694173162,0.46650187566611123,0.0009762795219057411,0.0004580530932398367,0.7934452386868797,0.379597996156156,0.31357873230695577,0.3527921332754316,2.796,4,120.0,150.0
