feature,device,reference,abs_diff,pct_diff,direction
resp_rate_min,10.423905489923557,10.03344481605351,0.3904606738700469,3.891591382904801,higher
range,1.6825216840012356,1.7093082341015795,0.02678655010034392,1.5670988746171375,lower
n_peaks_ampd,30.0,30.0,0.0,0.0,equal
