feature,device,reference,abs_diff,pct_diff,direction
mean,-0.001899830974505522,-0.0018266845572938336,7.314641721168844e-05,4.004326686817355,lower
