signal_mean,signal_std,signal_rms,signal_energy,peak_method,n_breaths,resp_rate_mean,resp_rate_std,resp_rate_min,resp_rate_max,resp_rate_median,bbi_mean,bbi_std,bbi_cv,bbi_rmssd,peak_amp_mean,peak_amp_std,spi,spectral_rqi,dominant_freq_hz,ac_rqi,dominant_period_sec,segment,start_sec,end_sec
0.03620608123232536,0.2514121950568894,0.25400585060491254,483.8922910614386,ampd,8,17.722570512676896,2.9192536842489485,12.126111560226352,22.354694485842025,17.50291715285881,3.4920000000000004,0.6622973005272742,0.18966131172029613,0.7088845698231365,0.19694053282557966,0.313520853692704,0.7726221381433054,0.43524264416264785,0.1,0.37675768736072157,1.248,0,0.0,30.0
-0.0033178396061687657,0.046544839292373484,0.04666294166043474,16.330725933038522,ampd,8,20.06509244797352,2.2856805710923935,16.741071428571427,23.474178403755868,19.63350785340314,3.0297142857142854,0.34787752947007666,0.1148218929786183,0.538541239522719,0.0625879112729175,0.022146075546809914,0.8683646740126144,0.41232590492013743,0.31158400899168737,0.16680644150463855,6.108,1,30.0,60.0
0.00018835925416261527,0.06261975573110799,0.06262003902132496,29.409519652741956,ampd,7,16.925754250698947,6.592323538323975,7.788161993769471,26.978417266187048,15.611292141872415,4.212666666666666,1.8371215407684802,0.43609468446790955,2.7258648535831704,0.09494528736888656,0.035210564827801154,0.9169533385487659,0.3519161532178582,0.1,0.27707853914708075,9.996,2,60.0,90.0
-0.0005837521129050161,0.030617643738229828,0.030623208104483195,7.033356559578639,ampd,9,19.777213051804537,3.3093587795712898,13.020833333333334,23.1839258114374,20.125199499633354,3.138,0.6341829389064324,0.20209781354570822,0.898688568335629,0.04613528136553657,0.02009697989678366,0.9574182192268959,0.6571629498684619,0.3310183692471474,0.5549829894231029,2.936,3,90.0,120.0
0.0072407206015007745,0.04208800842683474,0.04270630501654656,13.678713661247325,ampd,10,21.556331328166205,2.479224297102424,16.797312430011196,24.4299674267101,22.62443438914027,2.8244444444444445,0.3586168215398687,0.12696897694173162,0.46650187566611123,0.05913783694025403,0.027746427667681622,0.7934452386868799,0.3795979961561558,0.31357873230695577,0.3527921332754316,2.796,4,120.0,150.0
