signal_mean,signal_std,signal_rms,signal_energy,peak_method,n_breaths,resp_rate_mean,resp_rate_std,resp_rate_min,resp_rate_max,resp_rate_median,bbi_mean,bbi_std,bbi_cv,bbi_rmssd,peak_amp_mean,peak_amp_std,spi,spectral_rqi,dominant_freq_hz,ac_rqi,dominant_period_sec,segment,start_sec,end_sec
-5.2355497037374315e-05,0.0013027358317911344,0.0013037874617830045,0.01274896309126927,ampd,6,13.605967572036098,1.2380830490953079,12.711864406779661,16.059957173447536,13.077593722755013,4.4424,0.3581159588736586,0.08061317280606398,0.6043806747406802,0.0020842205293551443,0.0001819602147281169,0.9658162220818377,0.8816332102973455,0.23264830464858502,0.8036727130078761,4.484,0,0.0,30.0
1.6762044894790244e-05,0.0011913115214927622,0.0011914294386955759,0.010646280805428412,ampd,6,13.742500025975417,1.627843492372377,12.175324675324676,16.025641025641026,12.95336787564767,4.4256,0.5035845907094457,0.11378899826225726,0.8948005364325615,0.0019739681650182512,0.0003257039542937802,0.9557921998024633,0.9001363759045999,0.2328144186451857,0.6994923984136185,4.48,1,30.0,60.0
1.2830190387686372e-05,0.0012610698540501861,0.0012611351198739736,0.011928463429346566,ampd,7,15.013262451934018,1.1171768607452879,13.477088948787062,16.181229773462782,15.3538609674921,4.019333333333333,0.3075183824677081,0.07650979825867675,0.5724725320921521,0.001933159514287756,0.00023282215202437897,0.9536292045263555,0.765437986982114,0.23992015960047833,0.775351117802376,3.912,2,60.0,90.0
1.3253351249874879e-05,0.0012242636449237992,0.001224335380360079,0.011242478427010944,ampd,6,14.791679331587648,1.5293728408899914,13.23918799646955,16.949152542372882,13.786764705882351,4.0984,0.4071253369663942,0.09933762857856583,0.6043872930497464,0.0020370514388101933,0.000531843853265156,0.9591269190650606,0.8722623482068136,0.2397492356457723,0.7090047805848876,4.056,3,90.0,120.0
