segment,start_sec,end_sec,dev_resp_rate_mean,ref_resp_rate_mean,AE_resp_rate_mean,dev_spi,ref_spi,AE_spi
0,0.0,30.0,17.722570512676896,5.66465256797583,12.057917944701066,0.2126263456412553,0.6567098755592754,0.44408352991802014
1,30.0,60.0,19.26150134652228,7.16982057064418,12.0916807758781,0.29534494271158224,0.4573459915568926,0.16200104884531036
2,60.0,90.0,16.925754250698947,11.284438347596415,5.641315903102532,0.22493881119503914,0.4963199231449424,0.2713811119499032
3,90.0,120.0,19.777213051804537,10.997102484482268,8.78011056732227,0.3751855212767262,0.46351598880985045,0.08833046753312424
4,120.0,150.0,21.553070936931828,9.92439587741586,11.628675059515968,0.26219528266892944,0.4823351648623875,0.22013988219345804
