resp_rate_mean,resp_rate_std,resp_rate_min,resp_rate_max,resp_rate_median,bbi_mean,bbi_std,bbi_cv,bbi_rmssd,peak_amp_mean,peak_amp_std,n_breaths,signal_mean,signal_std,signal_rms,segment,start_sec,end_sec
13.966480446927374,0.0,13.966480446927374,13.966480446927374,13.966480446927374,4.296,0.0,0.0,0.0,0.621585262308574,0.05596641699303728,2,-0.0501010130115416,0.4957335929015376,0.4982588751200024,2,20.0,30.0
13.043478260869566,0.0,13.043478260869566,13.043478260869566,13.043478260869566,4.6,0.0,0.0,0.0,0.6928743426194715,0.07349421645630727,2,-0.04119846603077031,0.5500069156838577,0.5515477503384079,3,30.0,40.0
