signal_mean,signal_std,signal_rms,signal_energy,peak_method,n_breaths,resp_rate_mean,resp_rate_std,resp_rate_min,resp_rate_max,resp_rate_median,bbi_mean,bbi_std,bbi_cv,bbi_rmssd,peak_amp_mean,peak_amp_std,spi,spectral_rqi,dominant_freq_hz,ac_rqi,dominant_period_sec,segment,start_sec,end_sec
-0.0007840012900701509,0.43364409022158273,0.43364479893355923,1410.3585873159525,ampd,7,16.172998879989105,2.3770081189381247,12.234910277324634,19.788918205804748,16.18961424918413,3.796,0.5936508513708485,0.15638852775839002,1.1372345404532875,0.66874251043384,0.14372725780509255,0.9966687753503034,0.8442185924722181,0.2670542788832644,0.6734537898236708,3.652,0,0.0,30.0
0.00744704155906897,0.4201824621789419,0.4202484502657214,1324.5656996305536,ampd,6,13.874614273518787,0.48406018944205725,13.286093888396811,14.720314033366046,13.774104683195592,4.3296,0.1478507355409504,0.034148821032185514,0.251021911394205,0.7096049763235818,0.06651703644870943,0.9965456061683438,0.8586737335097108,0.23355648937362358,0.7835257406317802,4.368,1,30.0,60.0
-0.010216162822860387,0.41957086782248615,0.4196952264538368,1321.08062331103,ampd,7,15.021096516380737,2.7246493051249043,10.917030567685588,18.51851851851852,14.955384085469431,4.136666666666667,0.7924221658238044,0.19156055579946923,1.1109966696619753,0.6576740498307178,0.05412361178016471,0.9953745797927803,0.47528831297804974,0.20638585291668757,0.3434419309191305,3.74,2,60.0,90.0
0.006260646609783819,0.4073860759129947,0.4074341794005025,1245.0195790782068,ampd,7,15.006319274264188,1.314807706705792,13.876040703052729,17.793594306049823,14.756692410429128,4.026000000000001,0.3167564784920218,0.07867771447889264,0.45596140187520257,0.68475170295365,0.06478318263050158,0.9866526104972955,0.7865766571445905,0.23792826950470938,0.7789031165429204,4.028,3,90.0,120.0
