feature,device,reference,abs_diff,pct_diff,direction
envelope_max,1.0146700287415475,1.0650892558748317,0.05041922713328417,4.733802998685905,lower
resp_rate_median,27.675276752767527,26.595744680851066,1.0795320719164607,4.059040590405892,higher
iqr,0.6938291000754797,0.6763667859407672,0.017462314134712553,2.581781734066672,higher
peak_amp_mean,0.3328332577898229,0.3324102190769332,0.00042303871288973394,0.1272640516481311,higher
n_peaks_ampd,22.0,22.0,0.0,0.0,equal
zcr,0.0020562316407889214,0.0020562316407889214,0.0,0.0,equal
