signal_mean,signal_std,signal_rms,signal_energy,peak_method,n_breaths,resp_rate_mean,resp_rate_std,resp_rate_min,resp_rate_max,resp_rate_median,bbi_mean,bbi_std,bbi_cv,bbi_rmssd,peak_amp_mean,peak_amp_std,spi,spectral_rqi,dominant_freq_hz,ac_rqi,dominant_period_sec,segment,start_sec,end_sec
0.012072132735181072,1.1340783119768476,1.1341425633865576,9647.095155637739,ampd,11,24.356090092265056,3.819965744530308,15.25940996948118,29.469548133595286,24.837158086765022,2.5420000000000007,0.5127283881354727,0.2017027490698161,0.719333024405247,1.5889792125012265,0.5958456658167799,0.9872065451623172,0.44699224052908265,0.4175559535802405,0.4558989242892983,2.544,0,0.0,30.0
-0.014266995924794943,1.157314239769023,1.157402175885664,10046.848475586523,ampd,11,24.71778526765211,2.8055155183669958,21.186440677966104,30.800821355236142,24.156155346251193,2.4568000000000003,0.26088342224066285,0.10618830276809786,0.401840211471619,1.5480631209730498,0.6129320792461554,0.988654331098775,0.6779681686393078,0.3988842944687929,0.5758077566594351,2.508,1,30.0,60.0
0.02842307341679541,1.2392778189268026,1.2396037203826185,11524.630376898216,ampd,10,23.84893544475323,1.9392643645266565,20.51983584131327,26.132404181184672,24.711696869851732,2.533333333333333,0.2156045763274364,0.08510706960293543,0.35261593838055594,1.3833995887607535,0.7323145675684642,0.974943487582877,0.8487115041875554,0.3966335967603514,0.7168052651103796,2.576,2,60.0,90.0
-0.022548717584720702,1.6012270856925108,1.6013858450167613,19233.27468465035,ampd,9,22.583523978707575,3.153128687289081,15.075376884422111,25.817555938037867,23.578620076991413,2.7255000000000003,0.4972964407674762,0.18246062768940605,0.6354858658650763,1.92446772336257,0.5012718341532506,0.9680046415137659,0.42881035203331724,0.3976394171484477,0.4805383398244875,5.18,3,90.0,120.0
