resp_rate_mean,resp_rate_std,resp_rate_min,resp_rate_max,resp_rate_median,bbi_mean,bbi_std,bbi_cv,bbi_rmssd,peak_amp_mean,peak_amp_std,n_breaths,signal_mean,signal_std,signal_rms,segment,start_sec,end_sec
15.44799176107106,0.0,15.44799176107106,15.44799176107106,15.44799176107106,3.884,0.0,0.0,0.0,0.6863850287952582,0.009996995837156852,2,-0.039018108125590104,0.3881950333122076,0.39015099211711124,1,10.0,20.0
28.78688057525026,1.1857706576888005,26.7379679144385,29.585798816568047,29.41187778499725,2.088,0.0902441133814279,0.0432203608148601,0.16666133324799742,0.25070184312375865,0.46215946063161656,5,0.07074831102670892,0.37025786090999463,0.3769565055530636,2,20.0,30.0
13.586956521739129,0.0,13.586956521739129,13.586956521739129,13.586956521739129,4.416,0.0,0.0,0.0,0.619429488756464,0.12891077690507008,2,-0.03658938148641487,0.35228696128012976,0.35418199548473106,3,30.0,40.0
13.953488372093023,0.0,13.953488372093023,13.953488372093023,13.953488372093023,4.3,0.0,0.0,0.0,0.6653822043785262,0.03197133047620526,2,0.004114240154996054,0.4169683528358179,0.41698865001180563,4,40.0,50.0
