segment,start_sec,end_sec,dev_resp_rate_mean,ref_resp_rate_mean,AE_resp_rate_mean,dev_spi_mean,ref_spi_mean,AE_spi_mean
0,0.0,30.0,13.373751783166902,23.603461841070022,10.22971005790312,0.301313964798411,0.727219782438102,0.42590581763969104
1,30.0,60.0,16.449945166849446,24.425989252564733,7.976044085715287,0.408247124338963,0.7074676896739178,0.29922056533495484
2,60.0,90.0,13.572204125950051,23.692523692523693,10.120319566573642,0.31656320268393556,0.722230330244312,0.4056671275603765
3,90.0,120.0,20.405078597339784,22.010271460014675,1.6051928626748904,0.40225436165908945,0.6778091183822045,0.275554756723115
