peak_method,resp_rate_mean,resp_rate_std,resp_rate_min,resp_rate_max,resp_rate_median,bbi_mean,bbi_std,bbi_cv,bbi_rmssd,peak_amp_mean,peak_amp_std,n_breaths,signal_mean,signal_std,signal_rms,segment,start_sec,end_sec
simple_threshold,15.97573991563183,1.0503667813034703,14.92537313432836,17.0261066969353,15.97573991563183,3.772,0.24799999999999978,0.06574761399787905,0.49599999999999955,0.8415518164414073,0.05290969490005828,3,0.05429239768799338,0.47363145087426395,0.4767330654611357,0,0.0,10.0
ampd,15.384615384615385,0.0,15.384615384615385,15.384615384615385,15.384615384615385,3.9,0.0,0.0,0.0,0.7981854445093397,0.018852473188673835,2,-0.06666654896230963,0.4601810910517541,0.46498501622324,1,10.0,20.0
ampd,28.771852724512513,1.3189415017012602,26.5017667844523,29.702970297029704,29.441336908284022,2.09,0.1009752444909146,0.04831351411048546,0.1884958001300469,0.3010037049505546,0.5573435343634292,5,0.07989533138032595,0.4468628912506243,0.45394901426618317,2,20.0,30.0
ampd,13.586956521739129,0.0,13.586956521739129,13.586956521739129,13.586956521739129,4.416,0.0,0.0,0.0,0.7620062903413851,0.12126147161716211,2,-0.02680183617346271,0.41850627941695134,0.4193636182761787,3,30.0,40.0
ampd,13.966480446927374,0.0,13.966480446927374,13.966480446927374,13.966480446927374,4.296,0.0,0.0,0.0,0.7719175735714778,0.083354744410928,2,-0.017853622152489344,0.4978660136535859,0.498186028884067,4,40.0,50.0
