feature,device,reference,abs_diff,pct_diff,direction
resp_rate_median,27.624309392265193,26.881720430107524,0.7425889621576687,2.762430939226528,higher
peak_amp_min,-0.43004792455237656,-0.41874128925598453,0.011306635296392031,2.700148178958314,lower
tidal_excursion_cv,0.7609175747522543,0.7445751703318002,0.016342404420454093,2.1948629328012017,higher
iqr,0.7103700171377367,0.713797064515902,0.0034270473781652377,0.4801150843187434,lower
median,-0.10541835765792858,-0.10585766824946657,0.00043931059153799745,0.4150011981207712,higher
n_peaks_ampd,11.0,11.0,0.0,0.0,equal
zcr,0.002025395341590714,0.002025395341590714,0.0,0.0,equal
