resp_rate_mean,resp_rate_std,resp_rate_min,resp_rate_max,resp_rate_median,bbi_mean,bbi_std,bbi_cv,bbi_rmssd,peak_amp_mean,peak_amp_std,n_breaths,signal_mean,signal_std,signal_rms,segment,start_sec,end_sec
46.1402574892047,13.159933740495667,28.957528957528957,60.72874493927126,52.631578947368425,1.4296,0.4556953368205561,0.31875723056838,0.5564207041439059,0.2695364605770142,0.372851356220194,8,0.08993321405819113,0.35480428438765166,0.36602467568549263,1,10.0,20.0
16.07717041800643,0.0,16.07717041800643,16.07717041800643,16.07717041800643,3.732,0.0,0.0,0.0,0.6096147250028994,0.21123253821932417,2,-0.11236969923652328,0.45632086985284265,0.46995285462454806,3,30.0,40.0
