peak_method,mean_hr,std_hr,min_hr,max_hr,median_hr,mean_rr,std_rr,sdnn,median_rr,rmssd,pnn50,pnn20,r_amp_mean,r_amp_std,n_r_peaks,signal_mean,signal_std,signal_rms,segment,start_sec,end_sec
pan_tompkins,55.96399618131903,1.7267955698544664,53.003533568904594,58.8235294117647,55.97014925373134,1073.142857142857,33.24123330799768,33.24123330799768,1072.0,52.28129047119374,50.0,83.33333333333333,0.9315020548227241,0.06160290398975798,8,0.00036906692336273066,0.13842197781731772,0.13842246982788564,0,0.0,10.0
pan_tompkins,55.045676887373006,0.8875001825893943,54.151624548736464,56.390977443609025,54.54545454545455,1090.2857142857142,17.482352618032404,17.482352618032404,1100.0,25.508168626278653,0.0,50.0,0.9246892283193205,0.059956595590453535,8,-1.651218482522667e-05,0.13741392965254712,0.13741393064463087,1,10.0,20.0
pan_tompkins,54.390564196957264,0.8975128104517057,53.380782918149464,56.17977528089887,54.151624548736464,1103.4285714285713,17.943221106408664,17.943221106408664,1108.0,26.076809620810597,0.0,50.0,0.9331187591148408,0.05057974653871943,8,1.565190783517405e-05,0.139820832255058,0.13982083313111562,2,20.0,30.0
pan_tompkins,53.929106285579685,1.2369161229835657,52.44755244755245,56.60377358490566,53.763440860215056,1113.142857142857,24.907993963089563,24.907993963089563,1116.0,34.717910843444095,16.666666666666668,66.66666666666667,0.9201871761787559,0.05801811304968353,8,-9.93671726410974e-06,0.13734116177520259,0.13734116213466635,3,30.0,40.0
pan_tompkins,55.30180594784942,1.4560292982162422,52.63157894736842,57.47126436781609,55.35055350553505,1085.7142857142858,28.83308756924083,28.83308756924083,1084.0,39.12373533632323,0.0,83.33333333333333,0.9229337085324852,0.06179427109310779,8,0.00020245246001163877,0.13649455242127023,0.13649470256270552,4,40.0,50.0
pan_tompkins,56.357618072088144,1.2363190907163977,54.34782608695652,58.36575875486381,56.390977443609025,1065.142857142857,23.393702274809964,23.393702274809964,1064.0,38.4360941477322,33.333333333333336,83.33333333333333,0.9079822967358294,0.057547138915006575,8,0.00017674214895445272,0.142585401955072,0.14258551149565185,5,50.0,60.0
