peak_method,mean_hr,std_hr,min_hr,max_hr,median_hr,mean_rr,std_rr,sdnn,median_rr,rmssd,pnn50,pnn20,r_amp_mean,r_amp_std,n_r_peaks,signal_mean,signal_std,signal_rms,segment,start_sec,end_sec
pan_tompkins,55.96240829429143,1.7037919835265651,53.191489361702125,58.8235294117647,55.97014925373134,1073.142857142857,32.68651347674306,32.68651347674306,1072.0,51.56226010045202,50.0,83.33333333333333,0.9196032992208626,0.05620543993521173,8,0.0005461384551356186,0.15782474649950398,0.15782569142837571,0,0.0,10.0
pan_tompkins,55.015969294643135,0.8601161063420745,54.151624548736464,56.390977443609025,54.34782608695652,1090.857142857143,16.93203701717606,16.93203701717606,1104.0,25.612496949731394,0.0,50.0,0.9029050612337131,0.05512896500242964,8,1.2160555923868443e-06,0.15445340892630738,0.15445340893109458,1,10.0,20.0
pan_tompkins,54.36264635387023,0.9019406936064527,53.191489361702125,55.97014925373134,54.151624548736464,1104.0,18.142294704442907,18.142294704442907,1108.0,25.45584412271571,0.0,50.0,0.9215486201325782,0.0600111506841919,8,-1.7669238206956095e-06,0.157512427395621,0.15751242740553137,2,20.0,30.0
pan_tompkins,53.95693343077431,1.2394155038782886,52.44755244755245,56.60377358490566,53.763440860215056,1112.5714285714287,24.97345529532818,24.97345529532818,1116.0,34.01960219246153,0.0,66.66666666666667,0.89220614579899,0.05702773059364949,8,3.0949970920169714e-05,0.15415420693150114,0.15415421003845717,3,30.0,40.0
pan_tompkins,55.273158891048034,1.4647132732812864,52.63157894736842,57.47126436781609,55.35055350553505,1086.2857142857142,28.99120204335045,28.99120204335045,1084.0,39.191835884530846,16.666666666666668,83.33333333333333,0.9102188184887344,0.05963667776365808,8,0.00030941230024322846,0.15427385921525555,0.15427416949424824,4,40.0,50.0
pan_tompkins,56.38734199628025,1.2240843978858296,54.34782608695652,58.36575875486381,56.390977443609025,1064.5714285714287,23.169297065958048,23.169297065958048,1064.0,38.157568056677825,33.333333333333336,83.33333333333333,0.9076890600288177,0.060393900504007746,8,0.00041038691891819257,0.16015566254654046,0.16015618833858578,5,50.0,60.0
