peak_method,mean_hr,std_hr,min_hr,max_hr,median_hr,mean_rr,std_rr,sdnn,median_rr,rmssd,pnn50,pnn20,r_amp_mean,r_amp_std,n_r_peaks,signal_mean,signal_std,signal_rms,segment,start_sec,end_sec
pan_tompkins,55.938917642338474,1.8052441798137528,53.003533568904594,59.05511811023622,55.762081784386616,1073.7142857142858,34.59857257878995,34.59857257878995,1076.0,55.23284047255461,50.0,83.33333333333333,0.9626320897012688,0.01337290193695419,8,0.0001374811876734087,0.12202582128298158,0.12202589872999552,0,0.0,10.0
pan_tompkins,55.01617314039713,0.8663752899190869,54.151624548736464,56.390977443609025,54.54545454545455,1090.857142857143,17.06649659779209,17.06649659779209,1100.0,25.664502073226878,0.0,50.0,0.9644173246790566,0.009077534734174551,8,2.822590255715529e-06,0.12155451144490385,0.12155451147767524,1,10.0,20.0
pan_tompkins,54.39180772062059,0.9349574863532105,53.380782918149464,56.17977528089887,53.9568345323741,1103.4285714285713,18.691916838624145,18.691916838624145,1112.0,27.519689920733725,0.0,50.0,0.9669251901265121,0.011490140421537547,8,1.2174681712965096e-05,0.12164173083042816,0.12164173143968812,2,20.0,30.0
pan_tompkins,53.93123262462468,1.2811347383955856,52.26480836236934,56.60377358490566,53.763440860215056,1113.142857142857,25.897758156856366,25.897758156856366,1116.0,36.14784456460256,16.666666666666668,66.66666666666667,0.9643436583748439,0.006324925707662001,8,1.0990735546655505e-05,0.1215454012528538,0.12154540174977212,3,30.0,40.0
pan_tompkins,55.298289787880414,1.3900528081713088,52.816901408450704,57.47126436781609,55.35055350553505,1085.7142857142858,27.452370627347,27.452370627347,1084.0,36.22154055254967,16.666666666666668,66.66666666666667,0.9765786950023913,0.010448365913948961,8,0.0001466320453029135,0.12289648704633915,0.12289657452218805,4,40.0,50.0
pan_tompkins,56.41935408811188,1.2633655440044,54.34782608695652,58.36575875486381,56.60377358490566,1064.0,23.904572186687872,23.904572186687872,1060.0,39.66526608171604,33.333333333333336,83.33333333333333,0.9720937076509677,0.018677394743493683,8,0.00011252166017400937,0.1293314673889171,0.1293315163372584,5,50.0,60.0
