peak_method,mean_hr,std_hr,min_hr,max_hr,median_hr,mean_rr,std_rr,sdnn,median_rr,rmssd,pnn50,pnn20,r_amp_mean,r_amp_std,n_r_peaks,signal_mean,signal_std,signal_rms,segment,start_sec,end_sec
pan_tompkins,55.93467020350566,1.7410934886644776,53.191489361702125,59.05511811023622,55.762081784386616,1073.7142857142858,33.25105491651693,33.25105491651693,1076.0,53.466500415369126,50.0,83.33333333333333,0.9531180593407556,0.01915411435372481,8,0.00014653218197709268,0.12238623764520365,0.12238632536614791,0,0.0,10.0
pan_tompkins,55.042916721949425,0.7970486347228645,54.151624548736464,56.390977443609025,54.74452554744526,1090.2857142857142,15.690891677423979,15.690891677423979,1096.0,22.627416997969522,0.0,33.333333333333336,0.9617177644294066,0.015534859371236408,8,-1.1745506450474618e-05,0.12242364604489268,0.12242364660833335,1,10.0,20.0
pan_tompkins,54.38968829050557,0.8686448678607089,53.380782918149464,55.97014925373134,54.151624548736464,1103.4285714285713,17.426229350830752,17.426229350830752,1108.0,24.979991993593593,0.0,50.0,0.9615992254319439,0.008423524571718957,8,1.088159725754263e-05,0.12248641474675977,0.12248641523011605,2,20.0,30.0
pan_tompkins,53.933629735307264,1.3350968562574907,52.26480836236934,56.81818181818182,53.763440860215056,1113.142857142857,26.851063141647384,26.851063141647384,1116.0,37.87699389691144,16.666666666666668,66.66666666666667,0.9610563025781502,0.014665357464842729,8,6.367915307982885e-06,0.12238459769532099,0.12238459786098868,3,30.0,40.0
pan_tompkins,55.326728502450514,1.3763284634374222,52.816901408450704,57.47126436781609,55.35055350553505,1085.142857142857,27.1894337219893,27.1894337219893,1084.0,35.92584956081995,16.666666666666668,66.66666666666667,0.9685186574119475,0.012316084060704717,8,0.00013460451462540325,0.12345983103271897,0.12345990441030998,4,40.0,50.0
pan_tompkins,56.38734199628025,1.2240843978858296,54.34782608695652,58.36575875486381,56.390977443609025,1064.5714285714287,23.169297065958048,23.169297065958048,1064.0,38.157568056677825,33.333333333333336,83.33333333333333,0.9697319920585705,0.012256710710469968,8,0.00011211398107345925,0.12989198665644047,0.12989203504103575,5,50.0,60.0
