segment,start_sec,end_sec,dev_rr_impedance_pneumography,ref_rr_impedance_pneumography,AE_rr_impedance_pneumography,dev_rr_gyry_ribs_imu,ref_rr_gyry_ribs_imu,AE_rr_gyry_ribs_imu,dev_rr_mean_fused,ref_rr_mean_fused,AE_rr_mean_fused
0,0.0,30.0,17.17931937172775,17.49611197511664,0.31679260338889037,19.052803483941208,17.49611197511664,1.5566915088245672,18.11606142783448,17.49611197511664,0.6199494527178402
1,30.0,60.0,19.796380090497735,19.172391755871548,0.623988334626187,18.954351603222243,19.172391755871548,0.21804015264930499,19.37536584685999,19.172391755871548,0.202974090988441
2,60.0,90.0,14.242759930368727,13.286093888396811,0.956666041971916,14.215763702416679,13.286093888396811,0.9296698140198671,14.229261816392704,13.286093888396811,0.9431679279958924
3,90.0,120.0,19.14486279514997,23.984649824112566,4.839787028962597,21.25314861460957,23.984649824112566,2.7315012095029942,20.19900570487977,23.984649824112566,3.7856441192327956
4,120.0,150.0,21.22641509433962,22.429906542056077,1.2034914477164556,21.156558533145272,22.429906542056077,1.273348008910805,21.191486813742447,22.429906542056077,1.2384197283136302
