segment,start_sec,end_sec,dev_rr_impedance_pneumography,ref_rr_impedance_pneumography,AE_rr_impedance_pneumography,dev_rr_gyry_ribs_imu,ref_rr_gyry_ribs_imu,AE_rr_gyry_ribs_imu,dev_rr_mean_fused,ref_rr_mean_fused,AE_rr_mean_fused
0,0.0,30.0,11.69499454233588,11.786892975011787,0.09189843267590625,11.862396204033214,11.786892975011787,0.07550322902142703,11.778695373184547,11.786892975011787,0.008197601827239609
1,30.0,60.0,12.72264631043257,12.266928361138373,0.45571794929419696,13.016313779937523,12.266928361138373,0.7493854187991502,12.869480045185046,12.266928361138373,0.6025516840466736
2,60.0,90.0,18.73327386262266,17.778530308161194,0.9547435544614657,18.663348738002135,17.778530308161194,0.8848184298409407,18.698311300312398,17.778530308161194,0.9197809921512032
3,90.0,120.0,12.980269989615781,18.04123711340206,5.0609671237862806,15.606034333275533,18.04123711340206,2.435202780126529,14.293152161445658,18.04123711340206,3.748084951956404
