segment,start_sec,end_sec,dev_rr_impedance_pneumography,ref_rr_impedance_pneumography,AE_rr_impedance_pneumography,dev_rr_gyry_ribs_imu,ref_rr_gyry_ribs_imu,AE_rr_gyry_ribs_imu,dev_rr_mean_fused,ref_rr_mean_fused,AE_rr_mean_fused
0,0.0,30.0,13.373751783166902,23.603461841070022,10.22971005790312,29.373368146214098,23.603461841070022,5.769906305144076,21.3735599646905,23.603461841070022,2.2299018763795218
1,30.0,60.0,16.449945166849446,24.425989252564733,7.976044085715287,38.86010362694301,24.425989252564733,14.434114374378275,27.655024396896227,24.425989252564733,3.229035144331494
2,60.0,90.0,13.572204125950051,23.692523692523693,10.120319566573642,34.14264036418816,23.692523692523693,10.450116671664468,23.857422245069106,23.692523692523693,0.16489855254541297
3,90.0,120.0,20.405078597339784,22.010271460014675,1.6051928626748904,33.34156581872067,22.010271460014675,11.331294358705993,26.873322208030224,22.010271460014675,4.863050748015549
