segment,start_sec,end_sec,dev_resp_rate_mean,ref_resp_rate_mean,AE_resp_rate_mean,dev_spi,ref_spi,AE_spi
3,90.0,120.0,17.202088356063978,18.99607375916305,1.7939854030990716,0.5033202647088647,0.6537925398027791,0.15047227509391436
