segment,start_sec,end_sec,dev_resp_rate_mean,ref_resp_rate_mean,AE_resp_rate_mean,dev_spi_mean,ref_spi_mean,AE_spi_mean
0,0.0,30.0,24.429967426710103,21.42177086639162,3.008196560318485,0.45591920724854557,0.6383342214402841,0.1824150141917385
1,30.0,60.0,22.834525803014156,22.43270189431705,0.40182390869710716,0.47582149737883705,0.6684701194906538,0.19264862211181677
2,60.0,90.0,12.683916793505833,18.99335232668566,6.309435533179826,0.40547826324139846,0.585315700523606,0.17983743728220758
3,90.0,120.0,17.16527709661599,17.275419545903258,0.11014244928726669,0.4001575964017509,0.5579354164188969,0.15777782001714596
