segment,start_sec,end_sec,dev_resp_rate_mean,ref_resp_rate_mean,AE_resp_rate_mean,dev_spi,ref_spi,AE_spi
0,0.0,30.0,26.57194662821704,22.637619775342042,3.9343268528749995,0.44666147018674685,0.6305903942608593,0.18392892407411243
1,30.0,60.0,23.873619698128586,23.018053130561036,0.8555665675675499,0.4688282837975393,0.6614128057139266,0.19258452191638725
2,60.0,90.0,14.594664209818323,20.455119222850236,5.860455013031913,0.3949784337653172,0.580900213050825,0.18592177928550774
3,90.0,120.0,18.261602398718253,18.321459190739553,0.05985679202130001,0.3893420385833481,0.5514490819437423,0.16210704336039422
