{
    "ref_lead1": {
        "signal_name": "ref_lead1",
        "snr_db": 23.588379507307966,
        "snr_quality": "good",
        "n_r_peaks_raw": 70,
        "n_r_peaks_filtered": 70,
        "peak_rejection_rate": 0.0,
        "peak_consistency": "good",
        "rr_mean_ms": 942.7826086956521,
        "rr_std_ms": 63.059408282229,
        "rr_cv": 0.06688647807098631,
        "rr_regularity": "very_regular",
        "n_impossible_rr": 0,
        "impossible_rr_pct": 0.0,
        "skewness": 3.1508287770571286,
        "skewness_quality": "poor",
        "kurtosis": 17.73899934426556,
        "kurtosis_quality": "poor",
        "n_flatlines": 0,
        "flatline_pct": 0.0,
        "flatline_quality": "good",
        "peak_to_peak": 0.1173769984718305,
        "rms_amplitude": 0.011976503166697901,
        "amplitude_quality": "good",
        "qrs_band_ratio": 0.6445825561846823,
        "qrs_band_quality": "moderate",
        "baseline_wander_ratio": 2.9723577683458476e-05,
        "baseline_wander_quality": "good",
        "seg_quality_mean": 51.296566487647524,
        "seg_quality_std": 0.43991639910377767,
        "seg_quality_min": 50.0,
        "seg_quality_max": 51.86652343149329,
        "seg_n_good": 0,
        "seg_n_moderate": 14,
        "seg_n_poor": 0,
        "seg_total": 14,
        "seg_quality_scores": [
            51.070842846010436,
            51.22476182394723,
            51.47873143298153,
            50.974075055039364,
            51.16114540207206,
            51.38308181360424,
            51.689389352430645,
            51.86652343149329,
            51.475650679200754,
            51.44376648330963,
            51.123041808403066,
            51.522782359368804,
            51.73813833920426,
            50.0
        ],
        "overall_score": 79.5,
        "overall_quality": "good"
    },
    "ref_lead2": {
        "signal_name": "ref_lead2",
        "snr_db": 21.980400849051122,
        "snr_quality": "good",
        "n_r_peaks_raw": 70,
        "n_r_peaks_filtered": 70,
        "peak_rejection_rate": 0.0,
        "peak_consistency": "good",
        "rr_mean_ms": 942.7826086956521,
        "rr_std_ms": 63.28332187849589,
        "rr_cv": 0.06712398096317125,
        "rr_regularity": "very_regular",
        "n_impossible_rr": 0,
        "impossible_rr_pct": 0.0,
        "skewness": 1.3522563487805785,
        "skewness_quality": "moderate",
        "kurtosis": 17.561666431262346,
        "kurtosis_quality": "poor",
        "n_flatlines": 0,
        "flatline_pct": 0.0,
        "flatline_quality": "good",
        "peak_to_peak": 0.3735633811252732,
        "rms_amplitude": 0.0338065052529536,
        "amplitude_quality": "good",
        "qrs_band_ratio": 0.58548662612359,
        "qrs_band_quality": "moderate",
        "baseline_wander_ratio": 2.2041335616150256e-05,
        "baseline_wander_quality": "good",
        "seg_quality_mean": 64.85418011884975,
        "seg_quality_std": 0.4591930358969229,
        "seg_quality_min": 63.93078390615418,
        "seg_quality_max": 65.42120871802479,
        "seg_n_good": 0,
        "seg_n_moderate": 14,
        "seg_n_poor": 0,
        "seg_total": 14,
        "seg_quality_scores": [
            64.70839391441311,
            65.3386391002107,
            65.42120871802479,
            64.77993969670595,
            64.06801910435102,
            63.93078390615418,
            64.74366879525128,
            64.84676988749769,
            65.3469682880037,
            65.36117697703894,
            64.49564185640848,
            64.99427034665422,
            65.28935126420436,
            64.63368980897805
        ],
        "overall_score": 83.5,
        "overall_quality": "good"
    },
    "ref_lead3": {
        "signal_name": "ref_lead3",
        "snr_db": 16.480168837370982,
        "snr_quality": "good",
        "n_r_peaks_raw": 125,
        "n_r_peaks_filtered": 124,
        "peak_rejection_rate": 0.008000000000000007,
        "peak_consistency": "good",
        "rr_mean_ms": 934.439024390244,
        "rr_std_ms": 116.01921247831686,
        "rr_cv": 0.12415921151626098,
        "rr_regularity": "regular",
        "n_impossible_rr": 0,
        "impossible_rr_pct": 0.0,
        "skewness": 1.1306365946588046,
        "skewness_quality": "moderate",
        "kurtosis": 1071.7364479585956,
        "kurtosis_quality": "poor",
        "n_flatlines": 0,
        "flatline_pct": 0.0,
        "flatline_quality": "good",
        "peak_to_peak": 0.04603174125956275,
        "rms_amplitude": 0.0004897968391042483,
        "amplitude_quality": "poor",
        "qrs_band_ratio": 0.6566133680221865,
        "qrs_band_quality": "moderate",
        "baseline_wander_ratio": 1.6482460830342385e-06,
        "baseline_wander_quality": "good",
        "seg_quality_mean": 55.93833823877952,
        "seg_quality_std": 4.708304498937374,
        "seg_quality_min": 35.21188291573934,
        "seg_quality_max": 62.6596585495884,
        "seg_n_good": 0,
        "seg_n_moderate": 23,
        "seg_n_poor": 1,
        "seg_total": 24,
        "seg_quality_scores": [
            56.24111778461699,
            57.030736580227725,
            56.86549767622085,
            56.109514271249,
            56.44081691733342,
            56.621790371611254,
            57.38152469301954,
            57.04109841223722,
            57.048609093136506,
            57.13065467304827,
            56.282762900049136,
            56.9522291431821,
            56.97048184940979,
            57.08970429301765,
            57.148967453047696,
            57.06098231075315,
            56.401280376744495,
            57.076725689988656,
            57.08836704830255,
            57.03555026860431,
            57.63016445958045,
            35.21188291573934,
            62.6596585495884,
            50.0
        ],
        "overall_score": 76.75,
        "overall_quality": "good"
    },
    "ref_respiration": {
        "signal_name": "ref_respiration",
        "snr_db": 22.247661386241866,
        "snr_quality": "good",
        "n_peaks_ampd": 13,
        "n_peaks_msptd": 14,
        "peak_method_agreement": 0.9285714285714286,
        "peak_agreement_quality": "good",
        "bbi_cv": 0.04725163570980318,
        "resp_rate_mean": 13.603069410533656,
        "bbi_regularity": "regular",
        "n_impossible_breaths": 0,
        "impossible_breath_pct": 0.0,
        "breathing_band_ratio": 0.8355732599799172,
        "breathing_band_quality": "good",
        "skewness": -0.3027616313689888,
        "skewness_quality": "good",
        "kurtosis": -1.275131550965449,
        "kurtosis_quality": "good",
        "n_flatlines": 0,
        "flatline_pct": 0.0,
        "flatline_quality": "good",
        "peak_to_peak": 1.8094844982958853,
        "rms_amplitude": 0.5462869037191277,
        "overall_score": 97.75,
        "overall_quality": "good"
    }
}