{
    "ref_lead1": {
        "signal_name": "ref_lead1",
        "snr_db": 29.390098551532514,
        "snr_quality": "good",
        "n_r_peaks_raw": 33,
        "n_r_peaks_filtered": 33,
        "peak_rejection_rate": 0.0,
        "peak_consistency": "good",
        "rr_mean_ms": 1099.5,
        "rr_std_ms": 24.834451876375287,
        "rr_cv": 0.022587041270009357,
        "rr_regularity": "very_regular",
        "n_impossible_rr": 0,
        "impossible_rr_pct": 0.0,
        "skewness": 3.3377246188075356,
        "skewness_quality": "poor",
        "kurtosis": 19.886964348795956,
        "kurtosis_quality": "poor",
        "n_flatlines": 0,
        "flatline_pct": 0.0,
        "flatline_quality": "good",
        "peak_to_peak": 1.4260144725110897,
        "rms_amplitude": 0.13879925669424706,
        "amplitude_quality": "good",
        "qrs_band_ratio": 0.5607708293665071,
        "qrs_band_quality": "moderate",
        "baseline_wander_ratio": 1.38992873538683e-05,
        "baseline_wander_quality": "good",
        "seg_quality_mean": 50.136914755395544,
        "seg_quality_std": 0.18745535406267164,
        "seg_quality_min": 50.0,
        "seg_quality_max": 50.5468820174243,
        "seg_n_good": 0,
        "seg_n_moderate": 8,
        "seg_n_poor": 0,
        "seg_total": 8,
        "seg_quality_scores": [
            50.0,
            50.0,
            50.0,
            50.008784872057234,
            50.02806776130005,
            50.24401073210105,
            50.5468820174243,
            50.26757266028174
        ],
        "overall_score": 79.5,
        "overall_quality": "good"
    },
    "ref_lead2": {
        "signal_name": "ref_lead2",
        "snr_db": 19.348935107567577,
        "snr_quality": "good",
        "n_r_peaks_raw": 33,
        "n_r_peaks_filtered": 33,
        "peak_rejection_rate": 0.0,
        "peak_consistency": "good",
        "rr_mean_ms": 1099.375,
        "rr_std_ms": 24.7206265090511,
        "rr_cv": 0.02248607300425342,
        "rr_regularity": "very_regular",
        "n_impossible_rr": 0,
        "impossible_rr_pct": 0.0,
        "skewness": 4.761601153148064,
        "skewness_quality": "poor",
        "kurtosis": 31.798486271262213,
        "kurtosis_quality": "poor",
        "n_flatlines": 0,
        "flatline_pct": 0.0,
        "flatline_quality": "good",
        "peak_to_peak": 1.2513557261054156,
        "rms_amplitude": 0.1235093964914763,
        "amplitude_quality": "good",
        "qrs_band_ratio": 0.5725355165967533,
        "qrs_band_quality": "moderate",
        "baseline_wander_ratio": 8.915806034345956e-06,
        "baseline_wander_quality": "good",
        "seg_quality_mean": 48.59330457005699,
        "seg_quality_std": 1.5627067486060293,
        "seg_quality_min": 45.65262965528013,
        "seg_quality_max": 50.0,
        "seg_n_good": 0,
        "seg_n_moderate": 8,
        "seg_n_poor": 0,
        "seg_total": 8,
        "seg_quality_scores": [
            50.0,
            50.0,
            48.14941908320945,
            47.834733168864894,
            45.65262965528013,
            47.10965465310147,
            50.0,
            50.0
        ],
        "overall_score": 79.5,
        "overall_quality": "good"
    },
    "ref_lead3": {
        "signal_name": "ref_lead3",
        "snr_db": 22.276416900279127,
        "snr_quality": "good",
        "n_r_peaks_raw": 49,
        "n_r_peaks_filtered": 49,
        "peak_rejection_rate": 0.0,
        "peak_consistency": "good",
        "rr_mean_ms": 1090.5833333333333,
        "rr_std_ms": 27.135334692774453,
        "rr_cv": 0.024881486690096544,
        "rr_regularity": "very_regular",
        "n_impossible_rr": 0,
        "impossible_rr_pct": 0.0,
        "skewness": -2.0156550420997275,
        "skewness_quality": "poor",
        "kurtosis": 18.899736695495427,
        "kurtosis_quality": "poor",
        "n_flatlines": 0,
        "flatline_pct": 0.0,
        "flatline_quality": "good",
        "peak_to_peak": 0.0007315047678304978,
        "rms_amplitude": 6.498446044839396e-05,
        "amplitude_quality": "poor",
        "qrs_band_ratio": 0.8079954521576218,
        "qrs_band_quality": "good",
        "baseline_wander_ratio": 1.5074028555598289e-05,
        "baseline_wander_quality": "good",
        "seg_quality_mean": 59.64301621259094,
        "seg_quality_std": 0.5943649332719732,
        "seg_quality_min": 58.344244797480926,
        "seg_quality_max": 60.69239750575938,
        "seg_n_good": 0,
        "seg_n_moderate": 11,
        "seg_n_poor": 0,
        "seg_total": 11,
        "seg_quality_scores": [
            59.657576821194326,
            58.91872853165606,
            59.62019512745768,
            59.788292410004864,
            59.96786838331312,
            60.00435767604457,
            59.95112043529137,
            59.88674923384321,
            60.69239750575938,
            59.24164741645493,
            58.344244797480926
        ],
        "overall_score": 77.5,
        "overall_quality": "good"
    },
    "ref_respiration": {
        "signal_name": "ref_respiration",
        "snr_db": 17.63240386532829,
        "snr_quality": "good",
        "n_peaks_ampd": 11,
        "n_peaks_msptd": 20,
        "peak_method_agreement": 0.55,
        "peak_agreement_quality": "poor",
        "bbi_cv": 0.2799821827826495,
        "resp_rate_mean": 23.39901477832512,
        "bbi_regularity": "moderate",
        "n_impossible_breaths": 0,
        "impossible_breath_pct": 0.0,
        "breathing_band_ratio": 0.786101281050422,
        "breathing_band_quality": "good",
        "skewness": 0.4064890484558034,
        "skewness_quality": "good",
        "kurtosis": -1.336253693924044,
        "kurtosis_quality": "good",
        "n_flatlines": 0,
        "flatline_pct": 0.0,
        "flatline_quality": "good",
        "peak_to_peak": 1.29118895662323,
        "rms_amplitude": 0.3854418812602224,
        "overall_score": 79.0,
        "overall_quality": "good"
    }
}