{
    "ref_lead1": {
        "signal_name": "ref_lead1",
        "snr_db": 26.07269167145705,
        "snr_quality": "good",
        "n_r_peaks_raw": 60,
        "n_r_peaks_filtered": 60,
        "peak_rejection_rate": 0.0,
        "peak_consistency": "good",
        "rr_mean_ms": 1087.1186440677966,
        "rr_std_ms": 29.87038936594755,
        "rr_cv": 0.027476660002976386,
        "rr_regularity": "very_regular",
        "n_impossible_rr": 0,
        "impossible_rr_pct": 0.0,
        "skewness": 3.320349595601231,
        "skewness_quality": "poor",
        "kurtosis": 19.67907996797775,
        "kurtosis_quality": "poor",
        "n_flatlines": 0,
        "flatline_pct": 0.0,
        "flatline_quality": "good",
        "peak_to_peak": 1.426014472511089,
        "rms_amplitude": 0.13872006149676394,
        "amplitude_quality": "good",
        "qrs_band_ratio": 0.5558638722072707,
        "qrs_band_quality": "moderate",
        "baseline_wander_ratio": 4.891814477276406e-05,
        "baseline_wander_quality": "good",
        "seg_quality_mean": 50.376217002019125,
        "seg_quality_std": 0.7278179248737763,
        "seg_quality_min": 50.0,
        "seg_quality_max": 52.79118865655698,
        "seg_n_good": 0,
        "seg_n_moderate": 14,
        "seg_n_poor": 0,
        "seg_total": 14,
        "seg_quality_scores": [
            50.410471925721964,
            50.63865804887648,
            50.0,
            50.0,
            50.0,
            50.0,
            50.0,
            50.540322196751795,
            50.027439772936376,
            50.0,
            50.85895742742416,
            50.0,
            50.0,
            52.79118865655698
        ],
        "overall_score": 79.5,
        "overall_quality": "good"
    },
    "ref_lead2": {
        "signal_name": "ref_lead2",
        "snr_db": 19.249924604055263,
        "snr_quality": "good",
        "n_r_peaks_raw": 60,
        "n_r_peaks_filtered": 60,
        "peak_rejection_rate": 0.0,
        "peak_consistency": "good",
        "rr_mean_ms": 1087.1864406779662,
        "rr_std_ms": 29.658208099448792,
        "rr_cv": 0.027279781084239813,
        "rr_regularity": "very_regular",
        "n_impossible_rr": 0,
        "impossible_rr_pct": 0.0,
        "skewness": 4.747605393238552,
        "skewness_quality": "poor",
        "kurtosis": 31.61822594588805,
        "kurtosis_quality": "poor",
        "n_flatlines": 0,
        "flatline_pct": 0.0,
        "flatline_quality": "good",
        "peak_to_peak": 1.2685302379027028,
        "rms_amplitude": 0.12380142376066479,
        "amplitude_quality": "good",
        "qrs_band_ratio": 0.5701604843815283,
        "qrs_band_quality": "moderate",
        "baseline_wander_ratio": 3.291530960535044e-05,
        "baseline_wander_quality": "good",
        "seg_quality_mean": 48.024410724829956,
        "seg_quality_std": 1.8309386253918674,
        "seg_quality_min": 43.754114236832166,
        "seg_quality_max": 50.0,
        "seg_n_good": 0,
        "seg_n_moderate": 14,
        "seg_n_poor": 0,
        "seg_total": 14,
        "seg_quality_scores": [
            47.734509383298125,
            48.30957413229712,
            47.766413080463145,
            50.0,
            48.66405137190138,
            47.170371974623336,
            49.38110185501793,
            43.754114236832166,
            47.955480958950844,
            50.0,
            50.0,
            45.82446285280343,
            45.78167030143188,
            50.0
        ],
        "overall_score": 79.5,
        "overall_quality": "good"
    },
    "ref_lead3": {
        "signal_name": "ref_lead3",
        "snr_db": 22.18762399375172,
        "snr_quality": "good",
        "n_r_peaks_raw": 103,
        "n_r_peaks_filtered": 103,
        "peak_rejection_rate": 0.0,
        "peak_consistency": "good",
        "rr_mean_ms": 1070.9411764705883,
        "rr_std_ms": 34.73113072955114,
        "rr_cv": 0.032430474700778276,
        "rr_regularity": "very_regular",
        "n_impossible_rr": 0,
        "impossible_rr_pct": 0.0,
        "skewness": -1.9990639584645384,
        "skewness_quality": "moderate",
        "kurtosis": 18.39064190018082,
        "kurtosis_quality": "poor",
        "n_flatlines": 0,
        "flatline_pct": 0.0,
        "flatline_quality": "good",
        "peak_to_peak": 0.0007315047678304975,
        "rms_amplitude": 6.570060556323252e-05,
        "amplitude_quality": "poor",
        "qrs_band_ratio": 0.8092901638874682,
        "qrs_band_quality": "good",
        "baseline_wander_ratio": 1.4513664190559656e-05,
        "baseline_wander_quality": "good",
        "seg_quality_mean": 60.01131148444354,
        "seg_quality_std": 0.3971961180599939,
        "seg_quality_min": 59.4958672338632,
        "seg_quality_max": 60.77768011885286,
        "seg_n_good": 0,
        "seg_n_moderate": 23,
        "seg_n_poor": 0,
        "seg_total": 23,
        "seg_quality_scores": [
            59.85695748710272,
            60.66666762507879,
            59.77406355673537,
            59.60962416873557,
            59.69542158580299,
            59.66612705198441,
            59.654774330865024,
            60.08270347468516,
            60.11195308953107,
            60.11840992799977,
            60.70959582823692,
            59.769446977388746,
            59.77003805773519,
            60.33362906309093,
            60.386069356846775,
            59.592845831250045,
            59.83055306023774,
            60.77768011885286,
            60.544729897382354,
            59.632635556823786,
            59.74735008235553,
            60.43302077961654,
            59.4958672338632
        ],
        "overall_score": 81.5,
        "overall_quality": "good"
    },
    "ref_respiration": {
        "signal_name": "ref_respiration",
        "snr_db": 17.63240386532829,
        "snr_quality": "good",
        "n_peaks_ampd": 11,
        "n_peaks_msptd": 20,
        "peak_method_agreement": 0.55,
        "peak_agreement_quality": "poor",
        "bbi_cv": 0.2799821827826495,
        "resp_rate_mean": 23.39901477832512,
        "bbi_regularity": "moderate",
        "n_impossible_breaths": 0,
        "impossible_breath_pct": 0.0,
        "breathing_band_ratio": 0.786101281050422,
        "breathing_band_quality": "good",
        "skewness": 0.4064890484558034,
        "skewness_quality": "good",
        "kurtosis": -1.336253693924044,
        "kurtosis_quality": "good",
        "n_flatlines": 0,
        "flatline_pct": 0.0,
        "flatline_quality": "good",
        "peak_to_peak": 1.29118895662323,
        "rms_amplitude": 0.3854418812602224,
        "overall_score": 79.0,
        "overall_quality": "good"
    }
}