{
    "ref_lead1": {
        "signal_name": "ref_lead1",
        "snr_db": 13.647016966131325,
        "snr_quality": "good",
        "n_r_peaks_raw": 60,
        "n_r_peaks_filtered": 60,
        "peak_rejection_rate": 0.0,
        "peak_consistency": "good",
        "rr_mean_ms": 1087.1186440677966,
        "rr_std_ms": 29.642551152682763,
        "rr_cv": 0.027267080106147226,
        "rr_regularity": "very_regular",
        "n_impossible_rr": 0,
        "impossible_rr_pct": 0.0,
        "skewness": 1.7814742248842337,
        "skewness_quality": "moderate",
        "kurtosis": 2.00547098566474,
        "kurtosis_quality": "good",
        "n_flatlines": 0,
        "flatline_pct": 0.0,
        "flatline_quality": "good",
        "peak_to_peak": 1.327402992136076,
        "rms_amplitude": 0.29329126786163406,
        "amplitude_quality": "good",
        "qrs_band_ratio": 0.1681421384041152,
        "qrs_band_quality": "poor",
        "baseline_wander_ratio": 0.0027747961234988695,
        "baseline_wander_quality": "good",
        "seg_quality_mean": 69.50101149618318,
        "seg_quality_std": 7.8854200904879015,
        "seg_quality_min": 57.677962288731734,
        "seg_quality_max": 87.64243362853263,
        "seg_n_good": 7,
        "seg_n_moderate": 7,
        "seg_n_poor": 0,
        "seg_total": 14,
        "seg_quality_scores": [
            75.98332292454103,
            73.49604075167798,
            61.672462598506826,
            75.67332225952754,
            62.34372570658371,
            72.54218545726043,
            61.26099788048032,
            72.69306223667287,
            65.28863426541591,
            66.04800105070206,
            76.45338041228214,
            64.23862948564948,
            57.677962288731734,
            87.64243362853263
        ],
        "overall_score": 90.5,
        "overall_quality": "good"
    },
    "ref_lead2": {
        "signal_name": "ref_lead2",
        "snr_db": 14.38439466282809,
        "snr_quality": "good",
        "n_r_peaks_raw": 60,
        "n_r_peaks_filtered": 60,
        "peak_rejection_rate": 0.0,
        "peak_consistency": "good",
        "rr_mean_ms": 1087.1864406779662,
        "rr_std_ms": 29.658208099448792,
        "rr_cv": 0.027279781084239813,
        "rr_regularity": "very_regular",
        "n_impossible_rr": 0,
        "impossible_rr_pct": 0.0,
        "skewness": 2.50030199406392,
        "skewness_quality": "poor",
        "kurtosis": 6.81760501238195,
        "kurtosis_quality": "moderate",
        "n_flatlines": 0,
        "flatline_pct": 0.0,
        "flatline_quality": "good",
        "peak_to_peak": 1.2288052076166163,
        "rms_amplitude": 0.1970035518839639,
        "amplitude_quality": "good",
        "qrs_band_ratio": 0.3367524251880019,
        "qrs_band_quality": "poor",
        "baseline_wander_ratio": 0.0019059177057072845,
        "baseline_wander_quality": "good",
        "seg_quality_mean": 52.747206913704865,
        "seg_quality_std": 8.057344823377838,
        "seg_quality_min": 43.013011939125036,
        "seg_quality_max": 71.70954596243773,
        "seg_n_good": 1,
        "seg_n_moderate": 13,
        "seg_n_poor": 0,
        "seg_total": 14,
        "seg_quality_scores": [
            61.39768311659651,
            56.56786387701391,
            45.61199722621578,
            51.02247643925877,
            45.22704525755972,
            54.1031282515753,
            43.013011939125036,
            52.77517922964193,
            53.64937587261163,
            51.61479678970795,
            63.14643741628856,
            44.6898485368644,
            43.93250687697089,
            71.70954596243773
        ],
        "overall_score": 81.5,
        "overall_quality": "good"
    },
    "ref_lead3": {
        "signal_name": "ref_lead3",
        "snr_db": 14.847906427574033,
        "snr_quality": "good",
        "n_r_peaks_raw": 103,
        "n_r_peaks_filtered": 103,
        "peak_rejection_rate": 0.0,
        "peak_consistency": "good",
        "rr_mean_ms": 1070.9411764705883,
        "rr_std_ms": 35.05928411330564,
        "rr_cv": 0.03273689058146742,
        "rr_regularity": "very_regular",
        "n_impossible_rr": 0,
        "impossible_rr_pct": 0.0,
        "skewness": -2.8819404407827314,
        "skewness_quality": "poor",
        "kurtosis": 11.702587814234471,
        "kurtosis_quality": "poor",
        "n_flatlines": 0,
        "flatline_pct": 0.0,
        "flatline_quality": "good",
        "peak_to_peak": 0.0007026659169818431,
        "rms_amplitude": 9.544942740327335e-05,
        "amplitude_quality": "poor",
        "qrs_band_ratio": 0.46835075874480797,
        "qrs_band_quality": "moderate",
        "baseline_wander_ratio": 0.0011395072293697893,
        "baseline_wander_quality": "good",
        "seg_quality_mean": 42.67217124555773,
        "seg_quality_std": 6.338523179483196,
        "seg_quality_min": 30.06518728020617,
        "seg_quality_max": 55.34538718800949,
        "seg_n_good": 0,
        "seg_n_moderate": 15,
        "seg_n_poor": 8,
        "seg_total": 23,
        "seg_quality_scores": [
            38.72586746820451,
            50.0917475881499,
            37.81976188918567,
            52.42160423906289,
            30.06518728020617,
            43.41478291151391,
            39.9794895587252,
            46.45014923864157,
            41.61779770419005,
            48.00269540666894,
            50.36920492340491,
            41.905202148093366,
            40.17314093235166,
            45.3829530916126,
            45.29372028278082,
            36.94678720041337,
            40.51225321130838,
            41.02668967248012,
            50.75378050043902,
            34.1991314273816,
            36.64881721896555,
            34.313787566038236,
            55.34538718800949
        ],
        "overall_score": 75.0,
        "overall_quality": "good"
    },
    "ref_respiration": {
        "signal_name": "ref_respiration",
        "snr_db": 17.63240386532829,
        "snr_quality": "good",
        "n_peaks_ampd": 11,
        "n_peaks_msptd": 20,
        "peak_method_agreement": 0.55,
        "peak_agreement_quality": "poor",
        "bbi_cv": 0.2799821827826495,
        "resp_rate_mean": 23.39901477832512,
        "bbi_regularity": "moderate",
        "n_impossible_breaths": 0,
        "impossible_breath_pct": 0.0,
        "breathing_band_ratio": 0.786101281050422,
        "breathing_band_quality": "good",
        "skewness": 0.4064890484558034,
        "skewness_quality": "good",
        "kurtosis": -1.336253693924044,
        "kurtosis_quality": "good",
        "n_flatlines": 0,
        "flatline_pct": 0.0,
        "flatline_quality": "good",
        "peak_to_peak": 1.29118895662323,
        "rms_amplitude": 0.3854418812602224,
        "overall_score": 79.0,
        "overall_quality": "good"
    }
}