{
    "ref_lead1": {
        "signal_name": "ref_lead1",
        "snr_db": 20.090519399783485,
        "snr_quality": "good",
        "n_r_peaks_raw": 75,
        "n_r_peaks_filtered": 75,
        "peak_rejection_rate": 0.0,
        "peak_consistency": "good",
        "rr_mean_ms": 1002.972972972973,
        "rr_std_ms": 71.77159209396133,
        "rr_cv": 0.07155884956821798,
        "rr_regularity": "very_regular",
        "n_impossible_rr": 0,
        "impossible_rr_pct": 0.0,
        "skewness": 1.4313404668627383,
        "skewness_quality": "moderate",
        "kurtosis": 13.020552333816646,
        "kurtosis_quality": "poor",
        "n_flatlines": 0,
        "flatline_pct": 0.0,
        "flatline_quality": "good",
        "peak_to_peak": 0.12715674780938402,
        "rms_amplitude": 0.012133914667725279,
        "amplitude_quality": "good",
        "qrs_band_ratio": 0.6371663251631312,
        "qrs_band_quality": "moderate",
        "baseline_wander_ratio": 2.396261140400972e-05,
        "baseline_wander_quality": "good",
        "seg_quality_mean": 63.68223875843296,
        "seg_quality_std": 2.7733902421311636,
        "seg_quality_min": 57.83148949703015,
        "seg_quality_max": 70.48492586519006,
        "seg_n_good": 1,
        "seg_n_moderate": 15,
        "seg_n_poor": 0,
        "seg_total": 16,
        "seg_quality_scores": [
            64.906764555233,
            64.84786194920365,
            64.69830641439646,
            64.69656453274405,
            64.86872713113709,
            64.56578997864628,
            64.26766476891294,
            64.50774505088621,
            63.66536109570368,
            58.49296618574144,
            62.70191545746631,
            63.541805345908756,
            63.70853546828724,
            57.83148949703015,
            61.12939683843997,
            70.48492586519006
        ],
        "overall_score": 83.5,
        "overall_quality": "good"
    },
    "ref_lead2": {
        "signal_name": "ref_lead2",
        "snr_db": 25.962162770180093,
        "snr_quality": "good",
        "n_r_peaks_raw": 75,
        "n_r_peaks_filtered": 75,
        "peak_rejection_rate": 0.0,
        "peak_consistency": "good",
        "rr_mean_ms": 1002.972972972973,
        "rr_std_ms": 71.49994764182037,
        "rr_cv": 0.07128801031386024,
        "rr_regularity": "very_regular",
        "n_impossible_rr": 0,
        "impossible_rr_pct": 0.0,
        "skewness": 2.9641348357519646,
        "skewness_quality": "poor",
        "kurtosis": 17.740262380788636,
        "kurtosis_quality": "poor",
        "n_flatlines": 0,
        "flatline_pct": 0.0,
        "flatline_quality": "good",
        "peak_to_peak": 1.1073226616968124,
        "rms_amplitude": 0.11310961217939883,
        "amplitude_quality": "good",
        "qrs_band_ratio": 0.7611103505148898,
        "qrs_band_quality": "good",
        "baseline_wander_ratio": 8.52851516541491e-06,
        "baseline_wander_quality": "good",
        "seg_quality_mean": 52.73205865872264,
        "seg_quality_std": 0.5233710531600032,
        "seg_quality_min": 51.30414448134535,
        "seg_quality_max": 53.83874701211691,
        "seg_n_good": 0,
        "seg_n_moderate": 16,
        "seg_n_poor": 0,
        "seg_total": 16,
        "seg_quality_scores": [
            53.11617836253022,
            53.00380639986089,
            52.96944290936235,
            52.87121120008626,
            52.8260481122867,
            52.89700776592215,
            52.9501266894641,
            53.02206465822417,
            53.83874701211691,
            52.65966316515845,
            51.30414448134535,
            52.44169251651769,
            52.46135308290911,
            52.21719532263017,
            52.27400222388421,
            52.86025463726361
        ],
        "overall_score": 82.0,
        "overall_quality": "good"
    },
    "ref_lead3": {
        "signal_name": "ref_lead3",
        "snr_db": 13.48725435770599,
        "snr_quality": "good",
        "n_r_peaks_raw": 150,
        "n_r_peaks_filtered": 0,
        "peak_rejection_rate": 1.0,
        "peak_consistency": "poor",
        "skewness": -5.631480959962436,
        "skewness_quality": "poor",
        "kurtosis": 1759.5731205244103,
        "kurtosis_quality": "poor",
        "n_flatlines": 0,
        "flatline_pct": 0.0,
        "flatline_quality": "good",
        "peak_to_peak": 0.04822647357377327,
        "rms_amplitude": 0.00043155238151614916,
        "amplitude_quality": "poor",
        "qrs_band_ratio": 0.7230134705478477,
        "qrs_band_quality": "good",
        "baseline_wander_ratio": 1.3151710468020912e-06,
        "baseline_wander_quality": "good",
        "seg_quality_mean": 51.09653953626112,
        "seg_quality_std": 10.466562728191146,
        "seg_quality_min": 14.55535717207032,
        "seg_quality_max": 63.81355734922761,
        "seg_n_good": 0,
        "seg_n_moderate": 26,
        "seg_n_poor": 4,
        "seg_total": 30,
        "seg_quality_scores": [
            55.11867791445951,
            54.98665469877167,
            55.03401410380986,
            55.02475993804594,
            55.04653475773574,
            55.089806750334645,
            55.014495491905336,
            55.117338270157006,
            56.03402199337914,
            54.971671756981976,
            53.823457284957826,
            54.91834182853537,
            54.87102471906814,
            54.526415121830084,
            53.96177629867648,
            55.49281124486649,
            56.014877468360616,
            56.2635921910703,
            57.28485168232659,
            56.352706257227375,
            56.69068247335191,
            55.337388313994786,
            53.91879311936623,
            45.72048216822806,
            45.927733057486236,
            63.81355734922761,
            28.282040906797462,
            37.247771607710256,
            26.454550147100704,
            14.55535717207032
        ],
        "overall_score": 52.0,
        "overall_quality": "moderate"
    },
    "ref_respiration": {
        "signal_name": "ref_respiration",
        "snr_db": 18.711107230548176,
        "snr_quality": "good",
        "n_peaks_ampd": 13,
        "n_peaks_msptd": 15,
        "peak_method_agreement": 0.8666666666666667,
        "peak_agreement_quality": "good",
        "bbi_cv": 0.2440798938417766,
        "resp_rate_mean": 15.212981744421906,
        "bbi_regularity": "moderate",
        "n_impossible_breaths": 0,
        "impossible_breath_pct": 0.0,
        "breathing_band_ratio": 0.8005824342612922,
        "breathing_band_quality": "good",
        "skewness": 0.13317481912281423,
        "skewness_quality": "good",
        "kurtosis": -1.499429316221452,
        "kurtosis_quality": "good",
        "n_flatlines": 0,
        "flatline_pct": 0.0,
        "flatline_quality": "good",
        "peak_to_peak": 1.2476835797513257,
        "rms_amplitude": 0.3733144656863452,
        "overall_score": 92.5,
        "overall_quality": "good"
    }
}