{
    "ref_lead1": {
        "signal_name": "ref_lead1",
        "snr_db": 23.80288178399397,
        "snr_quality": "good",
        "n_r_peaks_raw": 105,
        "n_r_peaks_filtered": 105,
        "peak_rejection_rate": 0.0,
        "peak_consistency": "good",
        "rr_mean_ms": 870.4615384615385,
        "rr_std_ms": 51.95651345058508,
        "rr_cv": 0.05968846543457105,
        "rr_regularity": "very_regular",
        "n_impossible_rr": 0,
        "impossible_rr_pct": 0.0,
        "skewness": 1.4569032724832833,
        "skewness_quality": "moderate",
        "kurtosis": 14.624494300880048,
        "kurtosis_quality": "poor",
        "n_flatlines": 0,
        "flatline_pct": 0.0,
        "flatline_quality": "good",
        "peak_to_peak": 1.7489163416394016,
        "rms_amplitude": 0.16087714532039396,
        "amplitude_quality": "good",
        "qrs_band_ratio": 0.53445081739078,
        "qrs_band_quality": "moderate",
        "baseline_wander_ratio": 2.27245746657822e-05,
        "baseline_wander_quality": "good",
        "seg_quality_mean": 64.09464107182174,
        "seg_quality_std": 0.47944917101300205,
        "seg_quality_min": 63.39529685141906,
        "seg_quality_max": 64.86864891770865,
        "seg_n_good": 0,
        "seg_n_moderate": 19,
        "seg_n_poor": 0,
        "seg_total": 19,
        "seg_quality_scores": [
            63.69332978518658,
            63.5876411720743,
            63.39529685141906,
            63.6920229731251,
            63.711651104464,
            63.47508052809293,
            63.859259449191484,
            63.735950490976386,
            64.27022208970017,
            64.75112095459546,
            64.48480513922871,
            64.00636495901817,
            63.75774361820356,
            64.06314132079986,
            64.29155099076817,
            64.55430622368426,
            64.8393286220264,
            64.86864891770865,
            64.76071517434985
        ],
        "overall_score": 83.5,
        "overall_quality": "good"
    },
    "ref_lead2": {
        "signal_name": "ref_lead2",
        "snr_db": 27.937639713670805,
        "snr_quality": "good",
        "n_r_peaks_raw": 105,
        "n_r_peaks_filtered": 105,
        "peak_rejection_rate": 0.0,
        "peak_consistency": "good",
        "rr_mean_ms": 870.5,
        "rr_std_ms": 51.91172240522292,
        "rr_cv": 0.059634373814156136,
        "rr_regularity": "very_regular",
        "n_impossible_rr": 0,
        "impossible_rr_pct": 0.0,
        "skewness": 2.6390617537114935,
        "skewness_quality": "poor",
        "kurtosis": 16.643338946081954,
        "kurtosis_quality": "poor",
        "n_flatlines": 0,
        "flatline_pct": 0.0,
        "flatline_quality": "good",
        "peak_to_peak": 1.579311847894838,
        "rms_amplitude": 0.1549139866197033,
        "amplitude_quality": "good",
        "qrs_band_ratio": 0.5198649252685222,
        "qrs_band_quality": "moderate",
        "baseline_wander_ratio": 1.5299388284075574e-05,
        "baseline_wander_quality": "good",
        "seg_quality_mean": 55.20391974227115,
        "seg_quality_std": 0.5453322017478817,
        "seg_quality_min": 54.416320923995144,
        "seg_quality_max": 56.254767048328375,
        "seg_n_good": 0,
        "seg_n_moderate": 19,
        "seg_n_poor": 0,
        "seg_total": 19,
        "seg_quality_scores": [
            55.5206340513854,
            55.17026126699082,
            54.66372166480855,
            54.51938270431655,
            54.416320923995144,
            54.75933699648565,
            55.21357248187777,
            54.48216336401198,
            54.756937384522374,
            55.57504965434034,
            55.80109113954529,
            56.254767048328375,
            55.98905421035687,
            55.13185536712078,
            54.62982995966132,
            55.0731013045024,
            55.78587291866782,
            55.76854886781904,
            55.36297379441527
        ],
        "overall_score": 79.5,
        "overall_quality": "good"
    },
    "ref_lead3": {
        "signal_name": "ref_lead3",
        "snr_db": 19.40387697773344,
        "snr_quality": "good",
        "n_r_peaks_raw": 133,
        "n_r_peaks_filtered": 133,
        "peak_rejection_rate": 0.0,
        "peak_consistency": "good",
        "rr_mean_ms": 858.6363636363636,
        "rr_std_ms": 53.436633774977835,
        "rr_cv": 0.06223430084963009,
        "rr_regularity": "very_regular",
        "n_impossible_rr": 0,
        "impossible_rr_pct": 0.0,
        "skewness": 0.6434777217880221,
        "skewness_quality": "good",
        "kurtosis": 10.350616810089795,
        "kurtosis_quality": "poor",
        "n_flatlines": 0,
        "flatline_pct": 0.0,
        "flatline_quality": "good",
        "peak_to_peak": 0.001020221958994507,
        "rms_amplitude": 9.985801232436771e-05,
        "amplitude_quality": "poor",
        "qrs_band_ratio": 0.7709295588105324,
        "qrs_band_quality": "good",
        "baseline_wander_ratio": 3.426807958022337e-05,
        "baseline_wander_quality": "good",
        "seg_quality_mean": 68.59598523508845,
        "seg_quality_std": 2.590183718399551,
        "seg_quality_min": 62.4505876527939,
        "seg_quality_max": 72.38615122154982,
        "seg_n_good": 8,
        "seg_n_moderate": 15,
        "seg_n_poor": 0,
        "seg_total": 23,
        "seg_quality_scores": [
            70.42099836713949,
            70.75911961761864,
            71.10494298941231,
            66.76281867612298,
            70.21019633649288,
            68.84916713905255,
            65.57068815458108,
            71.10948356474299,
            68.29987382780654,
            69.49797880425743,
            69.85598393404625,
            69.33653028990207,
            72.38615122154982,
            68.11942279265978,
            64.97817497136711,
            69.98705049677862,
            69.01183912199915,
            70.47049391103539,
            65.3056947248474,
            62.4505876527939,
            67.02817317280292,
            72.00852347516785,
            64.18376716485724
        ],
        "overall_score": 86.5,
        "overall_quality": "good"
    },
    "ref_respiration": {
        "signal_name": "ref_respiration",
        "snr_db": 15.862434581537922,
        "snr_quality": "good",
        "n_peaks_ampd": 7,
        "n_peaks_msptd": 12,
        "peak_method_agreement": 0.5833333333333334,
        "peak_agreement_quality": "poor",
        "bbi_cv": 0.25076191355829025,
        "resp_rate_mean": 22.06472318801819,
        "bbi_regularity": "moderate",
        "n_impossible_breaths": 0,
        "impossible_breath_pct": 0.0,
        "breathing_band_ratio": 0.7971847842372867,
        "breathing_band_quality": "good",
        "skewness": 2.7308736918636156,
        "skewness_quality": "poor",
        "kurtosis": 7.6713469117694295,
        "kurtosis_quality": "poor",
        "n_flatlines": 0,
        "flatline_pct": 0.0,
        "flatline_quality": "good",
        "peak_to_peak": 0.6896457696270301,
        "rms_amplitude": 0.12298355776515246,
        "overall_score": 65.5,
        "overall_quality": "moderate"
    }
}