{
    "lead1": {
        "signal_name": "lead1",
        "snr_db": 13.342066756497193,
        "snr_quality": "good",
        "n_r_peaks_raw": 70,
        "n_r_peaks_filtered": 70,
        "peak_rejection_rate": 0.0,
        "peak_consistency": "good",
        "rr_mean_ms": 942.8405797101449,
        "rr_std_ms": 63.139510400200116,
        "rr_cv": 0.06696732380739376,
        "rr_regularity": "very_regular",
        "n_impossible_rr": 0,
        "impossible_rr_pct": 0.0,
        "skewness": 2.049745667723133,
        "skewness_quality": "poor",
        "kurtosis": 3.859671874089802,
        "kurtosis_quality": "moderate",
        "n_flatlines": 0,
        "flatline_pct": 0.0,
        "flatline_quality": "good",
        "peak_to_peak": 1.2668292604843914,
        "rms_amplitude": 0.22199360790803163,
        "amplitude_quality": "good",
        "qrs_band_ratio": 0.3075191210254142,
        "qrs_band_quality": "poor",
        "baseline_wander_ratio": 0.0013793773942096315,
        "baseline_wander_quality": "good",
        "seg_quality_mean": 63.40998153018465,
        "seg_quality_std": 8.609258005618724,
        "seg_quality_min": 51.00965852311093,
        "seg_quality_max": 83.28942422377249,
        "seg_n_good": 3,
        "seg_n_moderate": 11,
        "seg_n_poor": 0,
        "seg_total": 14,
        "seg_quality_scores": [
            74.72257621647259,
            62.9372486913315,
            66.64249435005108,
            60.62686651505668,
            51.00965852311093,
            61.5821231879131,
            63.695798179749005,
            61.54738674453331,
            64.81326877202646,
            72.69595934120441,
            57.91147600939739,
            51.43727034330481,
            54.828190324661406,
            83.28942422377249
        ],
        "overall_score": 81.5,
        "overall_quality": "good"
    },
    "lead2": {
        "signal_name": "lead2",
        "snr_db": 2.6562812541146115,
        "snr_quality": "poor",
        "n_r_peaks_raw": 70,
        "n_r_peaks_filtered": 70,
        "peak_rejection_rate": 0.0,
        "peak_consistency": "good",
        "rr_mean_ms": 942.8405797101449,
        "rr_std_ms": 63.02187869198151,
        "rr_cv": 0.06684256071302762,
        "rr_regularity": "very_regular",
        "n_impossible_rr": 0,
        "impossible_rr_pct": 0.0,
        "skewness": 0.8618729126862236,
        "skewness_quality": "good",
        "kurtosis": 3.704516266454073,
        "kurtosis_quality": "moderate",
        "n_flatlines": 0,
        "flatline_pct": 0.0,
        "flatline_quality": "good",
        "peak_to_peak": 1.8488636831227765,
        "rms_amplitude": 0.20884030855901237,
        "amplitude_quality": "good",
        "qrs_band_ratio": 0.4893180251692665,
        "qrs_band_quality": "moderate",
        "baseline_wander_ratio": 0.01218562671520481,
        "baseline_wander_quality": "good",
        "seg_quality_mean": 52.10651136362255,
        "seg_quality_std": 15.385661211704077,
        "seg_quality_min": 32.45960889545131,
        "seg_quality_max": 90.84788466068798,
        "seg_n_good": 1,
        "seg_n_moderate": 9,
        "seg_n_poor": 4,
        "seg_total": 14,
        "seg_quality_scores": [
            60.75108139120883,
            54.235078543300844,
            54.7933375137501,
            34.93611016394002,
            32.45960889545131,
            52.457544095448384,
            51.7335252737929,
            64.3539321704024,
            67.43761797395334,
            53.09120071778037,
            40.62340763146133,
            35.025065062256715,
            36.74576499728118,
            90.84788466068798
        ],
        "overall_score": 74.5,
        "overall_quality": "good"
    },
    "c1": {
        "signal_name": "c1",
        "snr_db": 7.3441436047463915,
        "snr_quality": "moderate",
        "n_r_peaks_raw": 71,
        "n_r_peaks_filtered": 71,
        "peak_rejection_rate": 0.0,
        "peak_consistency": "good",
        "rr_mean_ms": 941.8285714285714,
        "rr_std_ms": 63.31304795076861,
        "rr_cv": 0.06722353713981621,
        "rr_regularity": "very_regular",
        "n_impossible_rr": 0,
        "impossible_rr_pct": 0.0,
        "skewness": -3.9217910701950887,
        "skewness_quality": "poor",
        "kurtosis": 16.650298725001488,
        "kurtosis_quality": "poor",
        "n_flatlines": 0,
        "flatline_pct": 0.0,
        "flatline_quality": "good",
        "peak_to_peak": 1.0716835515114516,
        "rms_amplitude": 0.14564833596868054,
        "amplitude_quality": "good",
        "qrs_band_ratio": 0.5057713352658075,
        "qrs_band_quality": "moderate",
        "baseline_wander_ratio": 0.004874357162497633,
        "baseline_wander_quality": "good",
        "seg_quality_mean": 26.034169904521466,
        "seg_quality_std": 14.563538516895417,
        "seg_quality_min": 0.0,
        "seg_quality_max": 44.85004335536472,
        "seg_n_good": 0,
        "seg_n_moderate": 4,
        "seg_n_poor": 10,
        "seg_total": 14,
        "seg_quality_scores": [
            43.42069480971337,
            36.47997808844419,
            41.148509377869566,
            20.05858533010127,
            13.88996196635045,
            20.184838038256718,
            25.24054651054405,
            39.33378403504082,
            44.85004335536472,
            40.265992946471194,
            24.544199529004647,
            0.0,
            4.956943243145171,
            10.104301432994385
        ],
        "overall_score": 69.5,
        "overall_quality": "moderate"
    },
    "c2": {
        "signal_name": "c2",
        "snr_db": 8.60567150714779,
        "snr_quality": "moderate",
        "n_r_peaks_raw": 71,
        "n_r_peaks_filtered": 71,
        "peak_rejection_rate": 0.0,
        "peak_consistency": "good",
        "rr_mean_ms": 941.7714285714286,
        "rr_std_ms": 63.909349065369014,
        "rr_cv": 0.06786078567101254,
        "rr_regularity": "very_regular",
        "n_impossible_rr": 0,
        "impossible_rr_pct": 0.0,
        "skewness": -1.8024581979190928,
        "skewness_quality": "moderate",
        "kurtosis": 8.700857396036039,
        "kurtosis_quality": "poor",
        "n_flatlines": 0,
        "flatline_pct": 0.0,
        "flatline_quality": "good",
        "peak_to_peak": 1.1510605086047647,
        "rms_amplitude": 0.14165288052324684,
        "amplitude_quality": "good",
        "qrs_band_ratio": 0.39174337804448156,
        "qrs_band_quality": "poor",
        "baseline_wander_ratio": 0.004559413927666025,
        "baseline_wander_quality": "good",
        "seg_quality_mean": 40.64338591292242,
        "seg_quality_std": 11.927598239160247,
        "seg_quality_min": 19.116851752076947,
        "seg_quality_max": 56.88980605556517,
        "seg_n_good": 0,
        "seg_n_moderate": 7,
        "seg_n_poor": 7,
        "seg_total": 14,
        "seg_quality_scores": [
            54.12671410736856,
            56.69648257976638,
            43.72231963783338,
            36.7751468388523,
            35.703498351326346,
            31.30794414113741,
            36.63706491484572,
            56.54685026816006,
            56.88980605556517,
            42.17086375543978,
            44.451151088147064,
            19.116851752076947,
            32.62711467940508,
            22.23559461098972
        ],
        "overall_score": 71.5,
        "overall_quality": "good"
    },
    "c3": {
        "signal_name": "c3",
        "snr_db": 7.578366418807634,
        "snr_quality": "moderate",
        "n_r_peaks_raw": 71,
        "n_r_peaks_filtered": 71,
        "peak_rejection_rate": 0.0,
        "peak_consistency": "good",
        "rr_mean_ms": 941.8285714285714,
        "rr_std_ms": 63.34192279741332,
        "rr_cv": 0.06725419542256601,
        "rr_regularity": "very_regular",
        "n_impossible_rr": 0,
        "impossible_rr_pct": 0.0,
        "skewness": -1.4199321158055254,