{
    "lead1": {
        "signal_name": "lead1",
        "snr_db": 15.29441197756647,
        "snr_quality": "good",
        "n_r_peaks_raw": 75,
        "n_r_peaks_filtered": 75,
        "peak_rejection_rate": 0.0,
        "peak_consistency": "good",
        "rr_mean_ms": 1002.5405405405405,
        "rr_std_ms": 71.55288899850333,
        "rr_cv": 0.0713715666400125,
        "rr_regularity": "very_regular",
        "n_impossible_rr": 0,
        "impossible_rr_pct": 0.0,
        "skewness": 1.5724111579423845,
        "skewness_quality": "moderate",
        "kurtosis": 1.5290410649347388,
        "kurtosis_quality": "good",
        "n_flatlines": 0,
        "flatline_pct": 0.0,
        "flatline_quality": "good",
        "peak_to_peak": 1.6837449341922526,
        "rms_amplitude": 0.3129060821493485,
        "amplitude_quality": "good",
        "qrs_band_ratio": 0.20273276382745992,
        "qrs_band_quality": "poor",
        "baseline_wander_ratio": 0.001321450817430458,
        "baseline_wander_quality": "good",
        "seg_quality_mean": 74.2305196747929,
        "seg_quality_std": 7.691505145231922,
        "seg_quality_min": 56.70847482947586,
        "seg_quality_max": 84.4243857376618,
        "seg_n_good": 12,
        "seg_n_moderate": 4,
        "seg_n_poor": 0,
        "seg_total": 16,
        "seg_quality_scores": [
            75.58010344775215,
            67.44125794952136,
            75.21524274862855,
            63.28688690023411,
            84.05989024415548,
            72.59796431707163,
            80.86252084993859,
            84.4243857376618,
            72.10134456713571,
            76.62148291005641,
            83.95178332213032,
            73.02137697069737,
            68.39579023923187,
            70.74568759131549,
            56.70847482947586,
            82.67412217167981
        ],
        "overall_score": 90.5,
        "overall_quality": "good"
    },
    "lead2": {
        "signal_name": "lead2",
        "snr_db": 16.182278210241023,
        "snr_quality": "good",
        "n_r_peaks_raw": 75,
        "n_r_peaks_filtered": 75,
        "peak_rejection_rate": 0.0,
        "peak_consistency": "good",
        "rr_mean_ms": 1002.4864864864865,
        "rr_std_ms": 71.43533141339591,
        "rr_cv": 0.07125814898888302,
        "rr_regularity": "very_regular",
        "n_impossible_rr": 0,
        "impossible_rr_pct": 0.0,
        "skewness": 3.5092244792418605,
        "skewness_quality": "poor",
        "kurtosis": 13.617254659156874,
        "kurtosis_quality": "poor",
        "n_flatlines": 0,
        "flatline_pct": 0.0,
        "flatline_quality": "good",
        "peak_to_peak": 1.2404210268405986,
        "rms_amplitude": 0.17603979926069263,
        "amplitude_quality": "good",
        "qrs_band_ratio": 0.4660349945367261,
        "qrs_band_quality": "moderate",
        "baseline_wander_ratio": 0.0009814623382408778,
        "baseline_wander_quality": "good",
        "seg_quality_mean": 42.998176838051386,
        "seg_quality_std": 4.997331229675184,
        "seg_quality_min": 32.57934550050049,
        "seg_quality_max": 50.0,
        "seg_n_good": 0,
        "seg_n_moderate": 12,
        "seg_n_poor": 4,
        "seg_total": 16,
        "seg_quality_scores": [
            40.640665317547366,
            49.130835218764126,
            44.0521117877127,
            38.12779234866004,
            36.73318732935074,
            42.18354408847354,
            41.621494258928124,
            47.68103462336705,
            49.702762004407795,
            46.157603389416956,
            32.57934550050049,
            42.169963756587045,
            40.81278931051165,
            38.19933048661791,
            48.17836998797662,
            50.0
        ],
        "overall_score": 79.5,
        "overall_quality": "good"
    },
    "c1": {
        "signal_name": "c1",
        "snr_db": 18.056910780215,
        "snr_quality": "good",
        "n_r_peaks_raw": 78,
        "n_r_peaks_filtered": 78,
        "peak_rejection_rate": 0.0,
        "peak_consistency": "good",
        "rr_mean_ms": 998.8571428571429,
        "rr_std_ms": 73.32647407061752,
        "rr_cv": 0.07341037163820403,
        "rr_regularity": "very_regular",
        "n_impossible_rr": 0,
        "impossible_rr_pct": 0.0,
        "skewness": -4.133907721417841,
        "skewness_quality": "poor",
        "kurtosis": 17.761055894737755,
        "kurtosis_quality": "poor",
        "n_flatlines": 0,
        "flatline_pct": 0.0,
        "flatline_quality": "good",
        "peak_to_peak": 1.122371051962272,
        "rms_amplitude": 0.14968351512602687,
        "amplitude_quality": "good",
        "qrs_band_ratio": 0.5143004710830478,
        "qrs_band_quality": "moderate",
        "baseline_wander_ratio": 0.0005990385028376224,
        "baseline_wander_quality": "good",
        "seg_quality_mean": 44.8670139278873,
        "seg_quality_std": 5.197747482265698,
        "seg_quality_min": 36.78282310675228,
        "seg_quality_max": 50.0,
        "seg_n_good": 0,
        "seg_n_moderate": 11,
        "seg_n_poor": 5,
        "seg_total": 16,
        "seg_quality_scores": [
            38.635216018957344,
            38.45059700082744,
            38.38262869752657,
            37.56081924193727,
            46.6486115429788,
            43.6047137863319,
            50.0,
            50.0,
            50.0,
            44.36182003640763,
            43.44499341447749,
            50.0,
            50.0,
            50.0,
            36.78282310675228,
            50.0
        ],
        "overall_score": 79.5,
        "overall_quality": "good"
    },
    "c2": {
        "signal_name": "c2",
        "snr_db": 17.875495485837014,
        "snr_quality": "good",
        "n_r_peaks_raw": 78,
        "n_r_peaks_filtered": 78,
        "peak_rejection_rate": 0.0,
        "peak_consistency": "good",
        "rr_mean_ms": 998.8571428571429,
        "rr_std_ms": 73.30380020370204,
        "rr_cv": 0.07338767182864907,
        "rr_regularity": "very_regular",
        "n_impossible_rr": 0,
        "impossible_rr_pct": 0.0,
        "skewness": -3.979648709847346,
        "skewness_quality": "poor",
        "kurtosis": 16.733669276492087,
        "kurtosis_quality": "poor",
        "n_flatlines": 0,
        "flatline_pct": 0.0,
        "flatline_quality": "good",
        "peak_to_peak": 1.4497071792196603,
        "rms_amplitude": 0.20298842612385812,
        "amplitude_quality": "good",
        "qrs_band_ratio": 0.468553637016758,
        "qrs_band_quality": "moderate",
        "baseline_wander_ratio": 0.0005335372069270501,
        "baseline_wander_quality": "good",
        "seg_quality_mean": 43.81034936410518,
        "seg_quality_std": 6.381137722638355,
        "seg_quality_min": 31.861225921480585,
        "seg_quality_max": 50.0,
        "seg_n_good": 0,
        "seg_n_moderate": 10,
        "seg_n_poor": 6,
        "seg_total": 16,
        "seg_quality_scores": [
            37.32695113026722,
            38.496876966023926,
            37.834866774267674,
            36.82359563415758,
            45.55774718181381,
            42.783039368594594,
            50.0,
            50.0,
            50.0,
            50.0,
            50.0,
            50.0,
            49.469887274021914,
            46.09514281431469,
            34.716256760740855,
            31.861225921480585
        ],
        "overall_score": 79.5,
        "overall_quality": "good"
    },
    "c3": {
        "signal_name": "c3",
        "snr_db": 16.88902793730471,
        "snr_quality": "good",
        "n_r_peaks_raw": 78,
        "n_r_peaks_filtered": 78,
        "peak_rejection_rate": 0.0,
        "peak_consistency": "good",
        "rr_mean_ms": 998.8571428571429,
        "rr_std_ms": 73.48216751352729,
        "rr_cv": 0.0735662432200645,
        "rr_regularity": "very_regular",
        "n_impossible_rr": 0,
        "impossible_rr_pct": 0.0,
        "skewness": -2.3623108489603863,