{
    "lead1": {
        "signal_name": "lead1",
        "snr_db": 22.234059796461825,
        "snr_quality": "good",
        "n_r_peaks_raw": 70,
        "n_r_peaks_filtered": 70,
        "peak_rejection_rate": 0.0,
        "peak_consistency": "good",
        "rr_mean_ms": 942.8985507246376,
        "rr_std_ms": 63.190107675525674,
        "rr_cv": 0.0670168679620546,
        "rr_regularity": "very_regular",
        "n_impossible_rr": 0,
        "impossible_rr_pct": 0.0,
        "skewness": 3.926356257908117,
        "skewness_quality": "poor",
        "kurtosis": 23.610284372910744,
        "kurtosis_quality": "poor",
        "n_flatlines": 0,
        "flatline_pct": 0.0,
        "flatline_quality": "good",
        "peak_to_peak": 1.370577242406794,
        "rms_amplitude": 0.13762323226608658,
        "amplitude_quality": "good",
        "qrs_band_ratio": 0.6094663898487782,
        "qrs_band_quality": "moderate",
        "baseline_wander_ratio": 2.3766301242630446e-05,
        "baseline_wander_quality": "good",
        "seg_quality_mean": 49.774460743257556,
        "seg_quality_std": 0.6951135133298263,
        "seg_quality_min": 47.305059709269386,
        "seg_quality_max": 50.0,
        "seg_n_good": 0,
        "seg_n_moderate": 14,
        "seg_n_poor": 0,
        "seg_total": 14,
        "seg_quality_scores": [
            50.0,
            49.537390696336324,
            50.0,
            50.0,
            50.0,
            50.0,
            50.0,
            47.305059709269386,
            50.0,
            50.0,
            50.0,
            50.0,
            50.0,
            50.0
        ],
        "overall_score": 79.5,
        "overall_quality": "good"
    },
    "lead2": {
        "signal_name": "lead2",
        "snr_db": 21.075355712527294,
        "snr_quality": "good",
        "n_r_peaks_raw": 70,
        "n_r_peaks_filtered": 70,
        "peak_rejection_rate": 0.0,
        "peak_consistency": "good",
        "rr_mean_ms": 942.8405797101449,
        "rr_std_ms": 63.31554819428002,
        "rr_cv": 0.06715403383862091,
        "rr_regularity": "very_regular",
        "n_impossible_rr": 0,
        "impossible_rr_pct": 0.0,
        "skewness": 1.7879194494343884,
        "skewness_quality": "moderate",
        "kurtosis": 18.58855291621886,
        "kurtosis_quality": "poor",
        "n_flatlines": 0,
        "flatline_pct": 0.0,
        "flatline_quality": "good",
        "peak_to_peak": 1.6727709526012726,
        "rms_amplitude": 0.15029649905609363,
        "amplitude_quality": "good",
        "qrs_band_ratio": 0.5800297459577143,
        "qrs_band_quality": "moderate",
        "baseline_wander_ratio": 1.8926070378781404e-05,
        "baseline_wander_quality": "good",
        "seg_quality_mean": 61.38925922661478,
        "seg_quality_std": 0.7244893095369257,
        "seg_quality_min": 59.575611208797156,
        "seg_quality_max": 62.2132440460812,
        "seg_n_good": 0,
        "seg_n_moderate": 14,
        "seg_n_poor": 0,
        "seg_total": 14,
        "seg_quality_scores": [
            61.5004594616789,
            62.12297455951931,
            62.15733315840595,
            61.402809454502304,
            60.77613915986935,
            60.589501726474616,
            59.575611208797156,
            61.03040292607258,
            62.2132440460812,
            62.121119040540336,
            61.09588273699365,
            61.68455589001914,
            61.980736101983915,
            61.1988597016685
        ],
        "overall_score": 83.5,
        "overall_quality": "good"
    },
    "c1": {
        "signal_name": "c1",
        "snr_db": 22.88357083914812,
        "snr_quality": "good",
        "n_r_peaks_raw": 71,
        "n_r_peaks_filtered": 71,
        "peak_rejection_rate": 0.0,
        "peak_consistency": "good",
        "rr_mean_ms": 941.8285714285714,
        "rr_std_ms": 63.09968789340322,
        "rr_cv": 0.06699699903740786,
        "rr_regularity": "very_regular",
        "n_impossible_rr": 0,
        "impossible_rr_pct": 0.0,
        "skewness": -3.868119981206657,
        "skewness_quality": "poor",
        "kurtosis": 22.941490308480986,
        "kurtosis_quality": "poor",
        "n_flatlines": 0,
        "flatline_pct": 0.0,
        "flatline_quality": "good",
        "peak_to_peak": 1.1157436392766602,
        "rms_amplitude": 0.11422065948310552,
        "amplitude_quality": "good",
        "qrs_band_ratio": 0.6987578592826741,
        "qrs_band_quality": "moderate",
        "baseline_wander_ratio": 2.2539939718708178e-05,
        "baseline_wander_quality": "good",
        "seg_quality_mean": 50.0,
        "seg_quality_std": 0.0,
        "seg_quality_min": 50.0,
        "seg_quality_max": 50.0,
        "seg_n_good": 0,
        "seg_n_moderate": 14,
        "seg_n_poor": 0,
        "seg_total": 14,
        "seg_quality_scores": [
            50.0,
            50.0,
            50.0,
            50.0,
            50.0,
            50.0,
            50.0,
            50.0,
            50.0,
            50.0,
            50.0,
            50.0,
            50.0,
            50.0
        ],
        "overall_score": 79.5,
        "overall_quality": "good"
    },
    "c2": {
        "signal_name": "c2",
        "snr_db": 22.541102106600604,
        "snr_quality": "good",
        "n_r_peaks_raw": 71,
        "n_r_peaks_filtered": 71,
        "peak_rejection_rate": 0.0,
        "peak_consistency": "good",
        "rr_mean_ms": 941.7714285714286,
        "rr_std_ms": 63.56148236799018,
        "rr_cv": 0.06749141080273212,
        "rr_regularity": "very_regular",
        "n_impossible_rr": 0,
        "impossible_rr_pct": 0.0,
        "skewness": -3.6596854849554066,
        "skewness_quality": "poor",
        "kurtosis": 22.977911214116865,
        "kurtosis_quality": "poor",
        "n_flatlines": 0,
        "flatline_pct": 0.0,
        "flatline_quality": "good",
        "peak_to_peak": 1.0651338836612383,
        "rms_amplitude": 0.09947125530605094,
        "amplitude_quality": "good",
        "qrs_band_ratio": 0.6489944854138927,
        "qrs_band_quality": "moderate",
        "baseline_wander_ratio": 2.601410379181304e-05,
        "baseline_wander_quality": "good",
        "seg_quality_mean": 49.966347665939075,
        "seg_quality_std": 0.1213352159956927,
        "seg_quality_min": 49.52886732314711,
        "seg_quality_max": 50.0,
        "seg_n_good": 0,
        "seg_n_moderate": 14,
        "seg_n_poor": 0,
        "seg_total": 14,
        "seg_quality_scores": [
            50.0,
            50.0,
            50.0,
            50.0,
            50.0,
            50.0,
            49.52886732314711,
            50.0,
            50.0,
            50.0,
            50.0,
            50.0,
            50.0,
            50.0
        ],
        "overall_score": 79.5,
        "overall_quality": "good"
    },
    "c3": {
        "signal_name": "c3",
        "snr_db": 20.284082795545547,
        "snr_quality": "good",
        "n_r_peaks_raw": 71,
        "n_r_peaks_filtered": 71,
        "peak_rejection_rate": 0.0,
        "peak_consistency": "good",
        "rr_mean_ms": 941.7714285714286,
        "rr_std_ms": 63.65850216553311,
        "rr_cv": 0.06759442921526784,
        "rr_regularity": "very_regular",
        "n_impossible_rr": 0,
        "impossible_rr_pct": 0.0,
        "skewness": -3.0571187670398126,
        "skewness_quality": "poor",
        "kurtosis": 18.265885300767422,
        "kurtosis_quality": "poor",
        "n_flatlines": 0,
        "flatline_pct": 0.0,
        "flatline_quality": "good",
        "peak_to_peak": 2.009567488085463,
        "rms_amplitude": 0.20524817984780538,
        "amplitude_quality": "good",
        "qrs_band_ratio": 0.7571787241240396,
        "qrs_band_quality": "good",
        "baseline_wander_ratio": 2.934643663722597e-05,
        "baseline_wander_quality": "good",
        "seg_quality_mean": 51.586761265063835,