{
    "lead1": {
        "signal_name": "lead1",
        "snr_db": 13.48440758426423,
        "snr_quality": "good",
        "n_r_peaks_raw": 60,
        "n_r_peaks_filtered": 60,
        "peak_rejection_rate": 0.0,
        "peak_consistency": "good",
        "rr_mean_ms": 1087.2542372881355,
        "rr_std_ms": 29.792271333316155,
        "rr_cv": 0.027401384433897443,
        "rr_regularity": "very_regular",
        "n_impossible_rr": 0,
        "impossible_rr_pct": 0.0,
        "skewness": 1.8088432302134507,
        "skewness_quality": "moderate",
        "kurtosis": 2.3565990069413925,
        "kurtosis_quality": "good",
        "n_flatlines": 0,
        "flatline_pct": 0.0,
        "flatline_quality": "good",
        "peak_to_peak": 1.3713252500334479,
        "rms_amplitude": 0.29871087459031215,
        "amplitude_quality": "good",
        "qrs_band_ratio": 0.08388685032504115,
        "qrs_band_quality": "poor",
        "baseline_wander_ratio": 0.0029520573639111695,
        "baseline_wander_quality": "good",
        "seg_quality_mean": 66.64765608428472,
        "seg_quality_std": 8.13889743705226,
        "seg_quality_min": 56.69422146855458,
        "seg_quality_max": 87.02180190779667,
        "seg_n_good": 3,
        "seg_n_moderate": 11,
        "seg_n_poor": 0,
        "seg_total": 14,
        "seg_quality_scores": [
            75.52932804812382,
            66.93726563229892,
            60.8961938209553,
            69.75675269316557,
            58.71157983822222,
            67.54172076140004,
            60.50722332306701,
            67.24894441557586,
            64.33952324917558,
            59.77511107247487,
            76.97548695586207,
            61.13203199331358,
            56.69422146855458,
            87.02180190779667
        ],
        "overall_score": 90.5,
        "overall_quality": "good"
    },
    "lead2": {
        "signal_name": "lead2",
        "snr_db": 13.479076103177176,
        "snr_quality": "good",
        "n_r_peaks_raw": 60,
        "n_r_peaks_filtered": 60,
        "peak_rejection_rate": 0.0,
        "peak_consistency": "good",
        "rr_mean_ms": 1087.322033898305,
        "rr_std_ms": 29.843910702733805,
        "rr_cv": 0.027447168154715276,
        "rr_regularity": "very_regular",
        "n_impossible_rr": 0,
        "impossible_rr_pct": 0.0,
        "skewness": 2.338258634978427,
        "skewness_quality": "poor",
        "kurtosis": 5.778691048572638,
        "kurtosis_quality": "moderate",
        "n_flatlines": 0,
        "flatline_pct": 0.0,
        "flatline_quality": "good",
        "peak_to_peak": 1.2502499015550181,
        "rms_amplitude": 0.20357883219566916,
        "amplitude_quality": "good",
        "qrs_band_ratio": 0.31493927108126035,
        "qrs_band_quality": "poor",
        "baseline_wander_ratio": 0.002141652996073095,
        "baseline_wander_quality": "good",
        "seg_quality_mean": 54.369621867685545,
        "seg_quality_std": 9.116159247108808,
        "seg_quality_min": 44.66602258897952,
        "seg_quality_max": 75.76969046617386,
        "seg_n_good": 1,
        "seg_n_moderate": 13,
        "seg_n_poor": 0,
        "seg_total": 14,
        "seg_quality_scores": [
            67.43658661554304,
            57.49194682774606,
            47.05511391598882,
            53.402534325948544,
            46.14582185857155,
            52.80406648520196,
            44.66602258897952,
            56.989515689646595,
            56.397099490171065,
            47.359332940414404,
            64.18933607224997,
            45.17479058124658,
            46.292848289715664,
            75.76969046617386
        ],
        "overall_score": 81.5,
        "overall_quality": "good"
    },
    "c1": {
        "signal_name": "c1",
        "snr_db": 19.694379107977547,
        "snr_quality": "good",
        "n_r_peaks_raw": 62,
        "n_r_peaks_filtered": 62,
        "peak_rejection_rate": 0.0,
        "peak_consistency": "good",
        "rr_mean_ms": 1086.950819672131,
        "rr_std_ms": 29.906096877989256,
        "rr_cv": 0.02751375346219451,
        "rr_regularity": "very_regular",
        "n_impossible_rr": 0,
        "impossible_rr_pct": 0.0,
        "skewness": -4.363357073242641,
        "skewness_quality": "poor",
        "kurtosis": 20.524006396471837,
        "kurtosis_quality": "poor",
        "n_flatlines": 0,
        "flatline_pct": 0.0,
        "flatline_quality": "good",
        "peak_to_peak": 1.013596810336591,
        "rms_amplitude": 0.1339414851845797,
        "amplitude_quality": "good",
        "qrs_band_ratio": 0.5098890379488679,
        "qrs_band_quality": "moderate",
        "baseline_wander_ratio": 0.00045105705804363174,
        "baseline_wander_quality": "good",
        "seg_quality_mean": 46.04854334192897,
        "seg_quality_std": 3.900437163573616,
        "seg_quality_min": 36.69561540572553,
        "seg_quality_max": 50.0,
        "seg_n_good": 0,
        "seg_n_moderate": 13,
        "seg_n_poor": 1,
        "seg_total": 14,
        "seg_quality_scores": [
            50.0,
            40.84352633635214,
            46.632539748569194,
            48.25698662019408,
            45.62952355358323,
            40.810568928148825,
            45.86546874737502,
            47.53928811991311,
            50.0,
            50.0,
            50.0,
            36.69561540572553,
            45.559447595744906,
            46.846641731399465
        ],
        "overall_score": 79.5,
        "overall_quality": "good"
    },
    "c2": {
        "signal_name": "c2",
        "snr_db": 16.585726993446436,
        "snr_quality": "good",
        "n_r_peaks_raw": 62,
        "n_r_peaks_filtered": 62,
        "peak_rejection_rate": 0.0,
        "peak_consistency": "good",
        "rr_mean_ms": 1087.016393442623,
        "rr_std_ms": 30.017749832816097,
        "rr_cv": 0.027614808768199644,
        "rr_regularity": "very_regular",
        "n_impossible_rr": 0,
        "impossible_rr_pct": 0.0,
        "skewness": -2.1002235737405517,
        "skewness_quality": "poor",
        "kurtosis": 9.682635882882444,
        "kurtosis_quality": "poor",
        "n_flatlines": 0,
        "flatline_pct": 0.0,
        "flatline_quality": "good",
        "peak_to_peak": 1.342910138858634,
        "rms_amplitude": 0.17978937902746883,
        "amplitude_quality": "good",
        "qrs_band_ratio": 0.33598963790697656,
        "qrs_band_quality": "poor",
        "baseline_wander_ratio": 0.0012582196163438194,
        "baseline_wander_quality": "good",
        "seg_quality_mean": 52.34069154429626,
        "seg_quality_std": 7.334369319142664,
        "seg_quality_min": 38.882759553478465,
        "seg_quality_max": 61.34056039257346,
        "seg_n_good": 0,
        "seg_n_moderate": 13,
        "seg_n_poor": 1,
        "seg_total": 14,
        "seg_quality_scores": [
            59.50985913711346,
            38.882759553478465,
            59.89441568657651,
            54.78008079955489,
            42.9818242426761,
            59.65461151385539,
            45.90663855144229,
            49.565444574674736,
            52.74371960841134,
            59.71712428216621,
            51.17222150936618,
            41.31121800596248,
            61.34056039257346,
            55.309203762296164
        ],
        "overall_score": 77.5,
        "overall_quality": "good"
    },
    "c3": {
        "signal_name": "c3",
        "snr_db": 13.641116281970602,
        "snr_quality": "good",
        "n_r_peaks_raw": 62,
        "n_r_peaks_filtered": 62,
        "peak_rejection_rate": 0.0,
        "peak_consistency": "good",
        "rr_mean_ms": 1087.016393442623,
        "rr_std_ms": 29.648482560500206,
        "rr_cv": 0.027275101589408705,
        "rr_regularity": "very_regular",
        "n_impossible_rr": 0,
        "impossible_rr_pct": 0.0,
        "skewness": 1.629839407514029,
        "skewness_quality": "moderate",
        "kurtosis": 2.116191579430806,