{
    "lead1": {
        "signal_name": "lead1",
        "snr_db": 16.039027566263616,
        "snr_quality": "good",
        "n_r_peaks_raw": 75,
        "n_r_peaks_filtered": 75,
        "peak_rejection_rate": 0.0,
        "peak_consistency": "good",
        "rr_mean_ms": 1002.5405405405405,
        "rr_std_ms": 71.13770224563693,
        "rr_cv": 0.07095743201295537,
        "rr_regularity": "very_regular",
        "n_impossible_rr": 0,
        "impossible_rr_pct": 0.0,
        "skewness": 1.504290723448095,
        "skewness_quality": "moderate",
        "kurtosis": 12.030873890397903,
        "kurtosis_quality": "poor",
        "n_flatlines": 0,
        "flatline_pct": 0.0,
        "flatline_quality": "good",
        "peak_to_peak": 1.8325108850722431,
        "rms_amplitude": 0.1709014677277,
        "amplitude_quality": "good",
        "qrs_band_ratio": 0.5960102992188913,
        "qrs_band_quality": "moderate",
        "baseline_wander_ratio": 2.984076513105083e-05,
        "baseline_wander_quality": "good",
        "seg_quality_mean": 54.420833426200524,
        "seg_quality_std": 2.447509074469658,
        "seg_quality_min": 50.017442323419814,
        "seg_quality_max": 60.074143517294985,
        "seg_n_good": 0,
        "seg_n_moderate": 16,
        "seg_n_poor": 0,
        "seg_total": 16,
        "seg_quality_scores": [
            56.07250162127161,
            54.68949485112963,
            57.7491959736166,
            57.15256951918747,
            53.74086741216723,
            52.659977435805985,
            60.074143517294985,
            53.88850929351189,
            50.017442323419814,
            52.06534627115518,
            52.6192961874859,
            53.69240885678593,
            56.33834481883441,
            53.215596320911,
            52.22066395829577,
            54.536976458335005
        ],
        "overall_score": 83.5,
        "overall_quality": "good"
    },
    "lead2": {
        "signal_name": "lead2",
        "snr_db": 24.869037215277785,
        "snr_quality": "good",
        "n_r_peaks_raw": 75,
        "n_r_peaks_filtered": 75,
        "peak_rejection_rate": 0.0,
        "peak_consistency": "good",
        "rr_mean_ms": 1002.5405405405405,
        "rr_std_ms": 71.62537471043707,
        "rr_cv": 0.07144386866571877,
        "rr_regularity": "very_regular",
        "n_impossible_rr": 0,
        "impossible_rr_pct": 0.0,
        "skewness": 2.8402943155035514,
        "skewness_quality": "poor",
        "kurtosis": 17.50086837539187,
        "kurtosis_quality": "poor",
        "n_flatlines": 0,
        "flatline_pct": 0.0,
        "flatline_quality": "good",
        "peak_to_peak": 1.561999370070302,
        "rms_amplitude": 0.15747612066442612,
        "amplitude_quality": "good",
        "qrs_band_ratio": 0.7638396759697268,
        "qrs_band_quality": "good",
        "baseline_wander_ratio": 5.238964039863301e-06,
        "baseline_wander_quality": "good",
        "seg_quality_mean": 53.609836717278334,
        "seg_quality_std": 0.5220217218195422,
        "seg_quality_min": 52.351443157490124,
        "seg_quality_max": 54.69676173302042,
        "seg_n_good": 0,
        "seg_n_moderate": 16,
        "seg_n_poor": 0,
        "seg_total": 16,
        "seg_quality_scores": [
            54.04551482308371,
            53.902551934144086,
            53.92052124608982,
            53.80298070907679,
            53.763866444034214,
            53.864074849090656,
            53.84297068183974,
            53.8951169278233,
            54.69676173302042,
            53.54065662366078,
            52.351443157490124,
            53.48688681926807,
            53.43706318022355,
            53.19127252231502,
            53.08532144164721,
            52.93038438364581
        ],
        "overall_score": 82.0,
        "overall_quality": "good"
    },
    "c1": {
        "signal_name": "c1",
        "snr_db": 22.38173539705622,
        "snr_quality": "good",
        "n_r_peaks_raw": 78,
        "n_r_peaks_filtered": 78,
        "peak_rejection_rate": 0.0,
        "peak_consistency": "good",
        "rr_mean_ms": 998.8571428571429,
        "rr_std_ms": 73.07667460316947,
        "rr_cv": 0.07316028635900833,
        "rr_regularity": "very_regular",
        "n_impossible_rr": 0,
        "impossible_rr_pct": 0.0,
        "skewness": -2.699475551105759,
        "skewness_quality": "poor",
        "kurtosis": 17.470303072908326,
        "kurtosis_quality": "poor",
        "n_flatlines": 0,
        "flatline_pct": 0.0,
        "flatline_quality": "good",
        "peak_to_peak": 1.1455950832708262,
        "rms_amplitude": 0.11134653162869516,
        "amplitude_quality": "good",
        "qrs_band_ratio": 0.774885516825652,
        "qrs_band_quality": "good",
        "baseline_wander_ratio": 6.660005494037548e-05,
        "baseline_wander_quality": "good",
        "seg_quality_mean": 54.48504552257726,
        "seg_quality_std": 0.5958661910050685,
        "seg_quality_min": 53.09981514760081,
        "seg_quality_max": 55.51276308681494,
        "seg_n_good": 0,
        "seg_n_moderate": 16,
        "seg_n_poor": 0,
        "seg_total": 16,
        "seg_quality_scores": [
            53.09981514760081,
            54.75692737556529,
            55.16107729150052,
            54.728869568352415,
            54.278888452540556,
            54.70843887113863,
            55.083507679069285,
            54.902346980875436,
            55.51276308681494,
            54.65433845568815,
            53.70893610440628,
            54.5165678023235,
            54.48471879702088,
            54.448951618560564,
            54.04342361076834,
            53.671157519010464
        ],
        "overall_score": 82.0,
        "overall_quality": "good"
    },
    "c2": {
        "signal_name": "c2",
        "snr_db": 23.75870173645952,
        "snr_quality": "good",
        "n_r_peaks_raw": 78,
        "n_r_peaks_filtered": 78,
        "peak_rejection_rate": 0.0,
        "peak_consistency": "good",
        "rr_mean_ms": 998.8571428571429,
        "rr_std_ms": 73.0482342490335,
        "rr_cv": 0.07313181346442141,
        "rr_regularity": "very_regular",
        "n_impossible_rr": 0,
        "impossible_rr_pct": 0.0,
        "skewness": -2.5227981020543964,
        "skewness_quality": "poor",
        "kurtosis": 15.992074470398212,
        "kurtosis_quality": "poor",
        "n_flatlines": 0,
        "flatline_pct": 0.0,
        "flatline_quality": "good",
        "peak_to_peak": 1.4297881506847996,
        "rms_amplitude": 0.14153587417930447,
        "amplitude_quality": "good",
        "qrs_band_ratio": 0.8026649076072343,
        "qrs_band_quality": "good",
        "baseline_wander_ratio": 7.033445492149346e-05,
        "baseline_wander_quality": "good",
        "seg_quality_mean": 55.84485106695733,
        "seg_quality_std": 0.5254653035911344,
        "seg_quality_min": 54.798258576507465,
        "seg_quality_max": 56.70703649112456,
        "seg_n_good": 0,
        "seg_n_moderate": 16,
        "seg_n_poor": 0,
        "seg_total": 16,
        "seg_quality_scores": [
            54.798258576507465,
            56.05633757408249,
            56.55679031938181,
            56.0777621221354,
            55.60336323268747,
            56.022024723454564,
            56.41795505536105,
            56.2652244202946,
            56.70703649112456,
            55.95316718010888,
            55.13873350769164,
            55.868374652225455,
            55.835334935232346,
            55.78620834417686,
            55.405095666965224,
            55.02595026988751
        ],
        "overall_score": 82.0,
        "overall_quality": "good"
    },
    "c3": {
        "signal_name": "c3",
        "snr_db": 20.219783813165083,
        "snr_quality": "good",
        "n_r_peaks_raw": 78,
        "n_r_peaks_filtered": 78,
        "peak_rejection_rate": 0.0,
        "peak_consistency": "good",
        "rr_mean_ms": 998.9090909090909,