{
    "lead1": {
        "signal_name": "lead1",
        "snr_db": 19.853293725885493,
        "snr_quality": "good",
        "n_r_peaks_raw": 33,
        "n_r_peaks_filtered": 33,
        "peak_rejection_rate": 0.0,
        "peak_consistency": "good",
        "rr_mean_ms": 1099.5,
        "rr_std_ms": 24.632295873507204,
        "rr_cv": 0.022403179512057485,
        "rr_regularity": "very_regular",
        "n_impossible_rr": 0,
        "impossible_rr_pct": 0.0,
        "skewness": 2.033714698819412,
        "skewness_quality": "poor",
        "kurtosis": 9.67570255168467,
        "kurtosis_quality": "poor",
        "n_flatlines": 0,
        "flatline_pct": 0.0,
        "flatline_quality": "good",
        "peak_to_peak": 1.464009020317766,
        "rms_amplitude": 0.15616166601084697,
        "amplitude_quality": "good",
        "qrs_band_ratio": 0.4621655108056266,
        "qrs_band_quality": "moderate",
        "baseline_wander_ratio": 2.5349503914272015e-05,
        "baseline_wander_quality": "good",
        "seg_quality_mean": 60.51459794735787,
        "seg_quality_std": 2.0851897083491107,
        "seg_quality_min": 56.792652550257074,
        "seg_quality_max": 64.60462266351183,
        "seg_n_good": 0,
        "seg_n_moderate": 8,
        "seg_n_poor": 0,
        "seg_total": 8,
        "seg_quality_scores": [
            60.160871307481635,
            56.792652550257074,
            59.599816728087035,
            59.35101457614871,
            60.8439214720177,
            61.01177334082243,
            61.75211094053654,
            64.60462266351183
        ],
        "overall_score": 79.5,
        "overall_quality": "good"
    },
    "lead2": {
        "signal_name": "lead2",
        "snr_db": 18.104561739860156,
        "snr_quality": "good",
        "n_r_peaks_raw": 33,
        "n_r_peaks_filtered": 33,
        "peak_rejection_rate": 0.0,
        "peak_consistency": "good",
        "rr_mean_ms": 1099.5,
        "rr_std_ms": 24.69311644973149,
        "rr_cv": 0.022458496088887215,
        "rr_regularity": "very_regular",
        "n_impossible_rr": 0,
        "impossible_rr_pct": 0.0,
        "skewness": 4.823581176984952,
        "skewness_quality": "poor",
        "kurtosis": 32.56987223309492,
        "kurtosis_quality": "poor",
        "n_flatlines": 0,
        "flatline_pct": 0.0,
        "flatline_quality": "good",
        "peak_to_peak": 1.2543147786403206,
        "rms_amplitude": 0.12267578398971515,
        "amplitude_quality": "good",
        "qrs_band_ratio": 0.5533010018379932,
        "qrs_band_quality": "moderate",
        "baseline_wander_ratio": 9.227285237674753e-06,
        "baseline_wander_quality": "good",
        "seg_quality_mean": 46.39712668247938,
        "seg_quality_std": 2.414662273713628,
        "seg_quality_min": 42.732477875831684,
        "seg_quality_max": 50.0,
        "seg_n_good": 0,
        "seg_n_moderate": 8,
        "seg_n_poor": 0,
        "seg_total": 8,
        "seg_quality_scores": [
            50.0,
            46.5763437700421,
            44.26578159558473,
            44.734699249733886,
            42.732477875831684,
            45.51875675949329,
            49.61037371369059,
            47.73858049545881
        ],
        "overall_score": 79.5,
        "overall_quality": "good"
    },
    "c1": {
        "signal_name": "c1",
        "snr_db": 22.763820487111378,
        "snr_quality": "good",
        "n_r_peaks_raw": 62,
        "n_r_peaks_filtered": 62,
        "peak_rejection_rate": 0.0,
        "peak_consistency": "good",
        "rr_mean_ms": 1086.950819672131,
        "rr_std_ms": 29.835849395721972,
        "rr_cv": 0.02744912543947636,
        "rr_regularity": "very_regular",
        "n_impossible_rr": 0,
        "impossible_rr_pct": 0.0,
        "skewness": -3.612622408618437,
        "skewness_quality": "poor",
        "kurtosis": 24.889159680251787,
        "kurtosis_quality": "poor",
        "n_flatlines": 0,
        "flatline_pct": 0.0,
        "flatline_quality": "good",
        "peak_to_peak": 1.1341891447784465,
        "rms_amplitude": 0.10386549841091672,
        "amplitude_quality": "good",
        "qrs_band_ratio": 0.7074631266056345,
        "qrs_band_quality": "good",
        "baseline_wander_ratio": 2.7457712556255887e-05,
        "baseline_wander_quality": "good",
        "seg_quality_mean": 50.0,
        "seg_quality_std": 0.0,
        "seg_quality_min": 50.0,
        "seg_quality_max": 50.0,
        "seg_n_good": 0,
        "seg_n_moderate": 14,
        "seg_n_poor": 0,
        "seg_total": 14,
        "seg_quality_scores": [
            50.0,
            50.0,
            50.0,
            50.0,
            50.0,
            50.0,
            50.0,
            50.0,
            50.0,
            50.0,
            50.0,
            50.0,
            50.0,
            50.0
        ],
        "overall_score": 82.0,
        "overall_quality": "good"
    },
    "c2": {
        "signal_name": "c2",
        "snr_db": 21.070811960988273,
        "snr_quality": "good",
        "n_r_peaks_raw": 62,
        "n_r_peaks_filtered": 62,
        "peak_rejection_rate": 0.0,
        "peak_consistency": "good",
        "rr_mean_ms": 1086.950819672131,
        "rr_std_ms": 29.659502792284208,
        "rr_cv": 0.02728688571321997,
        "rr_regularity": "very_regular",
        "n_impossible_rr": 0,
        "impossible_rr_pct": 0.0,
        "skewness": -3.6110783009945506,
        "skewness_quality": "poor",
        "kurtosis": 24.573975101429586,
        "kurtosis_quality": "poor",
        "n_flatlines": 0,
        "flatline_pct": 0.0,
        "flatline_quality": "good",
        "peak_to_peak": 1.215116706898897,
        "rms_amplitude": 0.11302617816126245,
        "amplitude_quality": "good",
        "qrs_band_ratio": 0.7218345157000539,
        "qrs_band_quality": "good",
        "baseline_wander_ratio": 3.083254654238866e-05,
        "baseline_wander_quality": "good",
        "seg_quality_mean": 49.67859173484061,
        "seg_quality_std": 0.7967740862866544,
        "seg_quality_min": 47.42578871055992,
        "seg_quality_max": 50.0,
        "seg_n_good": 0,
        "seg_n_moderate": 14,
        "seg_n_poor": 0,
        "seg_total": 14,
        "seg_quality_scores": [
            50.0,
            50.0,
            50.0,
            50.0,
            50.0,
            48.07449557720865,
            50.0,
            50.0,
            50.0,
            50.0,
            50.0,
            50.0,
            47.42578871055992,
            50.0
        ],
        "overall_score": 82.0,
        "overall_quality": "good"
    },
    "c3": {
        "signal_name": "c3",
        "snr_db": 22.239545063467308,
        "snr_quality": "good",
        "n_r_peaks_raw": 62,
        "n_r_peaks_filtered": 62,
        "peak_rejection_rate": 0.0,
        "peak_consistency": "good",
        "rr_mean_ms": 1087.016393442623,
        "rr_std_ms": 29.763269146238496,
        "rr_cv": 0.027380699431751043,
        "rr_regularity": "very_regular",
        "n_impossible_rr": 0,
        "impossible_rr_pct": 0.0,
        "skewness": -0.28441962125580816,
        "skewness_quality": "good",
        "kurtosis": 12.439648125337191,
        "kurtosis_quality": "poor",
        "n_flatlines": 0,
        "flatline_pct": 0.0,
        "flatline_quality": "good",
        "peak_to_peak": 0.8982697920215461,
        "rms_amplitude": 0.08425360001898989,
        "amplitude_quality": "good",
        "qrs_band_ratio": 0.6055271732365918,
        "qrs_band_quality": "moderate",
        "baseline_wander_ratio": 3.557317357961193e-05,
        "baseline_wander_quality": "good",
        "seg_quality_mean": 72.91317384572683,
        "seg_quality_std": 0.4551983238036385,
        "seg_quality_min": 72.10710585436308,
        "seg_quality_max": 73.97063861142398,
        "seg_n_good": 14,
        "seg_n_moderate": 0,
        "seg_n_poor": 0,
        "seg_total": 14,