{
    "lead1": {
        "signal_name": "lead1",
        "snr_db": 7.475648538440653,
        "snr_quality": "moderate",
        "n_r_peaks_raw": 95,
        "n_r_peaks_filtered": 95,
        "peak_rejection_rate": 0.0,
        "peak_consistency": "good",
        "rr_mean_ms": 790.2553191489362,
        "rr_std_ms": 72.91279200294075,
        "rr_cv": 0.09226485445420858,
        "rr_regularity": "very_regular",
        "n_impossible_rr": 0,
        "impossible_rr_pct": 0.0,
        "skewness": 1.1961445312829715,
        "skewness_quality": "moderate",
        "kurtosis": 1.9923406249908586,
        "kurtosis_quality": "good",
        "n_flatlines": 0,
        "flatline_pct": 0.0,
        "flatline_quality": "good",
        "peak_to_peak": 1.9085763328467582,
        "rms_amplitude": 0.19346644242982763,
        "amplitude_quality": "good",
        "qrs_band_ratio": 0.38925070821678326,
        "qrs_band_quality": "poor",
        "baseline_wander_ratio": 0.007031390553724634,
        "baseline_wander_quality": "good",
        "seg_quality_mean": 55.19834772029175,
        "seg_quality_std": 5.185614357364833,
        "seg_quality_min": 49.03301447644014,
        "seg_quality_max": 71.01812304412428,
        "seg_n_good": 1,
        "seg_n_moderate": 14,
        "seg_n_poor": 0,
        "seg_total": 15,
        "seg_quality_scores": [
            54.378071579915506,
            61.235247191320354,
            71.01812304412428,
            54.80585906113781,
            53.664672035021624,
            56.561867596439114,
            49.99488401242313,
            51.20395046504129,
            53.286301681210006,
            56.2285453154054,
            49.03301447644014,
            50.396908682218154,
            56.430764399288456,
            54.140086416379546,
            55.59691984801141
        ],
        "overall_score": 80.5,
        "overall_quality": "good"
    },
    "lead2": {
        "signal_name": "lead2",
        "snr_db": 10.618220018252236,
        "snr_quality": "good",
        "n_r_peaks_raw": 95,
        "n_r_peaks_filtered": 95,
        "peak_rejection_rate": 0.0,
        "peak_consistency": "good",
        "rr_mean_ms": 790.2127659574468,
        "rr_std_ms": 59.40303601748113,
        "rr_cv": 0.07517347045830945,
        "rr_regularity": "very_regular",
        "n_impossible_rr": 0,
        "impossible_rr_pct": 0.0,
        "skewness": 2.8315514648867635,
        "skewness_quality": "poor",
        "kurtosis": 13.516963352981005,
        "kurtosis_quality": "poor",
        "n_flatlines": 0,
        "flatline_pct": 0.0,
        "flatline_quality": "good",
        "peak_to_peak": 1.8320425775804177,
        "rms_amplitude": 0.1683767564890116,
        "amplitude_quality": "good",
        "qrs_band_ratio": 0.6885104251228751,
        "qrs_band_quality": "moderate",
        "baseline_wander_ratio": 0.0026378795852872016,
        "baseline_wander_quality": "good",
        "seg_quality_mean": 32.88880599789706,
        "seg_quality_std": 4.782257509026154,
        "seg_quality_min": 23.05765598690972,
        "seg_quality_max": 38.47468851682855,
        "seg_n_good": 0,
        "seg_n_moderate": 0,
        "seg_n_poor": 15,
        "seg_total": 15,
        "seg_quality_scores": [
            23.05765598690972,
            37.144044228167004,
            27.45771980329047,
            24.922149553155666,
            31.386633928695417,
            37.39674599377474,
            37.88246574590938,
            35.688827618259786,
            32.989445069724795,
            32.45295098580925,
            35.35096706872554,
            34.15540582858023,
            27.98179473054067,
            36.99059491008461,
            38.47468851682855
        ],
        "overall_score": 79.5,
        "overall_quality": "good"
    },
    "c1": {
        "signal_name": "c1",
        "snr_db": 16.593637464197617,
        "snr_quality": "good",
        "n_r_peaks_raw": 106,
        "n_r_peaks_filtered": 106,
        "peak_rejection_rate": 0.0,
        "peak_consistency": "good",
        "rr_mean_ms": 793.5238095238095,
        "rr_std_ms": 57.987534824402886,
        "rr_cv": 0.07307598603651348,
        "rr_regularity": "very_regular",
        "n_impossible_rr": 0,
        "impossible_rr_pct": 0.0,
        "skewness": -3.9141825598784283,
        "skewness_quality": "poor",
        "kurtosis": 15.881015326774484,
        "kurtosis_quality": "poor",
        "n_flatlines": 0,
        "flatline_pct": 0.0,
        "flatline_quality": "good",
        "peak_to_peak": 0.8237546664545268,
        "rms_amplitude": 0.07588885842062046,
        "amplitude_quality": "good",
        "qrs_band_ratio": 0.5681872045499586,
        "qrs_band_quality": "moderate",
        "baseline_wander_ratio": 0.0008310344279535095,
        "baseline_wander_quality": "good",
        "seg_quality_mean": 42.02476974753702,
        "seg_quality_std": 6.8371393360212736,
        "seg_quality_min": 30.034871449031435,
        "seg_quality_max": 50.0,
        "seg_n_good": 0,
        "seg_n_moderate": 10,
        "seg_n_poor": 7,
        "seg_total": 17,
        "seg_quality_scores": [
            33.03515205570003,
            31.12033391344063,
            42.5277010919726,
            38.93502478694904,
            46.59765585517313,
            47.87217865614822,
            43.67280920495028,
            34.8914159947881,
            45.02464738992548,
            50.0,
            50.0,
            50.0,
            46.517563915638085,
            37.605226530621394,
            36.58650486379088,
            30.034871449031435,
            50.0
        ],
        "overall_score": 79.5,
        "overall_quality": "good"
    },
    "c2": {
        "signal_name": "c2",
        "snr_db": 16.66822347092299,
        "snr_quality": "good",
        "n_r_peaks_raw": 106,
        "n_r_peaks_filtered": 106,
        "peak_rejection_rate": 0.0,
        "peak_consistency": "good",
        "rr_mean_ms": 793.5619047619048,
        "rr_std_ms": 57.79041340989151,
        "rr_cv": 0.07282407719310893,
        "rr_regularity": "very_regular",
        "n_impossible_rr": 0,
        "impossible_rr_pct": 0.0,
        "skewness": 1.7226209422089798,
        "skewness_quality": "moderate",
        "kurtosis": 7.704929253298925,
        "kurtosis_quality": "poor",
        "n_flatlines": 0,
        "flatline_pct": 0.0,
        "flatline_quality": "good",
        "peak_to_peak": 0.5892420706573516,
        "rms_amplitude": 0.06741952245393683,
        "amplitude_quality": "good",
        "qrs_band_ratio": 0.5843751900076611,
        "qrs_band_quality": "moderate",
        "baseline_wander_ratio": 0.0008041704464009684,
        "baseline_wander_quality": "good",
        "seg_quality_mean": 59.92883588560243,
        "seg_quality_std": 5.707831047590841,
        "seg_quality_min": 51.557262730613154,
        "seg_quality_max": 68.93759443597847,
        "seg_n_good": 0,
        "seg_n_moderate": 17,
        "seg_n_poor": 0,
        "seg_total": 17,
        "seg_quality_scores": [
            54.491600248230505,
            53.598597453839545,
            67.52505486707852,
            62.14504440943756,
            57.32437161852123,
            62.56841506696049,
            65.87948483653736,
            57.8853409918749,
            60.57108260268447,
            68.28067536553084,
            66.8634860224147,
            55.609637117081576,
            52.59742736261485,
            57.60425279857564,
            51.557262730613154,
            55.350882127267454,
            68.93759443597847
        ],
        "overall_score": 83.5,
        "overall_quality": "good"
    },
    "c3": {
        "signal_name": "c3",
        "snr_db": 9.038386031567736,
        "snr_quality": "moderate",
        "n_r_peaks_raw": 106,
        "n_r_peaks_filtered": 106,
        "peak_rejection_rate": 0.0,
        "peak_consistency": "good",
        "rr_mean_ms": 793.5238095238095,