{
    "lead1_vs_ref_lead1": {
        "pearson_r": 0.9035614887033281,
        "spearman_r": 0.8872686771258521,
        "r_squared": 0.8164206239528979,
        "peak_cross_corr": 0.9035614887032385,
        "peak_lag_sec": 0.0
    },
    "lead2_vs_ref_lead2": {
        "pearson_r": 0.9519827096894923,
        "spearman_r": 0.951204529580676,
        "r_squared": 0.9061617471604053,
        "peak_cross_corr": 0.9519827096893908,
        "peak_lag_sec": 0.0
    },
    "impedance_pneumography_vs_ref_respiration": {
        "pearson_r": 0.9606269561313017,
        "spearman_r": 0.9453908528332389,
        "r_squared": 0.9228041416307657,
        "peak_cross_corr": 0.96062695613129,
        "peak_lag_sec": 0.0
    }
}