pair,pearson_r,spearman_r,r_squared,peak_cross_corr,peak_lag_sec
lead1_vs_ref_lead1,0.968557648865186,0.9410200672793299,0.9380774091309269,0.9685576488651015,0.0
lead2_vs_ref_lead2,0.9786118682651699,0.9676768580651636,0.9575866264860635,0.9786118682650627,0.0
impedance_pneumography_vs_ref_respiration,0.9205228724804972,0.9363317538115495,0.84736232912153,0.9205228724804836,0.0
