{
    "lead1_vs_ref_lead1": {
        "pearson_r": 0.968557648865186,
        "spearman_r": 0.9410200672793299,
        "r_squared": 0.9380774091309269,
        "peak_cross_corr": 0.9685576488651015,
        "peak_lag_sec": 0.0
    },
    "lead2_vs_ref_lead2": {
        "pearson_r": 0.9786118682651699,
        "spearman_r": 0.9676768580651636,
        "r_squared": 0.9575866264860635,
        "peak_cross_corr": 0.9786118682650627,
        "peak_lag_sec": 0.0
    },
    "impedance_pneumography_vs_ref_respiration": {
        "pearson_r": 0.9205228724804972,
        "spearman_r": 0.9363317538115495,
        "r_squared": 0.84736232912153,
        "peak_cross_corr": 0.9205228724804836,
        "peak_lag_sec": 0.0
    }
}