pair,pearson_r,spearman_r,r_squared,peak_cross_corr,peak_lag_sec
lead1_vs_ref_lead1,0.9035614887033281,0.8872686771258521,0.8164206239528979,0.9035614887032385,0.0
lead2_vs_ref_lead2,0.9519827096894923,0.951204529580676,0.9061617471604053,0.9519827096893908,0.0
impedance_pneumography_vs_ref_respiration,0.9606269561313017,0.9453908528332389,0.9228041416307657,0.96062695613129,0.0
