{
    "lead1_vs_ref_lead1": {
        "pearson_r": 0.057990208294474606,
        "spearman_r": 0.06568154628335375,
        "r_squared": 0.0033554476606795225,
        "peak_cross_corr": 0.05799020829446987,
        "peak_lag_sec": 0.0
    },
    "lead2_vs_ref_lead2": {
        "pearson_r": 0.05851155879395234,
        "spearman_r": 0.038617387759795306,
        "r_squared": 0.0034168730288416382,
        "peak_cross_corr": 0.058511558793946296,
        "peak_lag_sec": 0.0
    },
    "impedance_pneumography_vs_ref_respiration": {
<<<<<<< HEAD
        "pearson_r": 0.633077659398731,
        "spearman_r": 0.1341083394892264,
        "r_squared": 0.4007868332391671,
        "peak_cross_corr": 0.6333078446333077,
        "peak_lag_sec": -0.016
=======
        "pearson_r": 0.9205228724804972,
        "spearman_r": 0.9363317538115495,
        "r_squared": 0.84736232912153,
        "peak_cross_corr": 0.9205228724804837,
        "peak_lag_sec": 0.0
>>>>>>> 0af7f45debd8126668931449cffcd6ead073bb90
    }
}