pair,pearson_r,pearson_p,spearman_r,spearman_p,r_squared,slope,intercept,peak_cross_corr,peak_lag_sec
lead1_vs_ref_lead1,0.9631795472153558,0.0,0.9438055404625075,0.0,0.9277147586706387,0.9803208043011472,-0.009478353262985609,0.9631795472153376,0.0
lead2_vs_ref_lead2,0.9853830606035265,0.0,0.9663073979752852,0.0,0.970979745985253,1.0079487743459767,0.020878073175025946,0.9853830606034917,0.0
impedance_pneumography_vs_ref_respiration,0.9583175242267907,0.0,0.9379836363743131,0.0,0.9183724728665664,0.8720229913608051,-0.09615391654124858,0.9583175242267766,0.0
