{
    "lead1_vs_ref_lead1": {
        "pearson_r": 0.9631795472153558,
        "pearson_p": 0.0,
        "spearman_r": 0.9438055404625075,
        "spearman_p": 0.0,
        "r_squared": 0.9277147586706387,
        "slope": 0.9803208043011472,
        "intercept": -0.009478353262985609,
        "peak_cross_corr": 0.9631795472153376,
        "peak_lag_sec": 0.0
    },
    "lead2_vs_ref_lead2": {
        "pearson_r": 0.9853830606035265,
        "pearson_p": 0.0,
        "spearman_r": 0.9663073979752852,
        "spearman_p": 0.0,
        "r_squared": 0.970979745985253,
        "slope": 1.0079487743459767,
        "intercept": 0.020878073175025946,
        "peak_cross_corr": 0.9853830606034917,
        "peak_lag_sec": 0.0
    },
    "impedance_pneumography_vs_ref_respiration": {
        "pearson_r": 0.9583175242267907,
        "pearson_p": 0.0,
        "spearman_r": 0.9379836363743131,
        "spearman_p": 0.0,
        "r_squared": 0.9183724728665664,
        "slope": 0.8720229913608051,
        "intercept": -0.09615391654124858,
        "peak_cross_corr": 0.9583175242267766,
        "peak_lag_sec": 0.0
    }
}