pair,pearson_r,spearman_r,r_squared,peak_cross_corr,peak_lag_sec
lead1_vs_ref_lead1,0.057990208294474606,0.06568154628335375,0.0033554476606795225,0.05799020829446987,0.0
lead2_vs_ref_lead2,0.05851155879395234,0.038617387759795306,0.0034168730288416382,0.058511558793946296,0.0
impedance_pneumography_vs_ref_respiration,0.9205228724804972,0.9363317538115495,0.84736232912153,0.9205228724804837,0.0
