pair,pearson_r,spearman_r,r_squared,peak_cross_corr,peak_lag_sec
lead1_vs_ref_lead1,0.9643691630490488,0.9439709786491095,0.9300078818371179,0.9643691630490189,0.0
lead2_vs_ref_lead2,0.9911703590200495,0.9695361078890301,0.9824186792899863,0.9911703590199924,0.0
impedance_pneumography_vs_ref_respiration,0.9560106518690571,0.9361453076527202,0.9139563637449797,0.9560106518690333,0.0
