pair,pearson_r,spearman_r,r_squared,peak_cross_corr,peak_lag_sec
lead1_vs_ref_lead1,0.9107196942035378,0.8800046790553829,0.8294101336744943,0.9107196942034066,0.0
lead2_vs_ref_lead2,0.9700280011703605,0.9626039127210061,0.9409533968033827,0.970028001170208,0.0
impedance_pneumography_vs_ref_respiration,0.9651247760879998,0.9512778274114695,0.931465832251196,0.9651247760879756,0.0
