pair,pearson_r,spearman_r,r_squared,peak_cross_corr,peak_lag_sec
lead1_vs_ref_lead1,0.07313224507906155,0.08201620535188296,0.005072193993613361,0.07313224507905552,0.0
lead2_vs_ref_lead2,0.08551503835687199,0.13384359793332665,0.00695692327204489,0.08551503835686651,0.0
impedance_pneumography_vs_ref_respiration,0.633077659398731,0.1341083394892264,0.4007868332391671,0.6333078446333077,-0.016
