pair,pearson_r,spearman_r,r_squared,peak_cross_corr,peak_lag_sec
lead1_vs_ref_lead1,0.4362160594727858,0.5936967508053463,0.18990881918243374,0.43621605947273256,0.0
lead2_vs_ref_lead2,0.5649209701633505,0.6960525013989579,0.3191183122979814,0.5649209701632952,0.0
impedance_pneumography_vs_ref_respiration,0.6357284184747355,0.6678853999015288,0.40415062081234365,0.6357284184747208,0.0
gyry_ribs_imu_vs_ref_respiration,-0.11840475881986097,-0.141560791698717,0.014019678735599506,0.4113295930979505,1.476
