pair,pearson_r,spearman_r,r_squared,peak_cross_corr,peak_lag_sec
lead1_vs_ref_lead1,0.9659348019719667,0.9370996150310174,0.9330299496256443,0.9659348019718248,0.0
lead2_vs_ref_lead2,0.9820382071177078,0.9690098822411539,0.9643989623577983,0.9820382071175261,0.0
impedance_pneumography_vs_ref_respiration,0.7469194839666231,0.7641140790200678,0.557888710112637,0.7469194839666046,0.0
