{
    "lead1_vs_ref_lead1": {
        "pearson_r": 0.07313224507906155,
        "spearman_r": 0.08201620535188296,
        "r_squared": 0.005072193993613361,
        "peak_cross_corr": 0.07313224507905552,
        "peak_lag_sec": 0.0
    },
    "lead2_vs_ref_lead2": {
        "pearson_r": 0.08551503835687199,
        "spearman_r": 0.13384359793332665,
        "r_squared": 0.00695692327204489,
        "peak_cross_corr": 0.08551503835686651,
        "peak_lag_sec": 0.0
    },
    "impedance_pneumography_vs_ref_respiration": {
        "pearson_r": 0.633077659398731,
        "spearman_r": 0.1341083394892264,
        "r_squared": 0.4007868332391671,
        "peak_cross_corr": 0.6333078446333077,
        "peak_lag_sec": -0.016
    }
}