{
    "lead1_vs_ref_lead1": {
        "pearson_r": 0.9643691630490488,
        "spearman_r": 0.9439709786491095,
        "r_squared": 0.9300078818371179,
        "peak_cross_corr": 0.9643691630490189,
        "peak_lag_sec": 0.0
    },
    "lead2_vs_ref_lead2": {
        "pearson_r": 0.9911703590200495,
        "spearman_r": 0.9695361078890301,
        "r_squared": 0.9824186792899863,
        "peak_cross_corr": 0.9911703590199924,
        "peak_lag_sec": 0.0
    },
    "impedance_pneumography_vs_ref_respiration": {
        "pearson_r": 0.9560106518690571,
        "spearman_r": 0.9361453076527202,
        "r_squared": 0.9139563637449797,
        "peak_cross_corr": 0.9560106518690333,
        "peak_lag_sec": 0.0
    }
}