signal_mean,signal_std,signal_rms,signal_energy,peak_method,n_breaths,resp_rate_mean,resp_rate_std,resp_rate_min,resp_rate_max,resp_rate_median,bbi_mean,bbi_std,bbi_cv,bbi_rmssd,peak_amp_mean,peak_amp_std,spi,spectral_rqi,dominant_freq_hz,ac_rqi,dominant_period_sec,segment,start_sec,end_sec
0.005441075265879173,0.4262155373578979,0.42625026637567115,1362.6696718899796,ampd,7,16.18505632356197,2.141244717118731,12.175324675324676,19.305019305019304,16.438361099902,3.7806666666666664,0.5628850287186146,0.14888512485944663,1.0475785412082474,0.7585933619211067,0.1857418299147699,0.9796747409252587,0.8319584988882832,0.2672650380451132,0.6546758888369882,3.608,0,0.0,30.0
0.006501389533636493,0.40517560587280627,0.40522776269681193,1231.571547451978,ampd,6,13.710688856745515,0.24959781114737997,13.345195729537366,14.044943820224718,13.64877161055505,4.3776,0.07978370761001283,0.018225444903603075,0.12084701072016647,0.8034849398171765,0.05067381229425869,0.969881158213236,0.8637394883658486,0.23369528344525312,0.7862232178000541,4.368,1,30.0,60.0
-0.010030392661881944,0.3946751722151779,0.39480260933792205,1169.0182525502391,ampd,8,17.95997488114698,4.639428663722636,12.185215272136473,27.829313543599255,17.77251184834123,3.5451428571428574,0.8285856156420891,0.233724182361969,1.2392180330084506,0.6739829771376334,0.13944703626574606,0.9756274209233132,0.4297783132938989,0.20566699839929967,0.33981090371911626,3.532,2,60.0,90.0
0.00462760225925737,0.43509705874775867,0.43512166716174966,1419.9814892521536,ampd,7,15.075587561954727,1.436052952560574,14.084507042253522,18.248175182481752,14.584515031196823,4.011333333333334,0.32979522265928735,0.08221586072609788,0.4430367930544821,0.7988689660059279,0.06604290106983253,0.971887566313127,0.7545796918689797,0.23892590841636333,0.7707288975412043,4.028,3,90.0,120.0
