signal_mean,signal_std,signal_rms,signal_energy,peak_method,n_breaths,resp_rate_mean,resp_rate_std,resp_rate_min,resp_rate_max,resp_rate_median,bbi_mean,bbi_std,bbi_cv,bbi_rmssd,peak_amp_mean,peak_amp_std,spi,spectral_rqi,dominant_freq_hz,ac_rqi,dominant_period_sec,segment,start_sec,end_sec
0.0002565900556703999,0.25125314444907093,0.25125327546920134,473.4615632550178,ampd,6,11.758686640598034,0.8859219452676353,10.387811634349031,12.79863481228669,12.195121951219512,5.1328000000000005,0.40122532322873133,0.07816889869637066,0.6622205070820444,0.35803496479061353,0.035704919883184104,0.9927383739537722,0.8662551857821116,0.199977054720076,0.7709989024984153,5.144,0,0.0,30.0
0.010771478275737278,0.21650285197625457,0.21677063836713836,352.4213224357251,ampd,6,13.360665396975216,3.197905460674722,9.9601593625498,19.305019305019304,12.908777969018933,4.7168,0.9656281686032154,0.20472103303155006,1.1040054347692314,0.3057850835793127,0.051657782503692226,0.9821981540819265,0.609413227223899,0.1992698387010752,0.48918656711482206,4.928,1,30.0,60.0
0.0034182366068605764,0.18005531123464247,0.18008775484553202,243.23699583978333,ampd,8,18.829271009200387,1.3271748500489198,16.574585635359117,20.74688796680498,19.132653061224488,3.2028571428571424,0.23222367823866258,0.07250516269717387,0.387883143914934,0.24533509780685958,0.038162640391040024,0.9891320483680153,0.7294057915932698,0.3011250829940792,0.5445228708588068,3.32,2,60.0,90.0
-0.009378820160742384,0.18266249686804206,0.18290311651165223,250.9016252225627,ampd,6,15.560256338157899,5.448924244205621,6.775067750677507,20.949720670391063,19.05972045743329,4.6240000000000006,2.271730969987423,0.4912912997377644,4.415376314653146,0.2519018223218194,0.07837951353323827,0.8973352554716517,0.2691421580020987,0.1,0.138207238090237,8.464,3,90.0,120.0
