peak_method,resp_rate_mean,resp_rate_std,resp_rate_min,resp_rate_max,resp_rate_median,bbi_mean,bbi_std,bbi_cv,bbi_rmssd,peak_amp_mean,peak_amp_std,n_breaths,signal_mean,signal_std,signal_rms,segment,start_sec,end_sec
ampd,15.960696466754912,0.43274615619590584,15.527950310559007,16.39344262295082,15.960696466754912,3.762,0.10199999999999987,0.027113237639553395,0.20399999999999974,0.8490147352116715,0.034189051204329246,3,0.056566922292688504,0.47453551010346556,0.4778951423134822,0,0.0,10.0
ampd,15.822784810126583,0.0,15.822784810126583,15.822784810126583,15.822784810126583,3.792,0.0,0.0,0.0,0.848678290575066,0.07758291094693481,2,-0.06697613695749167,0.4368699883263977,0.4419741956517999,1,10.0,20.0
ampd,28.012638834562722,1.063962733507106,26.595744680851066,29.296875,28.07896782869991,2.145,0.08189627586160428,0.0381800819867619,0.13891004283348254,0.39197848115277767,0.5487264422936161,5,0.07445143286504477,0.42727344421607216,0.4337114386178017,2,20.0,30.0
ampd,13.586956521739129,0.0,13.586956521739129,13.586956521739129,13.586956521739129,4.416,0.0,0.0,0.0,0.8268761999411736,0.06152059932067472,2,-0.017920125785943798,0.3779157273485218,0.3783403598422277,3,30.0,40.0
ampd,13.876040703052729,0.0,13.876040703052729,13.876040703052729,13.876040703052729,4.324,0.0,0.0,0.0,0.8986646786283833,0.10133532137161672,2,-0.027578528174715435,0.4649754794115735,0.46579262732497834,4,40.0,50.0
