signal_mean,signal_std,signal_rms,signal_energy,peak_method,n_breaths,resp_rate_mean,resp_rate_std,resp_rate_min,resp_rate_max,resp_rate_median,bbi_mean,bbi_std,bbi_cv,bbi_rmssd,peak_amp_mean,peak_amp_std,spi,spectral_rqi,dominant_freq_hz,ac_rqi,dominant_period_sec,segment,start_sec,end_sec
-0.0004539276647114465,0.0031508883086565874,0.003183417575251346,0.07600610593814369,ampd,7,16.158753976026095,2.241894117815903,11.933174224343677,18.679950186799502,16.568671388626377,3.796666666666667,0.607409435407635,0.15998492591948243,0.946496698356629,0.0030225601369250872,0.0016960315748418967,0.7345735928671236,0.7806826803913702,0.26722225384581755,0.5878622154775363,3.58,0,0.0,30.0
0.0001381039816243299,0.002417777367918155,0.0024217184209890576,0.04398540082918301,ampd,6,13.992141073422056,1.7514818757970723,11.673151750972764,17.045454545454547,13.736263736263735,4.3528,0.5215631888851051,0.11982245655327722,0.9579415431016652,0.0031428836371042383,0.0005857820803549162,0.9476392792201789,0.8540669564112708,0.23342988401579748,0.7624309207112416,4.372,1,30.0,60.0
-0.00044874786390769814,0.002529824683803459,0.0025693165581809874,0.04951040682107246,ampd,7,17.648442872441667,3.2559149324437713,12.254901960784315,23.14814814814815,17.829246037239077,3.5260000000000002,0.7034420137201549,0.19950142192857484,0.8058267803939007,0.00236618298442577,0.0009004742765990402,0.8758679917449925,0.4185585592240057,0.20594652339591932,0.3897292925317917,3.596,2,60.0,90.0
0.00024037914089691125,0.0022870584904397554,0.0022996562069298337,0.039663140025531826,ampd,7,14.919257682568757,1.433992395775151,13.525698827772768,17.857142857142858,14.313302903906932,4.0553333333333335,0.35145728363802936,0.08666544886684925,0.6341583398489685,0.003395764094725134,0.0006199438481821213,0.9472619332592088,0.8003457148818031,0.23841010160281503,0.7542288366188831,4.056,3,90.0,120.0
