signal_mean,signal_std,signal_rms,signal_energy,peak_method,n_breaths,resp_rate_mean,resp_rate_std,resp_rate_min,resp_rate_max,resp_rate_median,bbi_mean,bbi_std,bbi_cv,bbi_rmssd,peak_amp_mean,peak_amp_std,spi,spectral_rqi,dominant_freq_hz,ac_rqi,dominant_period_sec,segment,start_sec,end_sec
-0.0020416730673558435,0.0044309534727924324,0.004878706549078099,0.17851333194013153,ampd,5,11.780503238441252,0.523156650122233,11.235955056179776,12.583892617449665,11.651082640067784,5.103,0.22165513754479052,0.043436240945481194,0.3541826270913544,0.004068593585909488,0.001754509533902964,0.93112997262666,0.8938909466276059,0.1999130754549841,0.7465894235239872,5.148,0,0.0,30.0
0.0013866663958050959,0.005159568269661099,0.005342657430768767,0.2140799131691154,ampd,6,13.53591671359909,2.7732555526527136,10.72961373390558,18.773466833541928,12.931034482758621,4.5936,0.7966835256235688,0.17343336938862086,0.9736262116438725,0.009697022126602499,0.0012808174938419477,0.9207023050122869,0.6970735915778932,0.20068028773859978,0.5340867975482831,4.864,1,30.0,60.0
0.0015858806886617652,0.004477895369300407,0.00475042782253055,0.1692492337280426,ampd,8,18.83738624007766,1.7251894950270077,16.666666666666668,21.834061135371176,18.359853121175032,3.210857142857143,0.28147135280340624,0.08766237184658497,0.48921978700784363,0.008367729960603539,0.002030447324181531,0.9603019176456838,0.7329049615046557,0.30041115802085633,0.6227058123727944,3.252,2,60.0,90.0
-0.0020913168409734347,0.006067290136510821,0.006417602023337112,0.3088921179745545,ampd,8,21.39912396869983,8.630531294466874,11.441647597254006,37.03703703703704,20.107238605898125,3.2982857142857145,1.3110813110107369,0.3975038624859302,2.3273246443072786,0.003646038864158773,0.004870308856266311,0.49061056819012705,0.3225124292458474,0.16946648985311044,0.24250024507437817,2.796,3,90.0,120.0
