signal_mean,signal_std,signal_rms,signal_energy,peak_method,n_breaths,resp_rate_mean,resp_rate_std,resp_rate_min,resp_rate_max,resp_rate_median,bbi_mean,bbi_std,bbi_cv,bbi_rmssd,peak_amp_mean,peak_amp_std,spi,spectral_rqi,dominant_freq_hz,ac_rqi,dominant_period_sec,segment,start_sec,end_sec
-0.021032065125555464,0.04322562507895738,0.04807080638924414,17.331018201841463,ampd,6,15.47628217961747,3.717885602647866,8.870490833826137,18.51851851851852,17.584994138335286,4.1952,1.3455500585262519,0.32073561654420574,2.491027900285342,0.014764054853019778,0.04546669499233621,0.7056133440382218,0.5397100940660439,0.10774016115809326,0.43925396110279447,1.248,0,0.0,30.0
-0.001859945570311847,0.0022890879468729893,0.0029494611631689376,0.06524490864781396,ampd,9,20.234433446567174,3.0863008385872175,15.906680805938494,27.027027027027025,19.193865822229355,3.0285,0.42230528057318906,0.13944371159755292,0.5479436884519115,0.00026406482008320935,0.0019343815275787552,0.33781660572069544,0.32859672757206265,0.30210891391830796,0.6701052244141525,2.812,1,30.0,60.0
0.0038370428750523775,0.0017176644083114975,0.004203958734879578,0.13254951783427726,ampd,10,22.985222307252585,7.11558230351524,13.123359580052494,34.403669724770644,22.45508982035928,2.882222222222223,0.9157507882458193,0.31772386639215006,1.1570350037920203,0.005309122742820989,0.002036767620820771,0.3886224600091465,0.32657777825211726,0.10268798719861912,0.5087365519014035,2.624,2,60.0,90.0
0.007427893573947175,0.001832419849156267,0.007650579419198759,0.43898524087100715,ampd,10,21.98732457965534,4.4482082141562245,15.940488841657812,31.847133757961785,22.354694485842025,2.8360000000000003,0.5458563099489746,0.19247401620203616,0.7591192264723637,0.008410515344666022,0.0020006876840901323,0.23693351410267582,0.48322418691423624,0.11666666666666667,0.7422670475129044,1.248,3,90.0,120.0
0.011185067466216688,0.0016837665319666204,0.011311092076275835,0.9595560296849247,ampd,9,22.080588593092163,2.8875088011017347,18.13784764207981,27.173913043478258,21.350012746276267,2.763,0.35165750383007605,0.12727379798410282,0.6484795403755728,0.013314375344180486,0.0023676715269895666,0.3580486969412968,0.3088080997039516,0.36542396068430016,0.4128673895840246,2.932,4,120.0,150.0
