signal_mean,signal_std,signal_rms,signal_energy,peak_method,n_breaths,resp_rate_mean,resp_rate_std,resp_rate_min,resp_rate_max,resp_rate_median,bbi_mean,bbi_std,bbi_cv,bbi_rmssd,peak_amp_mean,peak_amp_std,spi,spectral_rqi,dominant_freq_hz,ac_rqi,dominant_period_sec,segment,start_sec,end_sec
-0.0011395895263000189,0.3613079766536664,0.3613097738199934,979.085644933911,ampd,7,16.32184281487005,1.4581282330820549,14.326647564469916,17.857142857142858,16.458762305868703,3.706,0.33548174316943086,0.09052394580934454,0.4718474329695988,0.6024318911744438,0.08100400816145557,0.9174369935647183,0.7433360919453861,0.2671895468999309,0.5549302750316987,7.488,0,0.0,30.0
0.0011178093373814325,0.27011332565146,0.27011563855542764,547.2184364415483,ampd,6,14.226913642777271,1.3538002458476464,12.864493996569468,16.39344262295082,13.914656771799628,4.2543999999999995,0.3901228524452264,0.09169867723891181,0.6265301269691663,0.45974969914744496,0.04430408864242297,0.9610031600033745,0.7109465244000956,0.23352608264233157,0.7633142583985445,4.368,1,30.0,60.0
-0.0001454204512764041,0.2683714706046171,0.26837151000356296,540.1745053619437,ampd,8,18.262384067802206,5.4255712994340195,11.609907120743033,29.354207436399218,17.162471395881006,3.5554285714285716,0.9542768177515155,0.26839994070478174,1.5108205276162576,0.3977225616233619,0.049779509234279734,0.9413837528705409,0.5276723256985879,0.30116176423319946,0.3844169766512528,3.42,2,60.0,90.0
0.014284065305495596,0.24599971007922597,0.2464140659149045,455.39918910536176,ampd,6,15.056598962486396,1.4729505650947403,13.416815742397137,17.68867924528302,14.423076923076923,4.0207999999999995,0.36756844260627186,0.09141674358492637,0.5249914285014569,0.39091548537769333,0.04367468518964931,0.9466814655437562,0.7445361478984576,0.23684659094937324,0.7317892147294766,4.084,3,90.0,120.0
