signal_mean,signal_std,signal_rms,signal_energy,peak_method,n_breaths,resp_rate_mean,resp_rate_std,resp_rate_min,resp_rate_max,resp_rate_median,bbi_mean,bbi_std,bbi_cv,bbi_rmssd,peak_amp_mean,peak_amp_std,spi,spectral_rqi,dominant_freq_hz,ac_rqi,dominant_period_sec,segment,start_sec,end_sec
0.004721749407265372,0.11741964090970637,0.11751453947843817,103.57250241622052,ampd,7,21.08644905248624,7.370754654294729,10.48951048951049,30.060120240480963,21.536796536796537,3.3040000000000003,1.3639863146918543,0.4128287877396653,1.877195354777973,0.2154983454881929,0.029454636350011155,0.4185008148033263,0.3543233728223621,0.40024192427062993,0.3569581486774072,4.776,0,0.0,30.0
0.003039974071191849,0.18144348690904824,0.18146895157042012,246.98235288050614,ampd,9,22.604127498717787,6.358336060511176,14.478764478764479,32.32758620689655,19.990588485989274,2.8665,0.7693320154523663,0.268387237206477,1.2997019438537216,0.29616713454162275,0.05687087139811027,0.6970570106039501,0.2564381117155202,0.629087291540732,0.205497603311395,4.924,1,30.0,60.0
0.006303272015488541,0.1627281772216753,0.16285021000904545,198.90143174992656,ampd,8,19.262696870858775,1.4473466345294974,16.357688113413303,21.186440677966104,19.35483870967742,3.133714285714286,0.25228425820644373,0.08050646459906574,0.40774828836755006,0.3503227748394564,0.09880083410840755,0.7597308258063511,0.50005207673717,0.29948624175096517,0.3195241089395587,3.128,2,60.0,90.0
-0.02568571006920742,0.3955847453213865,0.39641776755431335,1178.602848245592,ampd,22,48.26398478026535,14.708899145293978,27.124773960216995,78.125,43.859649122807014,1.3647619047619048,0.41806560259433256,0.306328599249162,0.6430402786762273,0.3918690247394226,0.40911004755948244,0.6258841149041972,0.37697948174237084,0.43985891099757574,0.18747615849992327,2.204,3,90.0,120.0
