signal_mean,signal_std,signal_rms,signal_energy,peak_method,n_breaths,resp_rate_mean,resp_rate_std,resp_rate_min,resp_rate_max,resp_rate_median,bbi_mean,bbi_std,bbi_cv,bbi_rmssd,peak_amp_mean,peak_amp_std,spi,spectral_rqi,dominant_freq_hz,ac_rqi,dominant_period_sec,segment,start_sec,end_sec
-0.006772580184302699,0.001223788417163527,0.006882259835460529,0.3552412533209489,ampd,8,20.870083719449873,6.537982658732938,13.599274705349048,32.32758620689655,18.51851851851852,3.1354285714285717,0.8537846595588136,0.2723023791193591,1.1921509971475928,-0.005819476908492639,0.0011084400688923116,0.3105884452128969,0.3084567456062352,0.1,0.6555743767913346,1.248,0,0.0,30.0
-0.0013196275633373836,0.0024807683715557787,0.0028099161231665386,0.05921721464423453,ampd,3,6.773547577687705,0.8022099980698707,5.971337579617835,7.575757575757576,6.773547577687705,8.984,1.064,0.11843276936776492,2.128,0.002314484681091008,0.0005076570476146257,0.34015231612636787,0.443145863545233,0.11666666666666667,0.6587646314435844,1.248,1,30.0,60.0
-0.0006748872318006462,0.0011789741420811367,0.001358474439709298,0.013840896025076183,ampd,8,18.658694260075144,2.0354059441132897,16.33986928104575,22.761760242792107,18.270401948842874,3.2514285714285713,0.32977518625479957,0.10142470579014047,0.47787864568319016,0.0007571861706162686,0.0010355199395017428,0.675312043166307,0.3242248654576723,0.3004945265127895,0.33125471673928636,3.3,2,60.0,90.0
0.00424743092288265,0.00670871537191375,0.007940247564529181,0.472856485395087,ampd,11,26.743026977648675,10.319568565344651,12.908777969018933,49.83388704318937,25.52052040486204,2.6076,1.0382376606538601,0.398158329749141,1.068059091165944,0.006582839419283195,0.008381000040939557,0.5308920553462081,0.392487540176077,0.10450601346360446,0.4535568785451247,1.248,3,90.0,120.0
