signal_mean,signal_std,signal_rms,signal_energy,peak_method,n_breaths,resp_rate_mean,resp_rate_std,resp_rate_min,resp_rate_max,resp_rate_median,bbi_mean,bbi_std,bbi_cv,bbi_rmssd,peak_amp_mean,peak_amp_std,spi,spectral_rqi,dominant_freq_hz,ac_rqi,dominant_period_sec,segment,start_sec,end_sec
-0.004143400033507178,0.3617137245755056,0.36173745494505044,981.404897325918,ampd,5,12.404502197251155,2.085650234458308,10.615711252653927,15.856236786469346,11.573030374940675,4.960000000000001,0.7350809479234243,0.14820180401681937,1.528978744129558,0.5752950875081315,0.10927085085692322,0.8467591774572762,0.8122063190243458,0.19985516428338418,0.6294048729760531,4.832,0,0.0,30.0
-0.0037075297794232276,0.4824012200700426,0.4824154671049955,1745.4351217659826,ampd,6,13.94347114612405,3.4013342502297235,11.691348402182387,20.718232044198896,12.437810945273633,4.5008,0.8122163258639905,0.18046043500355283,0.989603961188515,0.776217767860858,0.15594002165821058,0.9036528024069859,0.51171911689613,0.2032171227054789,0.3621474574510589,4.804,1,30.0,60.0
-0.006168200287640449,0.5491402090103301,0.5491748499764875,2261.9476188502317,ampd,8,19.269483062142843,1.634044201921306,16.008537886872997,21.8978102189781,19.455252918287936,3.1377142857142863,0.2847423468359293,0.0907483349049128,0.48667853866797944,0.9022076718847911,0.11115194391776559,0.91431172133563,0.7603138338568801,0.300724153645223,0.6489600794738304,3.196,2,60.0,90.0
0.030646830807251148,0.5672771822019997,0.5681044179423085,2420.569722641768,ampd,9,22.789656563420575,6.51198979899107,11.380880121396054,33.1858407079646,21.56749649586326,2.907,1.0234720318601775,0.35207156238740195,1.8563885061361174,0.8826343619899075,0.29014364356939415,0.7846521831637089,0.3350920482018396,0.3986563191386899,0.26180303641764696,5.248,3,90.0,120.0
