signal_mean,signal_std,signal_rms,signal_energy,peak_method,n_breaths,resp_rate_mean,resp_rate_std,resp_rate_min,resp_rate_max,resp_rate_median,bbi_mean,bbi_std,bbi_cv,bbi_rmssd,peak_amp_mean,peak_amp_std,spi,spectral_rqi,dominant_freq_hz,ac_rqi,dominant_period_sec,segment,start_sec,end_sec
0.07933639237410958,2.7263876957447843,2.7275417743205135,55796.13097997621,ampd,8,19.471313675015704,4.600723771187125,14.880952380952381,28.46299810246679,17.40139211136891,3.2348571428571433,0.6588950552838828,0.2036859824671957,1.0152306798621353,3.070951054271349,4.328451719053472,0.6665427866550843,0.22207341390726254,0.17381937680596335,0.10357117552681086,4.72,0,0.0,30.0
-0.008879216118224375,0.1719784487934579,0.17220751240372223,222.41570496208607,ampd,26,61.00703013284485,17.87372438728675,34.09090909090909,106.38297872340426,60.24096385542169,1.07104,0.3201545226917777,0.2989192959103093,0.5092307924703691,0.19775391770994852,0.1424347534915898,0.4874759041992881,0.4041982316759607,0.36145264046885567,0.29799094289539263,2.732,1,30.0,60.0
-0.0057099078625917725,0.15511006066874425,0.15521512158440234,180.68800476345604,ampd,29,63.85710184673183,15.932560188732381,31.25,95.54140127388536,66.22548828505711,1.0222857142857142,0.34687079285920785,0.3393090483530541,0.5389064372858688,0.1667979487244197,0.12596473951713896,0.43647025915519966,0.37949594261419883,0.32855669384750075,0.2731551228345776,2.54,2,60.0,90.0
-0.000987743593230638,0.11903264934963449,0.11903674747152246,106.27310436449255,ampd,31,66.39608104945934,14.900863514930894,33.40757238307349,104.89510489510491,66.66666666666667,0.9616551724137932,0.27733016248682774,0.28838836460549355,0.452921942186825,0.13268815879976287,0.06578155114579978,0.37266486600504417,0.607438542811968,0.3283544020904202,0.43635091575462576,2.596,3,90.0,120.0
-0.006801486426847382,0.17053261195952943,0.1706681925824318,218.45723969515524,ampd,33,74.07030222118146,17.02014677127457,27.829313543599255,109.4890510948905,73.1724728726442,0.8712500000000001,0.29485663889422603,0.33842942771216755,0.4852997743330837,0.16335922807845496,0.12684276732921898,0.5298518127030016,0.5571029520652092,0.36573275511897446,0.3804582109839724,2.46,4,120.0,150.0
