signal_mean,signal_std,signal_rms,signal_energy,peak_method,n_breaths,resp_rate_mean,resp_rate_std,resp_rate_min,resp_rate_max,resp_rate_median,bbi_mean,bbi_std,bbi_cv,bbi_rmssd,peak_amp_mean,peak_amp_std,spi,spectral_rqi,dominant_freq_hz,ac_rqi,dominant_period_sec,segment,start_sec,end_sec
0.0004775096217463832,0.0035195190771092604,0.003551764346489839,0.09461272479747296,ampd,7,16.26330562985159,2.633947180190456,11.655011655011656,20.161290322580644,16.09854911754184,3.7979999999999996,0.6834100769913575,0.17993946208303252,1.3131421857514134,0.006773597583177296,0.0013603530930053462,0.9197556782604323,0.7894708203847021,0.2673711823748147,0.5726734864815632,7.532,0,0.0,30.0
-0.00032162033916728253,0.002961507625565614,0.002978920451916995,0.06655475294137017,ampd,6,13.95853833099994,0.4933301434941027,13.054830287206267,14.534883720930232,14.044943820224718,4.304,0.15727682601069998,0.036542013478322484,0.2911150975129939,0.004749497568652532,0.0008546287514575789,0.9457332624075253,0.8808505728724794,0.2334526030624544,0.7498744787887226,4.364,1,30.0,60.0
0.00038007628100052626,0.002958735628227903,0.002983047853643041,0.06673930872843266,ampd,8,17.621232740692882,3.6229225294408147,13.525698827772768,25.16778523489933,17.142857142857142,3.5365714285714285,0.6563115238410269,0.18557847256774876,0.9488659898355861,0.005145906938957476,0.001299095997396502,0.8809544803728331,0.44361380595762445,0.20600135676948375,0.3672378827911178,3.612,2,60.0,90.0
-0.00028612053884850705,0.0026918132693154796,0.0027069768450457515,0.05495792729710389,ampd,6,14.431294594065136,0.4867738689530882,13.774104683195592,15.060240963855422,14.66275659824047,4.1624,0.1414123049808608,0.0339737423075295,0.18729655629509043,0.004242949388850919,0.0003596582037199761,0.9630408546916274,0.7595350731682544,0.23851362318267452,0.7385654946503113,4.016,3,90.0,120.0
