signal_mean,signal_std,signal_rms,signal_energy,peak_method,n_breaths,resp_rate_mean,resp_rate_std,resp_rate_min,resp_rate_max,resp_rate_median,bbi_mean,bbi_std,bbi_cv,bbi_rmssd,peak_amp_mean,peak_amp_std,spi,spectral_rqi,dominant_freq_hz,ac_rqi,dominant_period_sec,segment,start_sec,end_sec
0.18379480134570073,1.4733573761155594,1.4847769148110537,16534.218650668732,ampd,8,18.34197793251929,3.7388753501858902,12.520868113522537,24.4299674267101,18.89168765743073,3.424,0.7649463099740119,0.2234072166980175,1.256356637265072,2.5665210538018077,3.0072808623377885,0.4235888566753145,0.435744965961418,0.25135841737476955,0.20011896185269523,3.684,0,0.0,30.0
-0.0028967569936703104,0.19963877235445193,0.19965978720882446,298.98022971204796,ampd,10,23.524741931321234,5.942875708297717,18.270401948842874,35.714285714285715,20.491803278688526,2.686222222222222,0.5436178759585896,0.2023726374763115,0.6383729317569785,0.2893728142248281,0.05580203039824247,0.7597946954991152,0.4338005121014601,0.30943587296980946,0.3563065213329443,3.108,1,30.0,60.0
0.000903985409529983,0.16300007003935937,0.1630025767356354,199.27380016842528,ampd,11,27.257514526835724,5.479990922023362,18.939393939393938,34.96503496503497,26.57108489590838,2.296,0.4775035078405184,0.2079719110803652,0.5634544248551865,0.22347765206029785,0.08858166265480862,0.7198968307411473,0.5467867678934338,0.31173314875134017,0.27067882375336316,2.68,2,60.0,90.0
-0.020560545603173674,0.16734616927275278,0.16860449699152455,213.20607304323758,ampd,10,21.74371392546657,2.7232678274064916,15.212981744421906,24.4299674267101,22.52252252252252,2.814222222222222,0.4410940382926116,0.15673745833202404,0.3476463720506802,0.23356560578962643,0.07363719798237002,0.7574999460830923,0.6261828666756897,0.3332004186435977,0.5074728270045518,2.696,3,90.0,120.0
-0.009951756910497602,0.19243867132749115,0.1926958216669365,278.48759765921847,ampd,9,21.870868784519843,2.3372339408034475,17.40139211136891,24.875621890547265,21.44635396652795,2.777,0.3170410068114218,0.11416672913626999,0.37727443592165105,0.2688735288861819,0.06328551101870362,0.7421406208547987,0.5713121050008595,0.3711421453455105,0.4254233976444708,2.732,4,120.0,150.0
