signal_mean,signal_std,signal_rms,signal_energy,peak_method,n_breaths,resp_rate_mean,resp_rate_std,resp_rate_min,resp_rate_max,resp_rate_median,bbi_mean,bbi_std,bbi_cv,bbi_rmssd,peak_amp_mean,peak_amp_std,spi,spectral_rqi,dominant_freq_hz,ac_rqi,dominant_period_sec,segment,start_sec,end_sec
0.0047671276409140765,0.34004748877736457,0.34008090233022004,867.4126509730249,ampd,7,16.748491430690134,2.38970965384389,13.636363636363635,19.736842105263158,16.66162415914154,3.6573333333333324,0.526384734665519,0.14392582974813686,1.0443508988840868,0.5595192491557449,0.09501977595620234,0.8453910487916437,0.6159285083108652,0.26742818717592953,0.4825061064886231,7.468,0,0.0,30.0
0.006070881749087251,0.246676396654707,0.24675108970734405,456.6457520382131,ampd,6,14.361762544809078,1.6576393674660423,13.146362839614373,17.626321974148063,13.850415512465375,4.2264,0.421969477569172,0.09984134903680958,0.48785243670601874,0.4260222786454291,0.03937276036361684,0.9178349033898838,0.6475896445172831,0.23350218981295792,0.7468583148055742,4.372,1,30.0,60.0
-0.004019445205256805,0.25115646002606223,0.2511886210650893,473.21792514435776,ampd,8,17.932355216427208,4.356531967312851,13.863216266173751,27.173913043478258,17.98561151079137,3.518285714285714,0.7274498930777126,0.20676259751274925,1.252445075309359,0.4097250768641042,0.05227874566299424,0.8860529261637556,0.5242805808640871,0.3014918532397432,0.39934267146963226,3.316,2,60.0,90.0
0.006786269246504015,0.2288315360882024,0.22893214138423706,393.07444019079236,ampd,6,14.481736547346424,0.9324486464724091,13.562386980108498,16.268980477223426,14.177693761814744,4.1592,0.24954871267950873,0.0599992096267332,0.3287430607632653,0.38488801267089207,0.03095228003136303,0.8803341297248163,0.7128912039969626,0.23725136720339263,0.7266844341076927,4.144,3,90.0,120.0
