signal_mean,signal_std,signal_rms,signal_energy,peak_method,n_breaths,resp_rate_mean,resp_rate_std,resp_rate_min,resp_rate_max,resp_rate_median,bbi_mean,bbi_std,bbi_cv,bbi_rmssd,peak_amp_mean,peak_amp_std,spi,spectral_rqi,dominant_freq_hz,ac_rqi,dominant_period_sec,segment,start_sec,end_sec
-3.818578885299428e-05,0.004047087002912715,0.004047267147547261,0.12285278522711507,ampd,6,13.522527361490194,0.6592108763101773,12.776831345826237,14.720314033366046,13.392857142857142,4.4472,0.2086052731835896,0.046907104061789356,0.3202311665031998,0.00598196946668639,0.0003593273464098728,0.9708506212795838,0.9283204693121718,0.23255143807768883,0.8427570762752895,4.428,0,0.0,30.0
-0.0001786761709373809,0.00397810825746133,0.0039821188432972296,0.11892952861607148,ampd,6,13.515001310982152,0.5887379102696807,12.658227848101266,14.354066985645934,13.736263736263735,4.4479999999999995,0.1950097433463263,0.04384211855807696,0.24836263809196435,0.005819582126609852,0.0010058845119861916,0.9756014338869549,0.9422645682981956,0.23249067346836724,0.7636269540097219,4.396,1,30.0,60.0
-7.97267414634663e-05,0.003803945330069368,0.0038047807331646507,0.10857267320595702,ampd,6,14.81175003508893,0.3279487020243563,14.409221902017292,15.368852459016393,14.677103718199609,4.0527999999999995,0.08863046880164858,0.021868947098709186,0.1563841424185969,0.005665211434553762,0.0009201093016699133,0.9393563622606595,0.8281903902344129,0.24051855265094096,0.8349017864178516,3.984,2,60.0,90.0
-0.00021983772871894433,0.003723436710117604,0.003729920851870682,0.10434232170914785,ampd,7,14.664935680124273,1.0731874917577116,12.95336787564767,16.483516483516482,14.479425519009139,4.113333333333333,0.30101753363476264,0.07318092389824052,0.41967225307375255,0.005316526664269764,0.0008826176044634204,0.965173659442028,0.8862102263656142,0.24080718461538136,0.7831899455819111,4.032,3,90.0,120.0
