signal_mean,signal_std,signal_rms,signal_energy,peak_method,n_breaths,resp_rate_mean,resp_rate_std,resp_rate_min,resp_rate_max,resp_rate_median,bbi_mean,bbi_std,bbi_cv,bbi_rmssd,peak_amp_mean,peak_amp_std,spi,spectral_rqi,dominant_freq_hz,ac_rqi,dominant_period_sec,segment,start_sec,end_sec
0.0006038295159138764,0.0037229730374864025,0.003771622770392012,0.10668853741604636,ampd,6,13.495091222387439,0.8307809657186507,12.647554806070827,14.910536779324056,13.416815742397137,4.462400000000001,0.26574694730137544,0.05955247115932579,0.4190035799369737,0.006065132556073843,0.00019818549325745127,0.9736981293418056,0.929374537224725,0.23250878127965072,0.8426104085410764,4.428,0,0.0,30.0
0.00042084525793400617,0.0037086947931042067,0.0037324961888157092,0.10448645849642846,ampd,6,13.564835717367174,1.0525534942819423,11.857707509881424,14.807502467917079,14.018691588785046,4.4512,0.3614849374455316,0.08121067070577184,0.5570888618523976,0.005928214580212067,0.0007779883539356868,0.9677667583464601,0.9303394267387,0.23197491983089094,0.7643554674933489,4.416,1,30.0,60.0
-0.0006083910512514857,0.0036679345480093335,0.0037180483482229386,0.10367912639792491,ampd,6,14.9227216032213,0.4757245927866989,14.218009478672986,15.657620041753654,14.955134596211368,4.024800000000001,0.12823478467249047,0.03186115699475513,0.19405153954555468,0.004810271594670869,0.00045662583371897363,0.9369557662824285,0.8115891228760086,0.2422710434678923,0.8230557780237219,3.96,2,60.0,90.0
-0.0008336201888068202,0.0034393836399105896,0.003538966295639298,0.09393211831253201,ampd,7,14.837852333256363,1.382029763412071,12.853470437017995,16.778523489932887,14.825751659508004,4.0793333333333335,0.38350952472599115,0.09401279409854334,0.596024160584116,0.004258650784662638,0.0013542803622743614,0.9613280300573985,0.8662189415359566,0.24026395725627875,0.7516883959879536,4.048,3,90.0,120.0
