signal_mean,signal_std,signal_rms,signal_energy,peak_method,n_breaths,resp_rate_mean,resp_rate_std,resp_rate_min,resp_rate_max,resp_rate_median,bbi_mean,bbi_std,bbi_cv,bbi_rmssd,peak_amp_mean,peak_amp_std,spi,spectral_rqi,dominant_freq_hz,ac_rqi,dominant_period_sec,segment,start_sec,end_sec
-0.005977797289793485,0.324666507583111,0.32472153486741856,790.830564049891,ampd,6,13.19003193128807,0.4226304421022905,12.573344509639563,13.736263736263735,13.297872340425533,4.5536,0.14704774734758772,0.03229263601273447,0.18916659324521337,0.4967165320855842,0.0529320139544866,0.9685154946740459,0.908779445611208,0.2324868123558665,0.8186984235120858,4.436,0,0.0,30.0
-0.003469447271672637,0.33126358096500297,0.33128174887567835,823.10697853596,ampd,6,13.615139612878522,0.984422285553486,12.479201331114808,15.384615384615385,13.25088339222615,4.4288,0.3040989312707297,0.06866395666336923,0.530199962278384,0.507839707905733,0.07152198242831195,0.9684188626680101,0.9198482461691262,0.23274280323978602,0.7819626896903802,4.412,1,30.0,60.0
0.021744011879702096,0.35403706717572436,0.35470416826845014,943.6128524025975,ampd,6,14.89819670687719,1.183645201853024,13.537906137184114,16.853932584269664,14.66275659824047,4.0520000000000005,0.31111669836252775,0.0767810213135557,0.5625299992000429,0.5426649094615934,0.045640830602431376,0.9570880153468425,0.8201130568763862,0.2406065635562544,0.8294212793560466,3.956,2,60.0,90.0
-0.017509352080159954,0.3320654714265647,0.33252677294319266,829.3054104301021,ampd,6,15.443443359448727,1.7569314508383818,13.623978201634877,18.703241895261844,15.060240963855422,3.9311999999999996,0.4066125428463809,0.10343216901871717,0.7173869248878181,0.5286966751915538,0.12143356482763107,0.9445912737984578,0.8319599862761169,0.24291705877361033,0.7390721889099005,4.036,3,90.0,120.0
