signal_mean,signal_std,signal_rms,signal_energy,peak_method,n_breaths,resp_rate_mean,resp_rate_std,resp_rate_min,resp_rate_max,resp_rate_median,bbi_mean,bbi_std,bbi_cv,bbi_rmssd,peak_amp_mean,peak_amp_std,spi,spectral_rqi,dominant_freq_hz,ac_rqi,dominant_period_sec,segment,start_sec,end_sec
-0.007193372018369891,0.031038255722918004,0.031860915230355814,7.613384394869394,ampd,33,73.26707972711596,26.04631266011817,24.154589371980677,111.1111111111111,79.57615670381628,0.9806153846153847,0.48698721171987486,0.4966138807937224,0.758848812346702,-0.007730940485848395,0.03234272981265872,0.1425277259476957,0.38366505664609285,0.11666666666666667,0.8291244869675587,1.248,0,0.0,30.0
0.002548168180749128,0.0009730854443891925,0.0027276466705686855,0.05580042269598325,ampd,9,21.583337402117955,5.5806319763256935,15.479876160990713,34.24657534246575,20.06523098918774,2.94,0.6420903363234803,0.2183980735794151,0.9282992128464984,0.003913356276118649,0.001255778651519559,0.4796493885676024,0.2563632378716525,0.3016485150414687,0.3285222844739998,3.052,1,30.0,60.0
0.003150497132457297,0.0008977811735755829,0.003275918682941993,0.08048732412936302,ampd,48,82.05220329808175,22.28130622486515,47.92332268370607,118.11023622047244,75.37688442211055,0.78704,0.21187854634200226,0.2692093747992507,0.2877081854935657,0.0036111373929796926,0.0010289673457690247,0.44437734037568977,0.4036522433397459,0.29015794715344084,0.334522465735999,2.668,2,60.0,90.0
0.0035521775641760393,0.0006831321625794932,0.003617268997321896,0.09813476249239617,ampd,12,27.540610949851782,7.550354090539222,16.286644951140065,42.492917847025495,25.38071065989848,2.3425454545454545,0.626578060672174,0.2674774397467368,0.9101305400875198,0.004407474948635839,0.0005541402452034742,0.6181084499111917,0.43948476151644766,0.1,0.25390644997096157,2.592,3,90.0,120.0
0.0002667710206356687,0.001928482375811412,0.0019468464375153535,0.028426582884496676,ampd,42,84.96116985333393,22.89955668342298,35.79952267303103,119.04761904761905,84.74576271186442,0.7731034482758621,0.26604411674960027,0.3441248610944874,0.37007643998040657,0.0009194330314697177,0.0017454178623653514,0.10799123119687253,0.35598541920301807,0.3615839680056866,0.792781461915555,1.248,4,120.0,150.0
