signal_mean,signal_std,signal_rms,signal_energy,peak_method,n_breaths,resp_rate_mean,resp_rate_std,resp_rate_min,resp_rate_max,resp_rate_median,bbi_mean,bbi_std,bbi_cv,bbi_rmssd,peak_amp_mean,peak_amp_std,spi,spectral_rqi,dominant_freq_hz,ac_rqi,dominant_period_sec,segment,start_sec,end_sec
-0.006437728200732693,0.42255424528790975,0.42260328270757846,1339.451509164161,ampd,6,13.621835845337358,1.0930660111589083,12.54180602006689,15.479876160990713,13.477088948787062,4.4319999999999995,0.3410102637751539,0.07694274904674052,0.5798103138096115,0.6629057454836603,0.052369546963065464,0.9574497111656983,0.8981179591169709,0.23263991915445903,0.8073935236721084,4.456,0,0.0,30.0
-0.0074903361355489586,0.4301447476250503,0.4302099592580833,1388.1045678363128,ampd,6,13.738594001314084,1.0691447172216626,12.31527093596059,15.24390243902439,13.333333333333334,4.3936,0.3390584610358514,0.077170989857031,0.5460073259581778,0.6442878378639904,0.07605323372497787,0.9597640664094946,0.919472445714558,0.2328122644083811,0.7679084024851174,4.42,1,30.0,60.0
0.02698592296269546,0.4586122301634173,0.4594055046400856,1582.9006327020882,ampd,6,15.276042593353347,1.4319061431160816,12.520868113522537,16.703786191536746,15.706806282722514,3.9671999999999996,0.42202104212941793,0.10637755649561857,0.7730097023970656,0.6915536966451249,0.047226107759230904,0.9513640714668812,0.814636122478017,0.23996608679567932,0.8274515461417977,3.952,2,60.0,90.0
-0.019029409962142533,0.4474692570692219,0.4478737036995906,1504.4314084919151,ampd,6,15.07765731543778,1.206678304669225,13.698630136986301,16.722408026755854,14.9402390438247,4.0048,0.3177460621313819,0.07934130596568664,0.4023331952499071,0.7071140022386776,0.14859425630695836,0.9387873472061539,0.8367205224081568,0.2437563253619189,0.7258585441975408,3.964,3,90.0,120.0
