{
    "lead1_mean_hr": 56.10335053330888,
    "lead1_std_hr": 1.8156157588613253,
    "lead1_min_hr": 52.447552447552454,
    "lead1_max_hr": 60.483870967741936,
    "lead1_median_hr": 55.97014925373134,
    "lead1_mean_hr_filtered": 56.10335053330888,
    "lead1_std_hr_filtered": 1.8156157588613253,
    "lead1_mean_rr": 1070.5666666666666,
    "lead1_std_rr": 34.37749586898706,
    "lead1_sdnn": 34.37749586898706,
    "lead1_median_rr": 1072.0,
    "lead1_rmssd": 37.01101357772332,
    "lead1_pnn50": 20.168067226890756,
    "lead1_pnn20": 60.50420168067227,
    "lead1_meandist": 48.18450545007567,
    "lead1_cv_rr": 0.032111494724588595,
    "lead1_range_rr": 152.0,
    "lead1_iqr_rr": 53.0,
    "lead1_global_features": 