{
    "n_matched_beats": 82,
    "n_segments": 10,
    "pearson_r": 0.9994053570131931,
    "pearson_p": 9.027677975832108e-119,
    "spearman_r": 0.9978703500726486,
    "spearman_p": 1.273391792066448e-96,
    "mean_rr_dev_ms": 980.3414634146342,
    "mean_rr_ref_ms": 980.7317073170732,
    "bias_ms": -0.3902439024390244,
    "std_diff_ms": 3.282459286099653,
    "loa_upper_ms": 6.0433762983162955,
    "loa_lower_ms": -6.823864103194345,
    "mae_rr_ms": 2.1463414634146343,
    "rmse_rr_ms": 3.3055754821653496,
    "timing_mae_ms": 12.390243902439025,
    "timing_bias_ms": 0.0975609756097561
}