{
    "n_matched_beats": 41,
    "n_segments": 11,
    "pearson_r": 0.2630438291685455,
    "pearson_p": 0.09658869711454277,
    "spearman_r": 0.2631096802996173,
    "spearman_p": 0.0965021975445772,
    "mean_rr_dev_ms": 913.8536585365854,
    "mean_rr_ref_ms": 924.4878048780488,
    "bias_ms": -10.634146341463415,
    "std_diff_ms": 67.90299971733745,
    "loa_upper_ms": 122.45573310451799,
    "loa_lower_ms": -143.72402578744482,
    "mae_rr_ms": 55.707317073170735,
    "rmse_rr_ms": 68.73065137931104,
    "timing_mae_ms": 71.41463414634147,
    "timing_bias_ms": 14.634146341463415
}