{
    "n_matched_beats": 65,
    "n_segments": 9,
    "pearson_r": 0.997983920645668,
    "pearson_p": 3.6478221313675104e-77,
    "spearman_r": 0.9964924108662926,
    "spearman_p": 1.3434803702873757e-69,
    "mean_rr_dev_ms": 1080.7384615384615,
    "mean_rr_ref_ms": 1080.7384615384615,
    "bias_ms": 0.0,
    "std_diff_ms": 1.9845557534273353,
    "loa_upper_ms": 3.889729276717577,
    "loa_lower_ms": -3.889729276717577,
    "mae_rr_ms": 0.9846153846153847,
    "rmse_rr_ms": 1.9845557534273353,
    "timing_mae_ms": 2.646153846153846,
    "timing_bias_ms": 1.5384615384615385
}