{
    "n_matched_beats": 148,
    "n_segments": 15,
    "pearson_r": 0.9990743209134819,
    "pearson_p": 2.1455685709493128e-201,
    "spearman_r": 0.9985606459869555,
    "spearman_p": 2.080840262536095e-187,
    "mean_rr_dev_ms": 844.1621621621622,
    "mean_rr_ref_ms": 845.0,
    "bias_ms": -0.8378378378378378,
    "std_diff_ms": 2.4274724204575038,
    "loa_upper_ms": 3.9200081062588694,
    "loa_lower_ms": -5.595683781934545,
    "mae_rr_ms": 1.5945945945945945,
    "rmse_rr_ms": 2.567994274642098,
    "timing_mae_ms": 66.4054054054054,
    "timing_bias_ms": -65.0
}