{
    "n_matched_beats": 40,
    "n_segments": 11,
    "pearson_r": 0.30455290263195817,
    "pearson_p": 0.056036658636648126,
    "spearman_r": 0.29354823583933815,
    "spearman_p": 0.06599951551403792,
    "mean_rr_dev_ms": 912.4,
    "mean_rr_ref_ms": 925.9,
    "bias_ms": -13.5,
    "std_diff_ms": 65.65173265040306,
    "loa_upper_ms": 115.17739599479,
    "loa_lower_ms": -142.17739599479,
    "mae_rr_ms": 54.5,
    "rmse_rr_ms": 67.0253683316996,
    "timing_mae_ms": 72.8,
    "timing_bias_ms": 15.6
}