{
    "n_matched_beats": 149,
    "n_segments": 15,
    "pearson_r": 0.9988569044365221,
    "pearson_p": 4.949425320723227e-196,
    "spearman_r": 0.9983559310357798,
    "spearman_p": 1.9400999163303826e-184,
    "mean_rr_dev_ms": 844.48322147651,
    "mean_rr_ref_ms": 845.3691275167786,
    "bias_ms": -0.8859060402684564,
    "std_diff_ms": 2.6960826699090017,
    "loa_upper_ms": 4.398415992753187,
    "loa_lower_ms": -6.1702280732901,
    "mae_rr_ms": 1.7986577181208054,
    "rmse_rr_ms": 2.837902619042413,
    "timing_mae_ms": 60.053691275167786,
    "timing_bias_ms": -56.88590604026846
}