{
    "n_matched_beats": 65,
    "n_segments": 9,
    "pearson_r": 0.9976455681784634,
    "pearson_p": 4.811517893175733e-75,
    "spearman_r": 0.9963701031272306,
    "spearman_p": 3.947665638991625e-69,
    "mean_rr_dev_ms": 1080.923076923077,
    "mean_rr_ref_ms": 1080.7384615384615,
    "bias_ms": 0.18461538461538463,
    "std_diff_ms": 2.1547250953860426,
    "loa_upper_ms": 4.407876571572029,
    "loa_lower_ms": -4.038645802341259,
    "mae_rr_ms": 1.1692307692307693,
    "rmse_rr_ms": 2.1626194942529944,
    "timing_mae_ms": 2.830769230769231,
    "timing_bias_ms": -2.4615384615384617
}