{
    "n_matched_beats": 82,
    "n_segments": 10,
    "pearson_r": 0.9996841539947776,
    "pearson_p": 9.260693674476728e-130,
    "spearman_r": 0.9987418000820731,
    "spearman_p": 9.328788722862216e-106,
    "mean_rr_dev_ms": 980.390243902439,
    "mean_rr_ref_ms": 980.8780487804878,
    "bias_ms": -0.4878048780487805,
    "std_diff_ms": 2.369747863705584,
    "loa_upper_ms": 4.156900934814164,
    "loa_lower_ms": -5.132510690911726,
    "mae_rr_ms": 1.4634146341463414,
    "rmse_rr_ms": 2.4194335156365354,
    "timing_mae_ms": 12.731707317073171,
    "timing_bias_ms": -0.14634146341463414
}