{
    "ref_lead1_mean_hr": 56.08514014078069,
    "ref_lead1_std_hr": 1.8353358311359482,
    "ref_lead1_min_hr": 52.264808362369344,
    "ref_lead1_max_hr": 60.24096385542169,
    "ref_lead1_median_hr": 55.86611551905898,
    "ref_lead1_mean_hr_filtered": 56.08514014078069,
    "ref_lead1_std_hr_filtered": 1.8353358311359482,
    "ref_lead1_mean_rr": 1070.9411764705883,
    "ref_lead1_std_rr": 34.83035174294806,
    "ref_lead1_sdnn": 34.83035174294806,
    "ref_lead1_median_rr": 1074.0,
    "ref_lead1_rmssd": 36.162449754921575,
    "ref_lead1_pnn50": 15.841584158415841,
    "ref_lead1_pnn20": 57.42574257425743,
    "ref_lead1_meandist": 46.623528571286876,
    "ref_lead1_cv_rr": 0.03252312312589899,
    "ref_lead1_range_rr": 152.0,
    "ref_lead1_iqr_rr": 55.0,
    "ref_lead1_global_ecg_r_peak_indices_mean": 14030.174757281553,
    "ref_lead1_global_ecg_r_peak_indices_std": 7991.0591062363455,
    "ref_lead1_global_ecg_r_peak_indices_min": 233.0,
    "ref_lead1_global_ecg_r_peak_indices_max": 27542.0,
    "ref_lead1_global_heart_rate_mean": 2.9539000819567613,
    "ref_lead1_global_heart_rate_std": 7.257285981365496,
    "ref_lead1_global_heart_rate_min": 0.5446227579696463,
    "ref_lead1_global_heart_rate_max": 64.37768240343348,
    "ref_lead1_global_root_mean_square_of_successive_differences": 16146.294601524627,
    "ref_lead1_global_mean_rr_interval": 14030.174757281553,
    "ref_lead1_global_sdnn": 7991.0591062363455,
    "ref_lead1_global_mean_heart_rate": 1.06912424538512,
    "ref_lead1_global_std_heart_rate": 7.257285981365496,
    "ref_lead1_global_nn_xx": 103.0,
    "ref_lead1_global_pnn_xx": 250.0,
    "ref_lead1_global_min_heart_rate": 0.5446227579696463,
    "ref_lead1_global_max_heart_rate": 64.37768240343348,
    "ref_lead1_r_amp_mean": 0.0005802838334679801,
    "ref_lead1_r_amp_std": 4.729714878035768e-05,
    "ref_lead1_r_amp_min": 0.0004910556012480821,
    "ref_lead1_r_amp_max": 0.0006505823279875717,
    "ref_lead1_r_amp_median": 0.0005954985282117725,
    "ref_lead1_mean": 1.4764255099557092e-07,
    "ref_lead1_std": 0.0001913702124342746,
    "ref_lead1_var": 3.662255820713939e-08,
    "ref_lead1_min": -0.0002268555208800728,
    "ref_lead1_max": 0.0006505823279875717,
    "ref_lead1_median": -9.417229669263916e-05,
    "ref_lead1_range": 0.0008774378488676445,
    "ref_lead1_iqr": 0.00012394497041095636,
    "ref_lead1_skewness": 1.7674572676540534,
    "ref_lead1_kurtosis": 1.9571822960271925,
    "ref_lead1_rms": 0.00019137026938754683,
    "ref_lead1_energy": 0.0010162765951515773,
    "ref_lead1_zcr": 0.01971171171171171,
    "ref_lead1_mav": 0.00014159626333110683,
    "ref_lead1_p5": -0.0001450687661332328,
    "ref_lead1_p25": -0.0001083895130020833,
    "ref_lead1_p75": 1.5555457408873062e-05,
    "ref_lead1_p95": 0.0004962208199446433,
    "ref_lead2_mean_hr": 56.08532580930079,
    "ref_lead2_std_hr": 1.8379578991590957,
    "ref_lead2_min_hr": 52.264808362369344,
    "ref_lead2_max_hr": 60.24096385542169,
    "ref_lead2_median_hr": 55.86611551905898,
    "ref_lead2_mean_hr_filtered": 56.08532580930079,
    "ref_lead2_std_hr_filtered": 1.8379578991590957,
    "ref_lead2_mean_rr": 1070.9411764705883,
    "ref_lead2_std_rr": 34.88884970746434,
    "ref_lead2_sdnn": 34.88884970746434,
    "ref_lead2_median_rr": 1074.0,
    "ref_lead2_rmssd": 36.13615616219049,
    "ref_lead2_pnn50": 19.801980198019802,
    "ref_lead2_pnn20": 58.415841584158414,
    "ref_lead2_meandist": 46.27332461315512,
    "ref_lead2_cv_rr": 0.03257774607420047,
    "ref_lead2_range_rr": 152.0,
    "ref_lead2_iqr_rr": 56.0,
    "ref_lead2_global_ecg_r_peak_indices_mean": 14030.320388349515,
    "ref_lead2_global_ecg_r_peak_indices_std": 7991.063002320782,
    "ref_lead2_global_ecg_r_peak_indices_min": 233.0,
    "ref_lead2_global_ecg_r_peak_indices_max": 27542.0,
    "ref_lead2_global_heart_rate_mean": 2.953842261943261,
    "ref_lead2_global_heart_rate_std": 7.257257946814003,
    "ref_lead2_global_heart_rate_min": 0.5446227579696463,
    "ref_lead2_global_heart_rate_max": 64.37768240343348,
    "ref_lead2_global_root_mean_square_of_successive_differences": 16146.42307468735,
    "ref_lead2_global_mean_rr_interval": 14030.320388349515,
    "ref_lead2_global_sdnn": 7991.063002320782,
    "ref_lead2_global_mean_heart_rate": 1.069113148154171,
    "ref_lead2_global_std_heart_rate": 7.257257946814003,
    "ref_lead2_global_nn_xx": 103.0,
    "ref_lead2_global_pnn_xx": 250.0,
    "ref_lead2_global_min_heart_rate": 0.5446227579696463,
    "ref_lead2_global_max_heart_rate": 64.37768240343348,
    "ref_lead2_r_amp_mean": 0.0008316134190795853,
    "ref_lead2_r_amp_std": 1.4298151445808953e-05,
    "ref_lead2_r_amp_min": 0.0007960042800047866,
    "ref_lead2_r_amp_max": 0.0008615452439854646,
    "ref_lead2_r_amp_median": 0.0008333170747295911,
    "ref_lead2_mean": 1.5934204481752854e-07,
    "ref_lead2_std": 0.00016991876312965405,
    "ref_lead2_var": 2.8872386063511486e-08,
    "ref_lead2_min": -0.00020033104675778633,
    "ref_lead2_max": 0.0008615452439854646,
    "ref_lead2_median": -6.88545424810436e-05,
    "ref_lead2_range": 0.0010618762907432509,
    "ref_lead2_iqr": 9.07686149423084e-05,
    "ref_lead2_skewness": 2.483330258662456,
    "ref_lead2_kurtosis": 6.717354221356485,
    "ref_lead2_rms": 0.00016991883784147873,
    "ref_lead2_energy": 0.000801209417831815,
    "ref_lead2_zcr": 0.022306306306306305,
    "ref_lead2_mav": 0.00011478187145675485,
    "ref_lead2_p5": -0.00013876190281168698,
    "ref_lead2_p25": -8.463718840468444e-05,
    "ref_lead2_p75": 6.131426537623964e-06,
    "ref_lead2_p95": 0.0003703861745122647,
    "ref_lead3_mean_hr": 56.08589831773797,
    "ref_lead3_std_hr": 1.8465276760682094,
    "ref_lead3_min_hr": 52.447552447552454,
    "ref_lead3_max_hr": 60.24096385542169,
    "ref_lead3_median_hr": 55.86611551905898,
    "ref_lead3_mean_hr_filtered": 56.08589831773797,
    "ref_lead3_std_hr_filtered": 1.8465276760682094,
    "ref_lead3_mean_rr": 1070.9411764705883,
    "ref_lead3_std_rr": 35.05928411330564,
    "ref_lead3_sdnn": 35.05928411330564,
    "ref_lead3_median_rr": 1074.0,
    "ref_lead3_rmssd": 36.45911856768719,
    "ref_lead3_pnn50": 19.801980198019802,
    "ref_lead3_pnn20": 59.40594059405941,
    "ref_lead3_meandist": 46.788081705809454,
    "ref_lead3_cv_rr": 0.03273689058146742,
    "ref_lead3_range_rr": 148.0,
    "ref_lead3_iqr_rr": 55.0,
    "ref_lead3_global_ecg_r_peak_indices_mean": 14024.233009708738,
    "ref_lead3_global_ecg_r_peak_indices_std": 7991.14382641461,
    "ref_lead3_global_ecg_r_peak_indices_min": 227.0,
    "ref_lead3_global_ecg_r_peak_indices_max": 27536.0,
    "ref_lead3_global_heart_rate_mean": 2.979098672698268,
    "ref_lead3_global_heart_rate_std": 7.4169287412403655,
    "ref_lead3_global_heart_rate_min": 0.5447414294015107,
    "ref_lead3_global_heart_rate_max": 66.07929515418502,
    "ref_lead3_global_root_mean_square_of_successive_differences": 16141.173785231622,
    "ref_lead3_global_mean_rr_interval": 14024.233009708738,
    "ref_lead3_global_sdnn": 7991.14382641461,
    "ref_lead3_global_mean_heart_rate": 1.0695772089365425,
    "ref_lead3_global_std_heart_rate": 7.4169287412403655,
    "ref_lead3_global_nn_xx": 103.0,
    "ref_lead3_global_pnn_xx": 250.0,
    "ref_lead3_global_min_heart_rate": 0.5447414294015107,
    "ref_lead3_global_max_heart_rate": 66.07929515418502,
    "ref_lead3_r_amp_mean": 0.0001437235928616046,
    "ref_lead3_r_amp_std": 6.368980903755241e-06,
    "ref_lead3_r_amp_min": 0.0001237270326378869,
    "ref_lead3_r_amp_max": 0.00015839536514869096,
    "ref_lead3_r_amp_median": 0.00014412642442388854,
    "ref_lead3_mean": -1.8412988821819473e-08,
    "ref_lead3_std": 9.544942562726396e-05,
    "ref_lead3_var": 9.110592852574593e-09,
    "ref_lead3_min": -0.0005442705518331521,
    "ref_lead3_max": 0.00015839536514869096,
    "ref_lead3_median": -2.4715089120953934e-06,
    "ref_lead3_range": 0.0007026659169818431,