{
    "ref_lead1_n_r_peaks_raw": 164,
    "ref_lead1_n_r_peaks_filtered": 164,
    "ref_lead1_peaks_rejected_pct": 0.0,
    "ref_lead1_mean_hr": 72.526362138672,
    "ref_lead1_std_hr": 3.242385821803855,
    "ref_lead1_min_hr": 61.224489795918366,
    "ref_lead1_max_hr": 80.64516129032258,
    "ref_lead1_median_hr": 72.46376811594203,
    "ref_lead1_mean_hr_filtered": 72.526362138672,
    "ref_lead1_std_hr_filtered": 3.242385821803855,
    "ref_lead1_mean_rr": 828.9570552147239,
    "ref_lead1_std_rr": 37.48363236964526,
    "ref_lead1_sdnn": 37.48363236964526,
    "ref_lead1_median_rr": 828.0,
    "ref_lead1_rmssd": 32.150878873612136,
    "ref_lead1_pnn50": 4.320987654320987,
    "ref_lead1_pnn20": 33.95061728395062,
    "ref_lead1_meandist": 32.75625330175016,
    "ref_lead1_cv_rr": 0.04521782176030326,
    "ref_lead1_range_rr": 236.0,
    "ref_lead1_iqr_rr": 44.0,
    "ref_lead1_global_ecg_r_peak_indices_mean": 17339.426829268294,
    "ref_lead1_global_ecg_r_peak_indices_std": 9828.836068017572,
    "ref_lead1_global_ecg_r_peak_indices_min": 252.0,
    "ref_lead1_global_ecg_r_peak_indices_max": 34032.0,
    "ref_lead1_global_heart_rate_mean": 72.526362138672,
    "ref_lead1_global_heart_rate_std": 3.242385821803856,
    "ref_lead1_global_heart_rate_min": 61.224489795918366,
    "ref_lead1_global_heart_rate_max": 80.64516129032258,
    "ref_lead1_global_mean_rr_interval": 828.9570552147239,
    "ref_lead1_global_sdnn": 37.48363236964526,
    "ref_lead1_global_root_mean_square_of_successive_differences": 32.150878873612136,
    "ref_lead1_global_mean_heart_rate": 72.526362138672,
    "ref_lead1_global_std_heart_rate": 3.242385821803856,
    "ref_lead1_global_min_heart_rate": 61.224489795918366,
    "ref_lead1_global_max_heart_rate": 80.64516129032258,
    "ref_lead1_global_nn_xx": 163.0,
    "ref_lead1_global_pnn_xx": 100.0,
    "ref_lead1_r_amp_mean": 0.3836556275242777,
    "ref_lead1_r_amp_std": 0.04514529455250114,
    "ref_lead1_r_amp_min": 0.18395908832920255,
    "ref_lead1_r_amp_max": 0.4641154217571512,
    "ref_lead1_r_amp_median": 0.3904278974222697,
    "ref_lead1_mean": 0.0001201648109648784,
    "ref_lead1_std": 0.21864444268993888,
    "ref_lead1_var": 0.047805392319193965,
    "ref_lead1_min": -1.0,
    "ref_lead1_max": 0.651716040022758,
    "ref_lead1_median": -0.03490376423305573,
    "ref_lead1_range": 1.651716040022758,
    "ref_lead1_iqr": 0.13334285880084296,
    "ref_lead1_skewness": -0.8931427831227299,
    "ref_lead1_kurtosis": 4.3150772438939144,
    "ref_lead1_rms": 0.21864447571062884,
    "ref_lead1_energy": 1640.3947275206315,
    "ref_lead1_zcr": 0.032027743778049775,
    "ref_lead1_mav": 0.13753939587721173,
    "ref_lead1_p5": -0.2995072195360488,
    "ref_lead1_p25": -0.06484368105298592,
    "ref_lead1_p75": 0.06849917774785702,
    "ref_lead1_p95": 0.40744495424028804,
    "ref_lead2_n_r_peaks_raw": 164,
    "ref_lead2_n_r_peaks_filtered": 164,
    "ref_lead2_peaks_rejected_pct": 0.0,
    "ref_lead2_mean_hr": 72.5130457405723,
    "ref_lead2_std_hr": 3.1100064355779575,
    "ref_lead2_min_hr": 65.50218340611353,
    "ref_lead2_max_hr": 81.08108108108108,
    "ref_lead2_median_hr": 72.46376811594203,
    "ref_lead2_mean_hr_filtered": 72.5130457405723,
    "ref_lead2_std_hr_filtered": 3.1100064355779575,
    "ref_lead2_mean_rr": 828.9570552147239,
    "ref_lead2_std_rr": 35.49014374420991,
    "ref_lead2_sdnn": 35.49014374420991,
    "ref_lead2_median_rr": 828.0,
    "ref_lead2_rmssd": 22.818662494210553,
    "ref_lead2_pnn50": 2.4691358024691357,
    "ref_lead2_pnn20": 29.012345679012345,
    "ref_lead2_meandist": 27.59972861970588,
    "ref_lead2_cv_rr": 0.042813006440987386,
    "ref_lead2_range_rr": 176.0,
    "ref_lead2_iqr_rr": 48.0,
    "ref_lead2_global_ecg_r_peak_indices_mean": 17344.176829268294,
    "ref_lead2_global_ecg_r_peak_indices_std": 9828.873941120555,
    "ref_lead2_global_ecg_r_peak_indices_min": 256.0,
    "ref_lead2_global_ecg_r_peak_indices_max": 34036.0,
    "ref_lead2_global_heart_rate_mean": 72.5130457405723,
    "ref_lead2_global_heart_rate_std": 3.110006435577959,
    "ref_lead2_global_heart_rate_min": 65.50218340611353,
    "ref_lead2_global_heart_rate_max": 81.08108108108108,
    "ref_lead2_global_mean_rr_interval": 828.9570552147239,
    "ref_lead2_global_sdnn": 35.49014374420991,
    "ref_lead2_global_root_mean_square_of_successive_differences": 22.818662494210553,
    "ref_lead2_global_mean_heart_rate": 72.5130457405723,
    "ref_lead2_global_std_heart_rate": 3.110006435577959,
    "ref_lead2_global_min_heart_rate": 65.50218340611353,
    "ref_lead2_global_max_heart_rate": 81.08108108108108,
    "ref_lead2_global_nn_xx": 163.0,
    "ref_lead2_global_pnn_xx": 100.0,
    "ref_lead2_r_amp_mean": 0.8943034590984521,
    "ref_lead2_r_amp_std": 0.04951189927915883,
    "ref_lead2_r_amp_min": 0.7097814814439867,
    "ref_lead2_r_amp_max": 1.0,
    "ref_lead2_r_amp_median": 0.8971384361513999,
    "ref_lead2_mean": 0.0004288389846035565,
    "ref_lead2_std": 0.24001709044984731,
    "ref_lead2_var": 0.05760820370801019,
    "ref_lead2_min": -0.6817730953234356,
    "ref_lead2_max": 1.0,
    "ref_lead2_median": -0.07390563809830797,
    "ref_lead2_range": 1.6817730953234356,
    "ref_lead2_iqr": 0.21386900995716102,
    "ref_lead2_skewness": 1.20884756802034,
    "ref_lead2_kurtosis": 2.000204696538752,
    "ref_lead2_rms": 0.24001747355324968,
    "ref_lead2_energy": 1976.8318208675155,
    "ref_lead2_zcr": 0.029287483607751713,
    "ref_lead2_mav": 0.176305756415693,
    "ref_lead2_p5": -0.3162663131099305,
    "ref_lead2_p25": -0.121010402857196,
    "ref_lead2_p75": 0.09285860709996503,
    "ref_lead2_p95": 0.5059236336121895,
    "ref_respiration_n_peaks_ampd": 30,
    "ref_respiration_n_peaks_msptd": 50,
    "ref_respiration_n_feets_msptd": 52,
    "ref_respiration_peak_method": "msptd",
    "ref_respiration_resp_rate_mean": 26.973043695071045,
    "ref_respiration_resp_rate_std": 11.707111951484443,
    "ref_respiration_resp_rate_min": 4.700720777185835,
    "ref_respiration_resp_rate_max": 47.46835443037975,
    "ref_respiration_resp_rate_median": 28.79078694817658,
    "ref_respiration_bbi_mean": 3.011265306122449,
    "ref_respiration_bbi_std": 2.1949962649357855,
    "ref_respiration_bbi_cv": 0.728928221792002,
    "ref_respiration_bbi_range": 11.5,
    "ref_respiration_bbi_iqr": 1.988,
    "ref_respiration_bbi_rmssd": 3.1399444262598024,
    "ref_respiration_bbi_meandist": 3.1076186237471095,
    "ref_respiration_peak_amp_mean": 0.09915741493338891,
    "ref_respiration_peak_amp_std": 0.19548193837046376,
    "ref_respiration_peak_amp_min": -0.10719310361243609,
    "ref_respiration_peak_amp_max": 1.0,
    "ref_respiration_feet_amp_mean": -0.0579587211434524,
    "ref_respiration_feet_amp_std": 0.05841003489479008,
    "ref_respiration_tidal_excursion_mean": 0.16026093612531508,
    "ref_respiration_tidal_excursion_std": 0.2227835391499472,
    "ref_respiration_tidal_excursion_cv": 1.3901300250470454,
    "ref_respiration_envelope_mean": 0.1162361898552991,
    "ref_respiration_envelope_std": 0.15145700509753915,
    "ref_respiration_envelope_max": 1.012382011789681,
    "ref_respiration_mean": 0.00024091594438805942,
    "ref_respiration_std": 0.13504940837932633,
    "ref_respiration_var": 0.018238342703606056,
    "ref_respiration_min": -0.31383293223821906,
    "ref_respiration_max": 1.0,
    "ref_respiration_median": -0.019295172218434516,
    "ref_respiration_range": 1.3138329322382192,
    "ref_respiration_iqr": 0.06074596132674755,
    "ref_respiration_skewness": 3.6411518936070877,
    "ref_respiration_kurtosis": 20.1636692664301,
    "ref_respiration_rms": 0.1350496232652958,
    "ref_respiration_energy": 693.4787114928504,
    "ref_respiration_zcr": 0.0015253925255766247,
    "ref_respiration_mav": 0.07362128965539987,
    "ref_respiration_p5": -0.15613302995561595,
    "ref_respiration_p25": -0.04880688118162664,
    "ref_respiration_p75": 0.011939080145120906,