{
    "ref_lead1_n_r_peaks_raw": 112,
    "ref_lead1_n_r_peaks_filtered": 112,
    "ref_lead1_peaks_rejected_pct": 0.0,
    "ref_lead1_mean_hr": 85.49637223937576,
    "ref_lead1_std_hr": 5.897698928996773,
    "ref_lead1_min_hr": 74.62686567164178,
    "ref_lead1_max_hr": 97.40259740259741,
    "ref_lead1_median_hr": 84.26966292134831,
    "ref_lead1_mean_hr_filtered": 85.49637223937576,
    "ref_lead1_std_hr_filtered": 5.897698928996773,
    "ref_lead1_mean_rr": 705.081081081081,
    "ref_lead1_std_rr": 47.909662576568344,
    "ref_lead1_sdnn": 47.909662576568344,
    "ref_lead1_median_rr": 712.0,
    "ref_lead1_rmssd": 15.058673127591167,
    "ref_lead1_pnn50": 0.0,
    "ref_lead1_pnn20": 14.545454545454545,
    "ref_lead1_meandist": 18.327609949528497,
    "ref_lead1_cv_rr": 0.06794915345496123,
    "ref_lead1_range_rr": 188.0,
    "ref_lead1_iqr_rr": 80.0,
    "ref_lead1_global_ecg_r_peak_indices_mean": 9743.839285714286,
    "ref_lead1_global_ecg_r_peak_indices_std": 5664.538675191683,
    "ref_lead1_global_ecg_r_peak_indices_min": 201.0,
    "ref_lead1_global_ecg_r_peak_indices_max": 19767.0,
    "ref_lead1_global_heart_rate_mean": 85.49637223937576,
    "ref_lead1_global_heart_rate_std": 5.897698928996774,
    "ref_lead1_global_heart_rate_min": 74.6268656716418,
    "ref_lead1_global_heart_rate_max": 97.40259740259741,
    "ref_lead1_global_mean_rr_interval": 705.081081081081,
    "ref_lead1_global_sdnn": 47.909662576568344,
    "ref_lead1_global_root_mean_square_of_successive_differences": 15.058673127591167,
    "ref_lead1_global_mean_heart_rate": 85.49637223937576,
    "ref_lead1_global_std_heart_rate": 5.897698928996774,
    "ref_lead1_global_min_heart_rate": 74.6268656716418,
    "ref_lead1_global_max_heart_rate": 97.40259740259741,
    "ref_lead1_global_nn_xx": 111.0,
    "ref_lead1_global_pnn_xx": 100.0,
    "ref_lead1_r_amp_mean": 0.1778738905863845,
    "ref_lead1_r_amp_std": 0.04769496084417474,
    "ref_lead1_r_amp_min": 0.06244654437800805,
    "ref_lead1_r_amp_max": 0.2840277801481928,
    "ref_lead1_r_amp_median": 0.1879229001227854,
    "ref_lead1_mean": -0.00013246874400432286,
    "ref_lead1_std": 0.20384979705061698,
    "ref_lead1_var": 0.04155473975757773,
    "ref_lead1_min": -1.0,
    "ref_lead1_max": 0.40777950704838883,
    "ref_lead1_median": -0.011798280236627113,
    "ref_lead1_range": 1.4077795070483887,
    "ref_lead1_iqr": 0.11058722218068132,
    "ref_lead1_skewness": -1.9802228202536702,
    "ref_lead1_kurtosis": 6.800116381523921,
    "ref_lead1_rms": 0.20384984009202917,
    "ref_lead1_energy": 828.8511892164178,
    "ref_lead1_zcr": 0.03509475584077008,
    "ref_lead1_mav": 0.11614436276318539,
    "ref_lead1_p5": -0.39622074820527486,
    "ref_lead1_p25": -0.03626598414371548,
    "ref_lead1_p75": 0.07432123803696584,
    "ref_lead1_p95": 0.30994045136268017,
    "ref_lead2_n_r_peaks_raw": 112,
    "ref_lead2_n_r_peaks_filtered": 112,
    "ref_lead2_peaks_rejected_pct": 0.0,
    "ref_lead2_mean_hr": 85.49596471562477,
    "ref_lead2_std_hr": 5.893874821949519,
    "ref_lead2_min_hr": 74.62686567164178,
    "ref_lead2_max_hr": 97.40259740259741,
    "ref_lead2_median_hr": 84.26966292134831,
    "ref_lead2_mean_hr_filtered": 85.49596471562477,
    "ref_lead2_std_hr_filtered": 5.893874821949519,
    "ref_lead2_mean_rr": 705.081081081081,
    "ref_lead2_std_rr": 47.8916071819573,
    "ref_lead2_sdnn": 47.8916071819573,
    "ref_lead2_median_rr": 712.0,
    "ref_lead2_rmssd": 14.805404418657398,
    "ref_lead2_pnn50": 0.0,
    "ref_lead2_pnn20": 13.636363636363637,
    "ref_lead2_meandist": 17.960429105636493,
    "ref_lead2_cv_rr": 0.06792354591123966,
    "ref_lead2_range_rr": 188.0,
    "ref_lead2_iqr_rr": 76.0,
    "ref_lead2_global_ecg_r_peak_indices_mean": 9751.017857142857,
    "ref_lead2_global_ecg_r_peak_indices_std": 5664.401062119301,
    "ref_lead2_global_ecg_r_peak_indices_min": 208.0,
    "ref_lead2_global_ecg_r_peak_indices_max": 19774.0,
    "ref_lead2_global_heart_rate_mean": 85.49596471562477,
    "ref_lead2_global_heart_rate_std": 5.893874821949521,
    "ref_lead2_global_heart_rate_min": 74.6268656716418,
    "ref_lead2_global_heart_rate_max": 97.40259740259741,
    "ref_lead2_global_mean_rr_interval": 705.081081081081,
    "ref_lead2_global_sdnn": 47.8916071819573,
    "ref_lead2_global_root_mean_square_of_successive_differences": 14.805404418657398,
    "ref_lead2_global_mean_heart_rate": 85.49596471562477,
    "ref_lead2_global_std_heart_rate": 5.893874821949521,
    "ref_lead2_global_min_heart_rate": 74.6268656716418,
    "ref_lead2_global_max_heart_rate": 97.40259740259741,
    "ref_lead2_global_nn_xx": 111.0,
    "ref_lead2_global_pnn_xx": 100.0,
    "ref_lead2_r_amp_mean": 0.8408704705199274,
    "ref_lead2_r_amp_std": 0.08240508467670653,
    "ref_lead2_r_amp_min": 0.6599057815045941,
    "ref_lead2_r_amp_max": 1.0,
    "ref_lead2_r_amp_median": 0.8605212318148532,
    "ref_lead2_mean": 0.00020668761762882213,
    "ref_lead2_std": 0.24305607466141782,
    "ref_lead2_var": 0.05907625542981672,
    "ref_lead2_min": -0.7596821546465232,
    "ref_lead2_max": 1.0,
    "ref_lead2_median": -0.04908435353905842,
    "ref_lead2_range": 1.7596821546465233,
    "ref_lead2_iqr": 0.2519928571538774,
    "ref_lead2_skewness": 0.5460308311682509,
    "ref_lead2_kurtosis": 1.4592465271809871,
    "ref_lead2_rms": 0.24305616254188658,
    "ref_lead2_energy": 1178.4539954879813,
    "ref_lead2_zcr": 0.035492279927812315,
    "ref_lead2_mav": 0.18027732283383113,
    "ref_lead2_p5": -0.3906248588880698,
    "ref_lead2_p25": -0.11656614440785523,
    "ref_lead2_p75": 0.13542671274602217,
    "ref_lead2_p95": 0.4038847149440412,
    "ref_respiration_n_peaks_ampd": 27,
    "ref_respiration_n_peaks_msptd": 31,
    "ref_respiration_n_feets_msptd": 32,
    "ref_respiration_peak_method": "msptd",
    "ref_respiration_resp_rate_mean": 21.58510360198329,
    "ref_respiration_resp_rate_std": 8.396831319518004,
    "ref_respiration_resp_rate_min": 8.493771234428086,
    "ref_respiration_resp_rate_max": 45.87155963302752,
    "ref_respiration_resp_rate_median": 19.585583374243168,
    "ref_respiration_bbi_mean": 3.214,
    "ref_respiration_bbi_std": 1.3032242068551878,
    "ref_respiration_bbi_cv": 0.40548357400597007,
    "ref_respiration_bbi_range": 5.756,
    "ref_respiration_bbi_iqr": 0.8889999999999998,
    "ref_respiration_bbi_rmssd": 1.9033621069951003,
    "ref_respiration_bbi_meandist": 2.1957741153103836,
    "ref_respiration_peak_amp_mean": 0.3070164390912874,
    "ref_respiration_peak_amp_std": 0.28107598822302804,
    "ref_respiration_peak_amp_min": -0.35330895196639994,
    "ref_respiration_peak_amp_max": 0.8680619915012678,
    "ref_respiration_feet_amp_mean": -0.2534868115904255,
    "ref_respiration_feet_amp_std": 0.15388395505802008,
    "ref_respiration_tidal_excursion_mean": 0.5487702183669307,
    "ref_respiration_tidal_excursion_std": 0.2959733492469154,
    "ref_respiration_tidal_excursion_cv": 0.5393393069465282,
    "ref_respiration_envelope_mean": 0.33274363544151786,
    "ref_respiration_envelope_std": 0.1899199970250237,
    "ref_respiration_envelope_max": 0.9467641348970528,
    "ref_respiration_mean": 0.004121076307578862,
    "ref_respiration_std": 0.27093750786741694,
    "ref_respiration_var": 0.07340713316940663,
    "ref_respiration_min": -0.7100699751786804,
    "ref_respiration_max": 0.8680619915012678,
    "ref_respiration_median": -0.0589128698436651,
    "ref_respiration_range": 1.5781319666799483,
    "ref_respiration_iqr": 0.36315158111372814,
    "ref_respiration_skewness": 0.3958485029435811,
    "ref_respiration_kurtosis": 0.07384624524632155,
    "ref_respiration_rms": 0.27096884772855256,
    "ref_respiration_energy": 1886.2655513266318,
    "ref_respiration_zcr": 0.0020241339042428963,
    "ref_respiration_mav": 0.21773650913779277,
    "ref_respiration_p5": -0.37334620310544553,
    "ref_respiration_p25": -0.17543625050177933,