{
    "ref_lead1_n_r_peaks_raw": 106,
    "ref_lead1_n_r_peaks_filtered": 106,
    "ref_lead1_peaks_rejected_pct": 0.0,
    "ref_lead1_mean_hr": 56.919370233062466,
    "ref_lead1_std_hr": 1.7157357538428506,
    "ref_lead1_min_hr": 53.76344086021505,
    "ref_lead1_max_hr": 64.1025641025641,
    "ref_lead1_median_hr": 56.81818181818181,
    "ref_lead1_mean_hr_filtered": 56.919370233062466,
    "ref_lead1_std_hr_filtered": 1.7157357538428506,
    "ref_lead1_mean_rr": 1055.047619047619,
    "ref_lead1_std_rr": 30.72966023470793,
    "ref_lead1_sdnn": 30.72966023470793,
    "ref_lead1_median_rr": 1056.0,
    "ref_lead1_rmssd": 32.02883316398138,
    "ref_lead1_pnn50": 10.576923076923077,
    "ref_lead1_pnn20": 45.19230769230769,
    "ref_lead1_meandist": 38.9426095118095,
    "ref_lead1_cv_rr": 0.029126325371405783,
    "ref_lead1_range_rr": 180.0,
    "ref_lead1_iqr_rr": 32.0,
    "ref_lead1_global_ecg_r_peak_indices_mean": 14172.981132075472,
    "ref_lead1_global_ecg_r_peak_indices_std": 8094.724423364271,
    "ref_lead1_global_ecg_r_peak_indices_min": 345.0,
    "ref_lead1_global_ecg_r_peak_indices_max": 28040.0,
    "ref_lead1_global_heart_rate_mean": 56.919370233062466,
    "ref_lead1_global_heart_rate_std": 1.7157357538428497,
    "ref_lead1_global_heart_rate_min": 53.763440860215056,
    "ref_lead1_global_heart_rate_max": 64.1025641025641,
    "ref_lead1_global_mean_rr_interval": 1055.047619047619,
    "ref_lead1_global_sdnn": 30.72966023470793,
    "ref_lead1_global_root_mean_square_of_successive_differences": 32.02883316398138,
    "ref_lead1_global_mean_heart_rate": 56.919370233062466,
    "ref_lead1_global_std_heart_rate": 1.7157357538428497,
    "ref_lead1_global_min_heart_rate": 53.763440860215056,
    "ref_lead1_global_max_heart_rate": 64.1025641025641,
    "ref_lead1_global_nn_xx": 105.0,
    "ref_lead1_global_pnn_xx": 100.0,
    "ref_lead1_r_amp_mean": 0.8715137012711358,
    "ref_lead1_r_amp_std": 0.06426156034158248,
    "ref_lead1_r_amp_min": 0.6953051212895857,
    "ref_lead1_r_amp_max": 1.0,
    "ref_lead1_r_amp_median": 0.8908590387014673,
    "ref_lead1_mean": 0.0005391464574650398,
    "ref_lead1_std": 0.3052689491216121,
    "ref_lead1_var": 0.09318913129781341,
    "ref_lead1_min": -0.33066483201997815,
    "ref_lead1_max": 1.0,
    "ref_lead1_median": -0.15341811306529535,
    "ref_lead1_range": 1.330664832019978,
    "ref_lead1_iqr": 0.18693029159323887,
    "ref_lead1_skewness": 1.7895580387145604,
    "ref_lead1_kurtosis": 2.027364864117758,
    "ref_lead1_rms": 0.3052694252242042,
    "ref_lead1_energy": 2642.6656284157125,
    "ref_lead1_zcr": 0.0153395867127442,
    "ref_lead1_mav": 0.22480811560509495,
    "ref_lead1_p5": -0.22528091402952236,
    "ref_lead1_p25": -0.172617314170229,
    "ref_lead1_p75": 0.014312977423009878,
    "ref_lead1_p95": 0.7930824985139993,
    "ref_lead2_n_r_peaks_raw": 106,
    "ref_lead2_n_r_peaks_filtered": 106,
    "ref_lead2_peaks_rejected_pct": 0.0,
    "ref_lead2_mean_hr": 56.91806828156662,
    "ref_lead2_std_hr": 1.7292768585766203,
    "ref_lead2_min_hr": 53.57142857142857,
    "ref_lead2_max_hr": 64.1025641025641,
    "ref_lead2_median_hr": 56.81818181818181,
    "ref_lead2_mean_hr_filtered": 56.91806828156662,
    "ref_lead2_std_hr_filtered": 1.7292768585766203,
    "ref_lead2_mean_rr": 1055.0857142857142,
    "ref_lead2_std_rr": 30.950687133141415,
    "ref_lead2_sdnn": 30.950687133141415,
    "ref_lead2_median_rr": 1056.0,
    "ref_lead2_rmssd": 32.296701427187934,
    "ref_lead2_pnn50": 10.576923076923077,
    "ref_lead2_pnn20": 48.07692307692308,
    "ref_lead2_meandist": 39.53408158560681,
    "ref_lead2_cv_rr": 0.029334760876840057,
    "ref_lead2_range_rr": 184.0,
    "ref_lead2_iqr_rr": 36.0,
    "ref_lead2_global_ecg_r_peak_indices_mean": 14173.22641509434,
    "ref_lead2_global_ecg_r_peak_indices_std": 8094.7459972538345,
    "ref_lead2_global_ecg_r_peak_indices_min": 345.0,
    "ref_lead2_global_ecg_r_peak_indices_max": 28041.0,
    "ref_lead2_global_heart_rate_mean": 56.91806828156662,
    "ref_lead2_global_heart_rate_std": 1.729276858576619,
    "ref_lead2_global_heart_rate_min": 53.57142857142857,
    "ref_lead2_global_heart_rate_max": 64.1025641025641,
    "ref_lead2_global_mean_rr_interval": 1055.0857142857142,
    "ref_lead2_global_sdnn": 30.950687133141415,
    "ref_lead2_global_root_mean_square_of_successive_differences": 32.296701427187934,
    "ref_lead2_global_mean_heart_rate": 56.91806828156662,
    "ref_lead2_global_std_heart_rate": 1.729276858576619,
    "ref_lead2_global_min_heart_rate": 53.57142857142857,
    "ref_lead2_global_max_heart_rate": 64.1025641025641,
    "ref_lead2_global_nn_xx": 105.0,
    "ref_lead2_global_pnn_xx": 100.0,
    "ref_lead2_r_amp_mean": 0.9342487874208211,
    "ref_lead2_r_amp_std": 0.020527067268021913,
    "ref_lead2_r_amp_min": 0.8930709966256594,
    "ref_lead2_r_amp_max": 1.0,
    "ref_lead2_r_amp_median": 0.9344806555969984,
    "ref_lead2_mean": 0.0003032226715450857,
    "ref_lead2_std": 0.20748662614998686,
    "ref_lead2_var": 0.04305070003110441,
    "ref_lead2_min": -0.22657800294013244,
    "ref_lead2_max": 1.0,
    "ref_lead2_median": -0.0911429414735146,
    "ref_lead2_range": 1.2265780029401325,
    "ref_lead2_iqr": 0.11459701515565525,
    "ref_lead2_skewness": 2.265435051503321,
    "ref_lead2_kurtosis": 5.01064546462924,
    "ref_lead2_rms": 0.20748684771592857,
    "ref_lead2_energy": 1220.8343588296852,
    "ref_lead2_zcr": 0.022815431271598845,
    "ref_lead2_mav": 0.14310711003662824,
    "ref_lead2_p5": -0.16351094606145988,
    "ref_lead2_p25": -0.10696559465231156,
    "ref_lead2_p75": 0.0076314205033436895,
    "ref_lead2_p95": 0.492341864479585,
    "ref_respiration_n_peaks_ampd": 28,
    "ref_respiration_n_peaks_msptd": 49,
    "ref_respiration_n_feets_msptd": 50,
    "ref_respiration_peak_method": "msptd",
    "ref_respiration_resp_rate_mean": 29.198810420688194,
    "ref_respiration_resp_rate_std": 9.411470521581625,
    "ref_respiration_resp_rate_min": 12.83147989734816,
    "ref_respiration_resp_rate_max": 44.11764705882353,
    "ref_respiration_resp_rate_median": 33.18649045521292,
    "ref_respiration_bbi_mean": 2.3600833333333333,
    "ref_respiration_bbi_std": 0.9796344520902796,
    "ref_respiration_bbi_cv": 0.41508468716088254,
    "ref_respiration_bbi_range": 3.316,
    "ref_respiration_bbi_iqr": 1.36,
    "ref_respiration_bbi_rmssd": 0.9061238466853827,
    "ref_respiration_bbi_meandist": 1.0368910446558155,
    "ref_respiration_peak_amp_mean": 0.10321426521008666,
    "ref_respiration_peak_amp_std": 0.14809901856491028,
    "ref_respiration_peak_amp_min": -0.08722228295252998,
    "ref_respiration_peak_amp_max": 0.5009516368112691,
    "ref_respiration_feet_amp_mean": -0.05911433373940244,
    "ref_respiration_feet_amp_std": 0.05242571458789993,
    "ref_respiration_tidal_excursion_mean": 0.165176353674108,
    "ref_respiration_tidal_excursion_std": 0.16143679021447516,
    "ref_respiration_tidal_excursion_cv": 0.9773601767053717,
    "ref_respiration_envelope_mean": 0.13286982415712012,
    "ref_respiration_envelope_std": 0.09477355283842649,
    "ref_respiration_envelope_max": 0.5421825642700734,
    "ref_respiration_mean": 0.013190863540389086,
    "ref_respiration_std": 0.11501169424388852,
    "ref_respiration_var": 0.0132276898128497,
    "ref_respiration_min": -0.21584683188861964,
    "ref_respiration_max": 0.5009516368112691,
    "ref_respiration_median": -0.028374560623940226,
    "ref_respiration_range": 0.7167984686998887,
    "ref_respiration_iqr": 0.12770882871221,
    "ref_respiration_skewness": 1.3099625088581106,
    "ref_respiration_kurtosis": 2.242206707506716,
    "ref_respiration_rms": 0.11576566284434633,
    "ref_respiration_energy": 388.407741723447,
    "ref_respiration_zcr": 0.0018977296252846595,
    "ref_respiration_mav": 0.08463770914897047,
    "ref_respiration_p5": -0.11462359271406691,
    "ref_respiration_p25": -0.05344273580406286,