{
    "ref_lead1_mean_hr": 55.705799124809744,
    "ref_lead1_std_hr": 9.504104026584063,
    "ref_lead1_min_hr": 24.50980392156863,
    "ref_lead1_max_hr": 104.16666666666667,
    "ref_lead1_median_hr": 55.762081784386616,
    "ref_lead1_mean_hr_filtered": NaN,
    "ref_lead1_std_hr_filtered": NaN,
    "ref_lead1_mean_rr": 1110.9197080291972,
    "ref_lead1_std_rr": 228.309178844041,
    "ref_lead1_sdnn": 228.309178844041,
    "ref_lead1_median_rr": 1076.0,
    "ref_lead1_rmssd": 311.856113126098,
    "ref_lead1_pnn50": 34.55882352941177,
    "ref_lead1_pnn20": 66.17647058823529,
    "ref_lead1_meandist": 211.99311716757904,
    "ref_lead1_cv_rr": 0.20551366331331714,
    "ref_lead1_range_rr": 1872.0,
    "ref_lead1_iqr_rr": 68.0,
    "ref_lead1_global_ecg_r_peak_indices_mean": 18842.528985507248,
    "ref_lead1_global_ecg_r_peak_indices_std": 10873.372731953983,
    "ref_lead1_global_ecg_r_peak_indices_min": 233.0,
    "ref_lead1_global_ecg_r_peak_indices_max": 38282.0,
    "ref_lead1_global_heart_rate_mean": 2.3210142901857855,
    "ref_lead1_global_heart_rate_std": 6.363139537863522,
    "ref_lead1_global_heart_rate_min": 0.3918290580429445,
    "ref_lead1_global_heart_rate_max": 64.37768240343348,
    "ref_lead1_global_root_mean_square_of_successive_differences": 21754.79563539224,
    "ref_lead1_global_mean_rr_interval": 18842.528985507248,
    "ref_lead1_global_sdnn": 10873.372731953983,
    "ref_lead1_global_mean_heart_rate": 0.7960714833734509,
    "ref_lead1_global_std_heart_rate": 6.363139537863522,
    "ref_lead1_global_nn_xx": 138.0,
    "ref_lead1_global_pnn_xx": 250.0,
    "ref_lead1_global_min_heart_rate": 0.3918290580429445,
    "ref_lead1_global_max_heart_rate": 64.37768240343348,
    "ref_lead1_r_amp_mean": 0.00047269009810748075,
    "ref_lead1_r_amp_std": 0.00032107236738631277,
    "ref_lead1_r_amp_min": 1.8532519045159766e-05,
    "ref_lead1_r_amp_max": 0.0030818947722290953,
    "ref_lead1_r_amp_median": 0.0005600198117799207,
    "ref_lead1_mean": 1.019742981843338e-07,
    "ref_lead1_std": 0.00023519878098841865,
    "ref_lead1_var": 5.531846657843813e-08,
    "ref_lead1_min": -0.003369659193510367,
    "ref_lead1_max": 0.0030818947722290953,
    "ref_lead1_median": -3.3162230182055794e-05,
    "ref_lead1_range": 0.006451553965739463,
    "ref_lead1_iqr": 0.00011937443158386177,
    "ref_lead1_skewness": 0.9961775167141972,
    "ref_lead1_kurtosis": 47.93120187265837,
    "ref_lead1_rms": 0.00023519880309473434,
    "ref_lead1_energy": 0.00214359098286633,
    "ref_lead1_zcr": 0.045703225806451614,
    "ref_lead1_mav": 0.00012335553694890986,
    "ref_lead1_p5": -0.00014145845327707032,
    "ref_lead1_p25": -0.000104976943474276,
    "ref_lead1_p75": 1.4397488109585763e-05,
    "ref_lead1_p95": 0.00046417917277241145,
    "ref_lead2_mean_hr": 55.04665688779615,
    "ref_lead2_std_hr": 10.175553299132087,
    "ref_lead2_min_hr": 14.124293785310734,
    "ref_lead2_max_hr": 106.38297872340426,
    "ref_lead2_median_hr": 55.762081784386616,
    "ref_lead2_mean_hr_filtered": NaN,
    "ref_lead2_std_hr_filtered": NaN,
    "ref_lead2_mean_rr": 1152.939393939394,
    "ref_lead2_std_rr": 425.124255589518,
    "ref_lead2_sdnn": 425.124255589518,
    "ref_lead2_median_rr": 1076.0,
    "ref_lead2_rmssd": 576.2558803991994,
    "ref_lead2_pnn50": 35.11450381679389,
    "ref_lead2_pnn20": 66.41221374045801,
    "ref_lead2_meandist": 310.95825161091085,
    "ref_lead2_cv_rr": 0.3687307917694981,
    "ref_lead2_range_rr": 3684.0,
    "ref_lead2_iqr_rr": 65.0,
    "ref_lead2_global_ecg_r_peak_indices_mean": 18288.984962406015,
    "ref_lead2_global_ecg_r_peak_indices_std": 10682.449444538091,
    "ref_lead2_global_ecg_r_peak_indices_min": 233.0,
    "ref_lead2_global_ecg_r_peak_indices_max": 38280.0,
    "ref_lead2_global_heart_rate_mean": 2.3913874657528966,
    "ref_lead2_global_heart_rate_std": 6.471048173868119,
    "ref_lead2_global_heart_rate_min": 0.39184952978056425,
    "ref_lead2_global_heart_rate_max": 64.37768240343348,
    "ref_lead2_global_root_mean_square_of_successive_differences": 21180.21947691349,
    "ref_lead2_global_mean_rr_interval": 18288.984962406015,
    "ref_lead2_global_sdnn": 10682.449444538091,
    "ref_lead2_global_mean_heart_rate": 0.820165800936099,
    "ref_lead2_global_std_heart_rate": 6.471048173868119,
    "ref_lead2_global_nn_xx": 133.0,
    "ref_lead2_global_pnn_xx": 250.0,
    "ref_lead2_global_min_heart_rate": 0.39184952978056425,
    "ref_lead2_global_max_heart_rate": 64.37768240343348,
    "ref_lead2_r_amp_mean": 0.0007574609140653504,
    "ref_lead2_r_amp_std": 0.001104982720913945,
    "ref_lead2_r_amp_min": -6.0632212654080964e-06,
    "ref_lead2_r_amp_max": 0.01290588442414464,
    "ref_lead2_r_amp_median": 0.0008280998653251649,
    "ref_lead2_mean": 1.0955808545163046e-07,
    "ref_lead2_std": 0.0006438214143352705,
    "ref_lead2_var": 4.1450601355666805e-07,
    "ref_lead2_min": -0.014675957803893485,
    "ref_lead2_max": 0.01290588442414464,
    "ref_lead2_median": -3.509159053574459e-05,
    "ref_lead2_range": 0.027581842228038125,
    "ref_lead2_iqr": 9.110475108067099e-05,
    "ref_lead2_skewness": -2.184021841056832,
    "ref_lead2_kurtosis": 231.17870527271134,
    "ref_lead2_rms": 0.0006438214236569346,
    "ref_lead2_energy": 0.016062108490436128,
    "ref_lead2_zcr": 0.043974193548387094,
    "ref_lead2_mav": 0.00014212428320480415,
    "ref_lead2_p5": -0.00013707564043895264,
    "ref_lead2_p25": -8.075822173765396e-05,
    "ref_lead2_p75": 1.0346529343017035e-05,
    "ref_lead2_p95": 0.00036249727125099317,
    "ref_lead3_mean_hr": 55.4679433793152,
    "ref_lead3_std_hr": 13.755814352636506,
    "ref_lead3_min_hr": 6.429489927132447,
    "ref_lead3_max_hr": 128.2051282051282,
    "ref_lead3_median_hr": 55.762081784386616,
    "ref_lead3_mean_hr_filtered": NaN,
    "ref_lead3_std_hr_filtered": NaN,
    "ref_lead3_mean_rr": 1240.1935483870968,
    "ref_lead3_std_rr": 933.7531420460963,
    "ref_lead3_sdnn": 933.7531420460963,
    "ref_lead3_median_rr": 1076.0,
    "ref_lead3_rmssd": 958.3225860125538,
    "ref_lead3_pnn50": 33.333333333333336,
    "ref_lead3_pnn20": 65.85365853658537,
    "ref_lead3_meandist": 462.5253189138575,
    "ref_lead3_cv_rr": 0.7529092078091084,
    "ref_lead3_range_rr": 8864.0,
    "ref_lead3_iqr_rr": 64.0,
    "ref_lead3_global_ecg_r_peak_indices_mean": 17277.624,
    "ref_lead3_global_ecg_r_peak_indices_std": 10232.486064814551,
    "ref_lead3_global_ecg_r_peak_indices_min": 227.0,
    "ref_lead3_global_ecg_r_peak_indices_max": 38673.0,
    "ref_lead3_global_heart_rate_mean": 2.537057397167782,
    "ref_lead3_global_heart_rate_std": 6.80031166062545,
    "ref_lead3_global_heart_rate_min": 0.3878675044604763,
    "ref_lead3_global_heart_rate_max": 66.07929515418502,
    "ref_lead3_global_root_mean_square_of_successive_differences": 20080.340190146184,
    "ref_lead3_global_mean_rr_interval": 17277.624,
    "ref_lead3_global_sdnn": 10232.486064814551,
    "ref_lead3_global_mean_heart_rate": 0.8681749296083767,
    "ref_lead3_global_std_heart_rate": 6.80031166062545,
    "ref_lead3_global_nn_xx": 125.0,
    "ref_lead3_global_pnn_xx": 250.0,
    "ref_lead3_global_min_heart_rate": 0.3878675044604763,
    "ref_lead3_global_max_heart_rate": 66.07929515418502,
    "ref_lead3_r_amp_mean": 0.0006106306999582558,
    "ref_lead3_r_amp_std": 0.0028897290302550235,
    "ref_lead3_r_amp_min": -0.001054834477916763,
    "ref_lead3_r_amp_max": 0.02331302448208449,
    "ref_lead3_r_amp_median": 0.00014435431679151234,
    "ref_lead3_mean": 1.3267551450083883e-07,
    "ref_lead3_std": 0.0008143225196516002,
    "ref_lead3_var": 6.631211660117307e-07,
    "ref_lead3_min": -0.021104133625183125,
    "ref_lead3_max": 0.02331302448208449,
    "ref_lead3_median": -1.5186639560126374e-06,
    "ref_lead3_range": 0.04441715810726761,
    "ref_lead3_iqr": 4.957063142212013e-05,
    "ref_lead3_skewness": 1.5099602631444995,
    "ref_lead3_kurtosis": 357.0645668212509,