{
    "ref_lead1_n_r_peaks_raw": 60,
    "ref_lead1_n_r_peaks_filtered": 60,
    "ref_lead1_peaks_rejected_pct": 0.0,
    "ref_lead1_mean_hr": 55.23396801015114,
    "ref_lead1_std_hr": 1.5366995372646615,
    "ref_lead1_min_hr": 52.447552447552454,
    "ref_lead1_max_hr": 59.28853754940712,
    "ref_lead1_median_hr": 54.94505494505494,
    "ref_lead1_mean_hr_filtered": 55.23396801015114,
    "ref_lead1_std_hr_filtered": 1.5366995372646615,
    "ref_lead1_mean_rr": 1087.1186440677966,
    "ref_lead1_std_rr": 29.87038936594755,
    "ref_lead1_sdnn": 29.87038936594755,
    "ref_lead1_median_rr": 1092.0,
    "ref_lead1_rmssd": 37.113061182619084,
    "ref_lead1_pnn50": 17.24137931034483,
    "ref_lead1_pnn20": 62.06896551724138,
    "ref_lead1_meandist": 47.61290048136455,
    "ref_lead1_cv_rr": 0.027476660002976386,
    "ref_lead1_range_rr": 132.0,
    "ref_lead1_iqr_rr": 44.0,
    "ref_lead1_global_ecg_r_peak_indices_mean": 8261.666666666666,
    "ref_lead1_global_ecg_r_peak_indices_std": 4730.36781045853,
    "ref_lead1_global_ecg_r_peak_indices_min": 233.0,
    "ref_lead1_global_ecg_r_peak_indices_max": 16268.0,
    "ref_lead1_global_heart_rate_mean": 55.233968010151145,
    "ref_lead1_global_heart_rate_std": 1.5366995372646615,
    "ref_lead1_global_heart_rate_min": 52.44755244755245,
    "ref_lead1_global_heart_rate_max": 59.28853754940712,
    "ref_lead1_global_mean_rr_interval": 1087.1186440677966,
    "ref_lead1_global_sdnn": 29.87038936594755,
    "ref_lead1_global_root_mean_square_of_successive_differences": 37.113061182619084,
    "ref_lead1_global_mean_heart_rate": 55.233968010151145,
    "ref_lead1_global_std_heart_rate": 1.5366995372646615,
    "ref_lead1_global_min_heart_rate": 52.44755244755245,
    "ref_lead1_global_max_heart_rate": 59.28853754940712,
    "ref_lead1_global_nn_xx": 59.0,
    "ref_lead1_global_pnn_xx": 100.0,
    "ref_lead1_r_amp_mean": 0.9215762163757474,
    "ref_lead1_r_amp_std": 0.058878255875874724,
    "ref_lead1_r_amp_min": 0.8202517544034008,
    "ref_lead1_r_amp_max": 1.0,
    "ref_lead1_r_amp_median": 0.9493569143358715,
    "ref_lead1_mean": 5.6692840258895915e-05,
    "ref_lead1_std": 0.1387200499120002,
    "ref_lead1_var": 0.019243252247587828,
    "ref_lead1_min": -0.42601447251108904,
    "ref_lead1_max": 1.0,
    "ref_lead1_median": -0.0033823233974685325,
    "ref_lead1_range": 1.426014472511089,
    "ref_lead1_iqr": 0.054573419250524155,
    "ref_lead1_skewness": 3.3203495956012303,
    "ref_lead1_kurtosis": 19.679079967977746,
    "ref_lead1_rms": 0.13872006149676394,
    "ref_lead1_energy": 320.76582529051,
    "ref_lead1_zcr": 0.07192992980982663,
    "ref_lead1_mav": 0.0673745559618796,
    "ref_lead1_p5": -0.15170340769430665,
    "ref_lead1_p25": -0.04193246584262895,
    "ref_lead1_p75": 0.012640953407895205,
    "ref_lead1_p95": 0.1753967500375765,
    "ref_lead2_n_r_peaks_raw": 60,
    "ref_lead2_n_r_peaks_filtered": 60,
    "ref_lead2_peaks_rejected_pct": 0.0,
    "ref_lead2_mean_hr": 55.22995174193054,
    "ref_lead2_std_hr": 1.5267730800658093,
    "ref_lead2_min_hr": 52.264808362369344,
    "ref_lead2_max_hr": 59.28853754940712,
    "ref_lead2_median_hr": 54.74452554744525,
    "ref_lead2_mean_hr_filtered": 55.22995174193054,
    "ref_lead2_std_hr_filtered": 1.5267730800658093,
    "ref_lead2_mean_rr": 1087.1864406779662,
    "ref_lead2_std_rr": 29.658208099448792,
    "ref_lead2_sdnn": 29.658208099448792,
    "ref_lead2_median_rr": 1096.0,
    "ref_lead2_rmssd": 36.758297210196005,
    "ref_lead2_pnn50": 17.24137931034483,
    "ref_lead2_pnn20": 58.62068965517241,
    "ref_lead2_meandist": 46.41788674349378,
    "ref_lead2_cv_rr": 0.027279781084239813,
    "ref_lead2_range_rr": 136.0,
    "ref_lead2_iqr_rr": 44.0,
    "ref_lead2_global_ecg_r_peak_indices_mean": 8262.266666666666,
    "ref_lead2_global_ecg_r_peak_indices_std": 4730.412426933712,
    "ref_lead2_global_ecg_r_peak_indices_min": 233.0,
    "ref_lead2_global_ecg_r_peak_indices_max": 16269.0,
    "ref_lead2_global_heart_rate_mean": 55.22995174193054,
    "ref_lead2_global_heart_rate_std": 1.5267730800658095,
    "ref_lead2_global_heart_rate_min": 52.26480836236934,
    "ref_lead2_global_heart_rate_max": 59.28853754940712,
    "ref_lead2_global_mean_rr_interval": 1087.1864406779662,
    "ref_lead2_global_sdnn": 29.658208099448792,
    "ref_lead2_global_root_mean_square_of_successive_differences": 36.758297210196005,
    "ref_lead2_global_mean_heart_rate": 55.22995174193054,
    "ref_lead2_global_std_heart_rate": 1.5267730800658095,
    "ref_lead2_global_min_heart_rate": 52.26480836236934,
    "ref_lead2_global_max_heart_rate": 59.28853754940712,
    "ref_lead2_global_nn_xx": 59.0,
    "ref_lead2_global_pnn_xx": 100.0,
    "ref_lead2_r_amp_mean": 0.96294635118119,
    "ref_lead2_r_amp_std": 0.015060624202963368,
    "ref_lead2_r_amp_min": 0.919401724680898,
    "ref_lead2_r_amp_max": 1.0,
    "ref_lead2_r_amp_median": 0.9665578335816633,
    "ref_lead2_mean": 2.2847108106443095e-05,
    "ref_lead2_std": 0.1238014216524889,
    "ref_lead2_var": 0.015326792003177348,
    "ref_lead2_min": -0.26853023790270286,
    "ref_lead2_max": 1.0,
    "ref_lead2_median": -0.002485938870559509,
    "ref_lead2_range": 1.2685302379027028,
    "ref_lead2_iqr": 0.03671853497015613,
    "ref_lead2_skewness": 4.747605393238553,
    "ref_lead2_kurtosis": 31.618225945888035,
    "ref_lead2_rms": 0.12380142376066479,
    "ref_lead2_energy": 255.46697780949515,
    "ref_lead2_zcr": 0.07859371250299976,
    "ref_lead2_mav": 0.05150966864827259,
    "ref_lead2_p5": -0.12838688845919982,
    "ref_lead2_p25": -0.028621668291402884,
    "ref_lead2_p75": 0.008096866678753247,
    "ref_lead2_p95": 0.09161104002678452,
    "ref_respiration_n_peaks_ampd": 11,
    "ref_respiration_n_peaks_msptd": 20,
    "ref_respiration_n_feets_msptd": 19,
    "ref_respiration_peak_method": "msptd",
    "ref_respiration_resp_rate_mean": 24.899158679139212,
    "ref_respiration_resp_rate_std": 5.433546552409367,
    "ref_respiration_resp_rate_min": 13.940520446096654,
    "ref_respiration_resp_rate_max": 31.51260504201681,
    "ref_respiration_resp_rate_median": 26.881720430107524,
    "ref_respiration_bbi_mean": 2.5642105263157897,
    "ref_respiration_bbi_std": 0.7179332602721413,
    "ref_respiration_bbi_cv": 0.2799821827826495,
    "ref_respiration_bbi_range": 2.4000000000000004,
    "ref_respiration_bbi_iqr": 0.8539999999999996,
    "ref_respiration_bbi_rmssd": 0.8508740604029874,
    "ref_respiration_bbi_meandist": 0.8865837717569468,
    "ref_respiration_peak_amp_mean": 0.298056197681388,
    "ref_respiration_peak_amp_std": 0.47194393020385783,
    "ref_respiration_peak_amp_min": -0.41874128925598453,
    "ref_respiration_peak_amp_max": 0.7485790078593442,
    "ref_respiration_feet_amp_mean": -0.38699997588542584,
    "ref_respiration_feet_amp_std": 0.06324642079292189,
    "ref_respiration_tidal_excursion_mean": 0.6685843948893215,
    "ref_respiration_tidal_excursion_std": 0.49781133970590014,
    "ref_respiration_tidal_excursion_cv": 0.7445751703318002,
    "ref_respiration_envelope_mean": 0.5323667151651414,
    "ref_respiration_envelope_std": 0.11682166092288165,
    "ref_respiration_envelope_max": 0.7594393484834027,
    "ref_respiration_mean": 0.009243884548283485,
    "ref_respiration_std": 0.3853310192910471,
    "ref_respiration_var": 0.14847999442787735,
    "ref_respiration_min": -0.5426099487638857,
    "ref_respiration_max": 0.7485790078593442,
    "ref_respiration_median": -0.10585766824946657,
    "ref_respiration_range": 1.29118895662323,
    "ref_respiration_iqr": 0.713797064515902,
    "ref_respiration_skewness": 0.40648904845580347,
    "ref_respiration_kurtosis": -1.336253693924044,
    "ref_respiration_rms": 0.3854418812602224,
    "ref_respiration_energy": 1907.1346024382563,
    "ref_respiration_zcr": 0.002025395341590714,
    "ref_respiration_mav": 0.3460423333423055,
    "ref_respiration_p5": -0.4278399398189841,