{
    "ref_lead1_n_r_peaks_raw": 175,
    "ref_lead1_n_r_peaks_filtered": 175,
    "ref_lead1_peaks_rejected_pct": 0.0,
    "ref_lead1_mean_hr": 70.51564888997846,
    "ref_lead1_std_hr": 5.63904197352878,
    "ref_lead1_min_hr": 59.28853754940712,
    "ref_lead1_max_hr": 91.46341463414633,
    "ref_lead1_median_hr": 70.09345794392523,
    "ref_lead1_mean_hr_filtered": 70.51564888997846,
    "ref_lead1_std_hr_filtered": 5.63904197352878,
    "ref_lead1_mean_rr": 856.0,
    "ref_lead1_std_rr": 64.60489999565262,
    "ref_lead1_sdnn": 64.60489999565262,
    "ref_lead1_median_rr": 856.0,
    "ref_lead1_rmssd": 52.156279167971704,
    "ref_lead1_pnn50": 26.589595375722542,
    "ref_lead1_pnn20": 62.42774566473989,
    "ref_lead1_meandist": 60.4813795498066,
    "ref_lead1_cv_rr": 0.07547301401361287,
    "ref_lead1_range_rr": 356.0,
    "ref_lead1_iqr_rr": 76.0,
    "ref_lead1_global_ecg_r_peak_indices_mean": 18760.32,
    "ref_lead1_global_ecg_r_peak_indices_std": 10834.41117183842,
    "ref_lead1_global_ecg_r_peak_indices_min": 272.0,
    "ref_lead1_global_ecg_r_peak_indices_max": 37508.0,
    "ref_lead1_global_heart_rate_mean": 70.51564888997846,
    "ref_lead1_global_heart_rate_std": 5.63904197352878,
    "ref_lead1_global_heart_rate_min": 59.28853754940712,
    "ref_lead1_global_heart_rate_max": 91.46341463414635,
    "ref_lead1_global_mean_rr_interval": 856.0,
    "ref_lead1_global_sdnn": 64.60489999565262,
    "ref_lead1_global_root_mean_square_of_successive_differences": 52.156279167971704,
    "ref_lead1_global_mean_heart_rate": 70.51564888997846,
    "ref_lead1_global_std_heart_rate": 5.63904197352878,
    "ref_lead1_global_min_heart_rate": 59.28853754940712,
    "ref_lead1_global_max_heart_rate": 91.46341463414635,
    "ref_lead1_global_nn_xx": 174.0,
    "ref_lead1_global_pnn_xx": 100.0,
    "ref_lead1_r_amp_mean": 0.8543318899230157,
    "ref_lead1_r_amp_std": 0.06417511633469355,
    "ref_lead1_r_amp_min": 0.6913196688005228,
    "ref_lead1_r_amp_max": 1.0,
    "ref_lead1_r_amp_median": 0.8565728248823187,
    "ref_lead1_mean": -0.000221988027378611,
    "ref_lead1_std": 0.2616139592207666,
    "ref_lead1_var": 0.06844186365916492,
    "ref_lead1_min": -0.8524004125444401,
    "ref_lead1_max": 1.0,
    "ref_lead1_median": -0.09646835494880501,
    "ref_lead1_range": 1.8524004125444402,
    "ref_lead1_iqr": 0.1364534862318348,
    "ref_lead1_skewness": 1.2929504780353174,
    "ref_lead1_kurtosis": 2.080816707469907,
    "ref_lead1_rms": 0.26161405340281174,
    "ref_lead1_energy": 2581.971165580362,
    "ref_lead1_zcr": 0.019721669980119285,
    "ref_lead1_mav": 0.18471819633738756,
    "ref_lead1_p5": -0.2341914491054334,
    "ref_lead1_p25": -0.12051440002232668,
    "ref_lead1_p75": 0.015939086209508107,
    "ref_lead1_p95": 0.6236129654170183,
    "ref_lead2_n_r_peaks_raw": 175,
    "ref_lead2_n_r_peaks_filtered": 175,
    "ref_lead2_peaks_rejected_pct": 0.0,
    "ref_lead2_mean_hr": 70.51765395528707,
    "ref_lead2_std_hr": 5.6496481743161775,
    "ref_lead2_min_hr": 59.28853754940712,
    "ref_lead2_max_hr": 91.46341463414633,
    "ref_lead2_median_hr": 70.09345794392523,
    "ref_lead2_mean_hr_filtered": 70.51765395528707,
    "ref_lead2_std_hr_filtered": 5.6496481743161775,
    "ref_lead2_mean_rr": 856.0,
    "ref_lead2_std_rr": 64.79108779354816,
    "ref_lead2_sdnn": 64.79108779354816,
    "ref_lead2_median_rr": 856.0,
    "ref_lead2_rmssd": 52.31916281524258,
    "ref_lead2_pnn50": 26.589595375722542,
    "ref_lead2_pnn20": 64.73988439306359,
    "ref_lead2_meandist": 61.0477593813442,
    "ref_lead2_cv_rr": 0.07569052312330392,
    "ref_lead2_range_rr": 356.0,
    "ref_lead2_iqr_rr": 78.0,
    "ref_lead2_global_ecg_r_peak_indices_mean": 18759.428571428572,
    "ref_lead2_global_ecg_r_peak_indices_std": 10834.465292589502,
    "ref_lead2_global_ecg_r_peak_indices_min": 271.0,
    "ref_lead2_global_ecg_r_peak_indices_max": 37507.0,
    "ref_lead2_global_heart_rate_mean": 70.51765395528707,
    "ref_lead2_global_heart_rate_std": 5.6496481743161775,
    "ref_lead2_global_heart_rate_min": 59.28853754940712,
    "ref_lead2_global_heart_rate_max": 91.46341463414635,
    "ref_lead2_global_mean_rr_interval": 856.0,
    "ref_lead2_global_sdnn": 64.79108779354816,
    "ref_lead2_global_root_mean_square_of_successive_differences": 52.31916281524258,
    "ref_lead2_global_mean_heart_rate": 70.51765395528707,
    "ref_lead2_global_std_heart_rate": 5.6496481743161775,
    "ref_lead2_global_min_heart_rate": 59.28853754940712,
    "ref_lead2_global_max_heart_rate": 91.46341463414635,
    "ref_lead2_global_nn_xx": 174.0,
    "ref_lead2_global_pnn_xx": 100.0,
    "ref_lead2_r_amp_mean": 0.9290244626039557,
    "ref_lead2_r_amp_std": 0.03384779688030764,
    "ref_lead2_r_amp_min": 0.8296516569207866,
    "ref_lead2_r_amp_max": 1.0,
    "ref_lead2_r_amp_median": 0.9310059939514984,
    "ref_lead2_mean": -4.656999241987917e-05,
    "ref_lead2_std": 0.24093348047479984,
    "ref_lead2_var": 0.058048942013700755,
    "ref_lead2_min": -0.6312245131259199,
    "ref_lead2_max": 1.0,
    "ref_lead2_median": -0.09365460787435406,
    "ref_lead2_range": 1.63122451312592,
    "ref_lead2_iqr": 0.14370012846311922,
    "ref_lead2_skewness": 1.6310846996090624,
    "ref_lead2_kurtosis": 3.044708969828835,
    "ref_lead2_rms": 0.24093348497555284,
    "ref_lead2_energy": 2189.780321395125,
    "ref_lead2_zcr": 0.026933170744638548,
    "ref_lead2_mav": 0.16817641944922038,
    "ref_lead2_p5": -0.1966973559797513,
    "ref_lead2_p25": -0.11500024584118466,
    "ref_lead2_p75": 0.028699882621934555,
    "ref_lead2_p95": 0.5741709425400953,
    "ref_respiration_n_peaks_ampd": 34,
    "ref_respiration_n_peaks_msptd": 38,
    "ref_respiration_n_feets_msptd": 38,
    "ref_respiration_peak_method": "msptd",
    "ref_respiration_resp_rate_mean": 21.185843901351017,
    "ref_respiration_resp_rate_std": 5.1883476522571605,
    "ref_respiration_resp_rate_min": 10.932944606413994,
    "ref_respiration_resp_rate_max": 33.482142857142854,
    "ref_respiration_resp_rate_median": 21.42857142857143,
    "ref_respiration_bbi_mean": 3.0264864864864864,
    "ref_respiration_bbi_std": 0.8316269180939649,
    "ref_respiration_bbi_cv": 0.27478296097050103,
    "ref_respiration_bbi_range": 3.6960000000000006,
    "ref_respiration_bbi_iqr": 1.084,
    "ref_respiration_bbi_rmssd": 1.1561664624477261,
    "ref_respiration_bbi_meandist": 1.3618352924754755,
    "ref_respiration_peak_amp_mean": 0.442806020768537,
    "ref_respiration_peak_amp_std": 0.311760221946276,
    "ref_respiration_peak_amp_min": -0.4105307022207899,
    "ref_respiration_peak_amp_max": 0.998281119000424,
    "ref_respiration_feet_amp_mean": -0.44748483224083957,
    "ref_respiration_feet_amp_std": 0.31174197004602183,
    "ref_respiration_tidal_excursion_mean": 0.8902908530093765,
    "ref_respiration_tidal_excursion_std": 0.41310737706695516,
    "ref_respiration_tidal_excursion_cv": 0.46401395192432054,
    "ref_respiration_envelope_mean": 0.5140989984248738,
    "ref_respiration_envelope_std": 0.2406675429326984,
    "ref_respiration_envelope_max": 1.7535988020246183,
    "ref_respiration_mean": 0.015482200541625895,
    "ref_respiration_std": 0.40118351386914236,
    "ref_respiration_var": 0.16094821180039234,
    "ref_respiration_min": -1.0,
    "ref_respiration_max": 0.998281119000424,
    "ref_respiration_median": -0.008739768795055856,
    "ref_respiration_range": 1.9982811190004242,
    "ref_respiration_iqr": 0.5694606623108767,
    "ref_respiration_skewness": 0.06067850552921944,
    "ref_respiration_kurtosis": -0.5437296496435047,
    "ref_respiration_rms": 0.4014821419864194,
    "ref_respiration_energy": 4694.114324746848,
    "ref_respiration_zcr": 0.002300666163038253,
    "ref_respiration_mav": 0.32836415372936195,
    "ref_respiration_p5": -0.6365200343390958,
    "ref_respiration_p25": -0.27292837831776234,
    "ref_respiration_p75": 0.29653228399311427,