{
    "ref_lead1_n_r_peaks_raw": 179,
    "ref_lead1_n_r_peaks_filtered": 179,
    "ref_lead1_peaks_rejected_pct": 0.0,
    "ref_lead1_mean_hr": 71.1276274749858,
    "ref_lead1_std_hr": 4.995752350936202,
    "ref_lead1_min_hr": 61.7283950617284,
    "ref_lead1_max_hr": 89.28571428571428,
    "ref_lead1_median_hr": 70.9223821872485,
    "ref_lead1_mean_hr_filtered": 71.1276274749858,
    "ref_lead1_std_hr_filtered": 4.995752350936202,
    "ref_lead1_mean_rr": 847.5730337078652,
    "ref_lead1_std_rr": 57.5148027141366,
    "ref_lead1_sdnn": 57.5148027141366,
    "ref_lead1_median_rr": 846.0,
    "ref_lead1_rmssd": 42.19620568263572,
    "ref_lead1_pnn50": 22.033898305084747,
    "ref_lead1_pnn20": 62.14689265536723,
    "ref_lead1_meandist": 52.457499135593025,
    "ref_lead1_cv_rr": 0.06785822628467478,
    "ref_lead1_range_rr": 300.0,
    "ref_lead1_iqr_rr": 78.0,
    "ref_lead1_global_ecg_r_peak_indices_mean": 19380.72067039106,
    "ref_lead1_global_ecg_r_peak_indices_std": 11034.667319884296,
    "ref_lead1_global_ecg_r_peak_indices_min": 295.0,
    "ref_lead1_global_ecg_r_peak_indices_max": 38012.0,
    "ref_lead1_global_heart_rate_mean": 71.1276274749858,
    "ref_lead1_global_heart_rate_std": 4.995752350936202,
    "ref_lead1_global_heart_rate_min": 61.72839506172839,
    "ref_lead1_global_heart_rate_max": 89.28571428571429,
    "ref_lead1_global_mean_rr_interval": 847.5730337078652,
    "ref_lead1_global_sdnn": 57.5148027141366,
    "ref_lead1_global_root_mean_square_of_successive_differences": 42.19620568263572,
    "ref_lead1_global_mean_heart_rate": 71.1276274749858,
    "ref_lead1_global_std_heart_rate": 4.995752350936202,
    "ref_lead1_global_min_heart_rate": 61.72839506172839,
    "ref_lead1_global_max_heart_rate": 89.28571428571429,
    "ref_lead1_global_nn_xx": 178.0,
    "ref_lead1_global_pnn_xx": 100.0,
    "ref_lead1_r_amp_mean": 0.8421468767502359,
    "ref_lead1_r_amp_std": 0.045863039927934654,
    "ref_lead1_r_amp_min": 0.7030695244271409,
    "ref_lead1_r_amp_max": 1.0,
    "ref_lead1_r_amp_median": 0.8431288846672946,
    "ref_lead1_mean": -0.00019261402095801004,
    "ref_lead1_std": 0.31150901678088205,
    "ref_lead1_var": 0.09703786753579184,
    "ref_lead1_min": -0.9953150665677247,
    "ref_lead1_max": 1.0,
    "ref_lead1_median": -0.1068135899741541,
    "ref_lead1_range": 1.9953150665677248,
    "ref_lead1_iqr": 0.1892153893643501,
    "ref_lead1_skewness": 0.9549340307815571,
    "ref_lead1_kurtosis": 1.6947769626288416,
    "ref_lead1_rms": 0.31150907632997293,
    "ref_lead1_energy": 3716.2606338430887,
    "ref_lead1_zcr": 0.01940099746716453,
    "ref_lead1_mav": 0.2214530719088213,
    "ref_lead1_p5": -0.2560905803168661,
    "ref_lead1_p25": -0.14435918244419488,
    "ref_lead1_p75": 0.04485620692015522,
    "ref_lead1_p95": 0.7274907651504176,
    "ref_lead2_n_r_peaks_raw": 179,
    "ref_lead2_n_r_peaks_filtered": 179,
    "ref_lead2_peaks_rejected_pct": 0.0,
    "ref_lead2_mean_hr": 71.12623596863281,
    "ref_lead2_std_hr": 4.999520187579139,
    "ref_lead2_min_hr": 61.7283950617284,
    "ref_lead2_max_hr": 89.28571428571428,
    "ref_lead2_median_hr": 70.9223821872485,
    "ref_lead2_mean_hr_filtered": 71.12623596863281,
    "ref_lead2_std_hr_filtered": 4.999520187579139,
    "ref_lead2_mean_rr": 847.5955056179776,
    "ref_lead2_std_rr": 57.55636594417168,
    "ref_lead2_sdnn": 57.55636594417168,
    "ref_lead2_median_rr": 846.0,
    "ref_lead2_rmssd": 42.27753340142344,
    "ref_lead2_pnn50": 22.033898305084747,
    "ref_lead2_pnn20": 63.27683615819209,
    "ref_lead2_meandist": 52.49012506573857,
    "ref_lead2_cv_rr": 0.06790546382405323,
    "ref_lead2_range_rr": 300.0,
    "ref_lead2_iqr_rr": 72.0,
    "ref_lead2_global_ecg_r_peak_indices_mean": 19391.648044692738,
    "ref_lead2_global_ecg_r_peak_indices_std": 11034.771501160836,
    "ref_lead2_global_ecg_r_peak_indices_min": 305.0,
    "ref_lead2_global_ecg_r_peak_indices_max": 38023.0,
    "ref_lead2_global_heart_rate_mean": 71.12623596863281,
    "ref_lead2_global_heart_rate_std": 4.999520187579139,
    "ref_lead2_global_heart_rate_min": 61.72839506172839,
    "ref_lead2_global_heart_rate_max": 89.28571428571429,
    "ref_lead2_global_mean_rr_interval": 847.5955056179776,
    "ref_lead2_global_sdnn": 57.55636594417168,
    "ref_lead2_global_root_mean_square_of_successive_differences": 42.27753340142344,
    "ref_lead2_global_mean_heart_rate": 71.12623596863281,
    "ref_lead2_global_std_heart_rate": 4.999520187579139,
    "ref_lead2_global_min_heart_rate": 61.72839506172839,
    "ref_lead2_global_max_heart_rate": 89.28571428571429,
    "ref_lead2_global_nn_xx": 178.0,
    "ref_lead2_global_pnn_xx": 100.0,
    "ref_lead2_r_amp_mean": 0.9061564470025162,
    "ref_lead2_r_amp_std": 0.036073419161638774,
    "ref_lead2_r_amp_min": 0.8019086244629163,
    "ref_lead2_r_amp_max": 1.0,
    "ref_lead2_r_amp_median": 0.9056643695605775,
    "ref_lead2_mean": -0.00022806603969585513,
    "ref_lead2_std": 0.22782592176288005,
    "ref_lead2_var": 0.05190465062710595,
    "ref_lead2_min": -0.6091991974018764,
    "ref_lead2_max": 1.0,
    "ref_lead2_median": -0.08990210118004145,
    "ref_lead2_range": 1.6091991974018764,
    "ref_lead2_iqr": 0.13477038753498363,
    "ref_lead2_skewness": 1.696024256074152,
    "ref_lead2_kurtosis": 3.3345991447953356,
    "ref_lead2_rms": 0.2278260359160568,
    "ref_lead2_energy": 1988.2615393747421,
    "ref_lead2_zcr": 0.02832454445778729,
    "ref_lead2_mav": 0.15887778962965926,
    "ref_lead2_p5": -0.2047610510359527,
    "ref_lead2_p25": -0.10560746901924233,
    "ref_lead2_p75": 0.029162918515741307,
    "ref_lead2_p95": 0.5317227291782445,
    "ref_respiration_n_peaks_ampd": 1,
    "ref_respiration_n_peaks_msptd": 1,
    "ref_respiration_n_feets_msptd": 1,
    "ref_respiration_peak_method": "msptd",
    "ref_respiration_peak_amp_mean": 0.979758208184086,
    "ref_respiration_peak_amp_std": 0.0,
    "ref_respiration_peak_amp_min": 0.979758208184086,
    "ref_respiration_peak_amp_max": 0.979758208184086,
    "ref_respiration_feet_amp_mean": 0.04866635951961526,
    "ref_respiration_feet_amp_std": 0.0,
    "ref_respiration_tidal_excursion_mean": 0.9310918486644707,
    "ref_respiration_tidal_excursion_std": 0.0,
    "ref_respiration_tidal_excursion_cv": 0.0,
    "ref_respiration_envelope_mean": 0.4938353854611859,
    "ref_respiration_envelope_std": 0.34652404200127324,
    "ref_respiration_envelope_max": 2.587713377289765,
    "ref_respiration_mean": 0.2547079009098309,
    "ref_respiration_std": 0.3786304789408452,
    "ref_respiration_var": 0.14336103958297386,
    "ref_respiration_min": -0.17401599507679313,
    "ref_respiration_max": 1.0,
    "ref_respiration_median": 0.16641351486935085,
    "ref_respiration_range": 1.1740159950767932,
    "ref_respiration_iqr": 0.653394166356434,
    "ref_respiration_skewness": 0.5400508887553522,
    "ref_respiration_kurtosis": -1.0242423535693308,
    "ref_respiration_rms": 0.4563300936480807,
    "ref_respiration_energy": 285.9096129484531,
    "ref_respiration_zcr": 0.0007283321194464676,
    "ref_respiration_mav": 0.344268805122821,
    "ref_respiration_p5": -0.16965857282694938,
    "ref_respiration_p25": -0.1020448781957512,
    "ref_respiration_p75": 0.5513492881606828,
    "ref_respiration_p95": 0.9698981007130673
}