{
    "ref_lead1_n_r_peaks_raw": 60,
    "ref_lead1_n_r_peaks_filtered": 60,
    "ref_lead1_peaks_rejected_pct": 0.0,
    "ref_lead1_mean_hr": 55.23332670671691,
    "ref_lead1_std_hr": 1.5249825732494866,
    "ref_lead1_min_hr": 52.264808362369344,
    "ref_lead1_max_hr": 59.28853754940712,
    "ref_lead1_median_hr": 54.94505494505494,
    "ref_lead1_mean_hr_filtered": 55.23332670671691,
    "ref_lead1_std_hr_filtered": 1.5249825732494866,
    "ref_lead1_mean_rr": 1087.1186440677966,
    "ref_lead1_std_rr": 29.642551152682763,
    "ref_lead1_sdnn": 29.642551152682763,
    "ref_lead1_median_rr": 1092.0,
    "ref_lead1_rmssd": 36.77330365997819,
    "ref_lead1_pnn50": 12.068965517241379,
    "ref_lead1_pnn20": 58.62068965517241,
    "ref_lead1_meandist": 46.68880875768634,
    "ref_lead1_cv_rr": 0.027267080106147226,
    "ref_lead1_range_rr": 136.0,
    "ref_lead1_iqr_rr": 44.0,
    "ref_lead1_global_ecg_r_peak_indices_mean": 8262.033333333333,
    "ref_lead1_global_ecg_r_peak_indices_std": 4730.412244074388,
    "ref_lead1_global_ecg_r_peak_indices_min": 233.0,
    "ref_lead1_global_ecg_r_peak_indices_max": 16268.0,
    "ref_lead1_global_heart_rate_mean": 55.23332670671692,
    "ref_lead1_global_heart_rate_std": 1.5249825732494868,
    "ref_lead1_global_heart_rate_min": 52.26480836236934,
    "ref_lead1_global_heart_rate_max": 59.28853754940712,
    "ref_lead1_global_mean_rr_interval": 1087.1186440677966,
    "ref_lead1_global_sdnn": 29.642551152682763,
    "ref_lead1_global_root_mean_square_of_successive_differences": 36.77330365997819,
    "ref_lead1_global_mean_heart_rate": 55.23332670671692,
    "ref_lead1_global_std_heart_rate": 1.5249825732494868,
    "ref_lead1_global_min_heart_rate": 52.26480836236934,
    "ref_lead1_global_max_heart_rate": 59.28853754940712,
    "ref_lead1_global_nn_xx": 59.0,
    "ref_lead1_global_pnn_xx": 100.0,
    "ref_lead1_r_amp_mean": 0.8952170530816824,
    "ref_lead1_r_amp_std": 0.07060195594649836,
    "ref_lead1_r_amp_min": 0.7718730040887495,
    "ref_lead1_r_amp_max": 1.0,
    "ref_lead1_r_amp_median": 0.9159248281620441,
    "ref_lead1_mean": 0.0008539139229496796,
    "ref_lead1_std": 0.29329002477905214,
    "ref_lead1_var": 0.086019038634897,
    "ref_lead1_min": -0.327402992136076,
    "ref_lead1_max": 1.0,
    "ref_lead1_median": -0.1441100279819425,
    "ref_lead1_range": 1.327402992136076,
    "ref_lead1_iqr": 0.18606217507528314,
    "ref_lead1_skewness": 1.781474224884233,
    "ref_lead1_kurtosis": 2.005470985664739,
    "ref_lead1_rms": 0.29329126786163406,
    "ref_lead1_energy": 1433.7774897551517,
    "ref_lead1_zcr": 0.01997840172786177,
    "ref_lead1_mav": 0.21639870644979523,
    "ref_lead1_p5": -0.2196630903561379,
    "ref_lead1_p25": -0.16448024942231385,
    "ref_lead1_p75": 0.02158192565296928,
    "ref_lead1_p95": 0.7629638391936306,
    "ref_lead2_n_r_peaks_raw": 60,
    "ref_lead2_n_r_peaks_filtered": 60,
    "ref_lead2_peaks_rejected_pct": 0.0,
    "lead2_mean_hr": 55.2299105098805,
    "ref_lead2_std_hr": 1.5252089797619421,
    "ref_lead2_min_hr": 52.264808362369344,
    "ref_lead2_max_hr": 59.28853754940712,
    "ref_lead2_median_hr": 54.74452554744525,
    "ref_lead2_mean_hr_filtered": 55.2299105098805,
    "ref_lead2_std_hr_filtered": 1.5252089797619421,
    "lead2_mean_rr": 1087.1864406779662,
    "ref_lead2_std_rr": 29.658208099448792,
    "ref_lead2_sdnn": 29.658208099448792,
    "ref_lead2_median_rr": 1096.0,
    "lead2_rmssd": 36.76955262170047,
    "ref_lead2_pnn50": 17.24137931034483,
    "ref_lead2_pnn20": 60.3448275862069,
    "ref_lead2_meandist": 46.49725919056917,
    "ref_lead2_cv_rr": 0.027279781084239813,
    "ref_lead2_range_rr": 136.0,
    "ref_lead2_iqr_rr": 44.0,
    "ref_lead2_global_ecg_r_peak_indices_mean": 8262.183333333332,
    "ref_lead2_global_ecg_r_peak_indices_std": 4730.463897236248,
    "ref_lead2_global_ecg_r_peak_indices_min": 233.0,
    "ref_lead2_global_ecg_r_peak_indices_max": 16269.0,
    "ref_lead2_global_heart_rate_mean": 55.2299105098805,
    "ref_lead2_global_heart_rate_std": 1.525208979761942,
    "ref_lead2_global_heart_rate_min": 52.26480836236934,
    "ref_lead2_global_heart_rate_max": 59.28853754940712,
    "ref_lead2_global_mean_rr_interval": 1087.1864406779662,
    "ref_lead2_global_sdnn": 29.658208099448792,
    "ref_lead2_global_root_mean_square_of_successive_differences": 36.76955262170047,
    "ref_lead2_global_mean_heart_rate": 55.2299105098805,
    "ref_lead2_global_std_heart_rate": 1.525208979761942,
    "ref_lead2_global_min_heart_rate": 52.26480836236934,
    "ref_lead2_global_max_heart_rate": 59.28853754940712,
    "ref_lead2_global_nn_xx": 59.0,
    "ref_lead2_global_pnn_xx": 100.0,
    "ref_lead2_r_amp_mean": 0.969638429480015,
    "ref_lead2_r_amp_std": 0.015301957680978358,
    "ref_lead2_r_amp_min": 0.9343415841802785,
    "ref_lead2_r_amp_max": 1.0,
    "ref_lead2_r_amp_median": 0.9723216834019066,
    "ref_lead2_mean": 0.0005470230480874421,
    "ref_lead2_std": 0.19700279241848961,
    "ref_lead2_var": 0.038810100220682514,
    "ref_lead2_min": -0.22880520761661632,
    "ref_lead2_max": 1.0,
    "ref_lead2_median": -0.07976578794714947,
    "ref_lead2_range": 1.2288052076166163,
    "ref_lead2_iqr": 0.10373831559017369,
    "ref_lead2_skewness": 2.5003019940639204,
    "ref_lead2_kurtosis": 6.817605012381954,
    "ref_lead2_rms": 0.1970035518839639,
    "ref_lead2_energy": 646.8917381142342,
    "ref_lead2_zcr": 0.022018238540916727,
    "ref_lead2_mav": 0.13258394776834467,
    "ref_lead2_p5": -0.15866099126914282,
    "ref_lead2_p25": -0.09756237398311277,
    "ref_lead2_p75": 0.006175941607060921,
    "ref_lead2_p95": 0.4305553217617846,
    "ref_respiration_n_peaks_ampd": 11,
    "ref_respiration_n_peaks_msptd": 20,
    "ref_respiration_n_feets_msptd": 19,
    "ref_respiration_peak_method": "msptd",
    "resp_rate_mean": 24.899158679139212,
    "ref_respiration_resp_rate_std": 5.433546552409367,
    "ref_respiration_resp_rate_min": 13.940520446096654,
    "ref_respiration_resp_rate_max": 31.51260504201681,
    "ref_respiration_resp_rate_median": 26.881720430107524,
    "ref_respiration_bbi_mean": 2.5642105263157897,
    "ref_respiration_bbi_std": 0.7179332602721413,
    "ref_respiration_bbi_cv": 0.2799821827826495,
    "ref_respiration_bbi_range": 2.4000000000000004,
    "ref_respiration_bbi_iqr": 0.8539999999999996,
    "ref_respiration_bbi_rmssd": 0.8508740604029874,
    "ref_respiration_bbi_meandist": 0.8865837717569468,
    "ref_respiration_peak_amp_mean": 0.298056197681388,
    "ref_respiration_peak_amp_std": 0.47194393020385783,
    "ref_respiration_peak_amp_min": -0.41874128925598453,
    "ref_respiration_peak_amp_max": 0.7485790078593442,
    "ref_respiration_feet_amp_mean": -0.38699997588542584,
    "ref_respiration_feet_amp_std": 0.06324642079292189,
    "ref_respiration_tidal_excursion_mean": 0.6685843948893215,
    "ref_respiration_tidal_excursion_std": 0.49781133970590014,
    "ref_respiration_tidal_excursion_cv": 0.7445751703318002,
    "ref_respiration_envelope_mean": 0.5323667151651414,
    "ref_respiration_envelope_std": 0.11682166092288165,
    "ref_respiration_envelope_max": 0.7594393484834027,
    "ref_respiration_mean": 0.009243884548283485,
    "ref_respiration_std": 0.3853310192910471,
    "ref_respiration_var": 0.14847999442787735,
    "ref_respiration_min": -0.5426099487638857,
    "ref_respiration_max": 0.7485790078593442,
    "ref_respiration_median": -0.10585766824946657,
    "ref_respiration_range": 1.29118895662323,
    "ref_respiration_iqr": 0.713797064515902,
    "ref_respiration_skewness": 0.40648904845580347,
    "ref_respiration_kurtosis": -1.336253693924044,
    "ref_respiration_rms": 0.3854418812602224,
    "ref_respiration_energy": 1907.1346024382563,
    "ref_respiration_zcr": 0.002025395341590714,
    "ref_respiration_mav": 0.3460423333423055,
    "ref_respiration_p5": -0.4278399398189841,
    "ref_respiration_p25": -0.33149708717268256,