{
    "ref_lead1_n_r_peaks_raw": 70,
    "ref_lead1_n_r_peaks_filtered": 70,
    "ref_lead1_peaks_rejected_pct": 0.0,
    "ref_lead1_mean_hr": 63.92669488691795,
    "ref_lead1_std_hr": 4.276341768512922,
    "ref_lead1_min_hr": 55.55555555555555,
    "ref_lead1_max_hr": 72.81553398058253,
    "ref_lead1_median_hr": 63.829787234042556,
    "ref_lead1_mean_hr_filtered": 63.92669488691795,
    "ref_lead1_std_hr_filtered": 4.276341768512922,
    "ref_lead1_mean_rr": 942.7826086956521,
    "ref_lead1_std_rr": 63.059408282229,
    "ref_lead1_sdnn": 63.059408282229,
    "ref_lead1_median_rr": 940.0,
    "ref_lead1_rmssd": 66.783231428256,
    "ref_lead1_pnn50": 48.529411764705884,
    "ref_lead1_pnn20": 80.88235294117646,
    "ref_lead1_meandist": 87.48915563890645,
    "ref_lead1_cv_rr": 0.06688647807098631,
    "ref_lead1_range_rr": 256.0,
    "ref_lead1_iqr_rr": 96.0,
    "ref_lead1_global_ecg_r_peak_indices_mean": 8353.57142857143,
    "ref_lead1_global_ecg_r_peak_indices_std": 4782.059758159892,
    "ref_lead1_global_ecg_r_peak_indices_min": 172.0,
    "ref_lead1_global_ecg_r_peak_indices_max": 16435.0,
    "ref_lead1_global_heart_rate_mean": 63.92669488691795,
    "ref_lead1_global_heart_rate_std": 4.276341768512922,
    "ref_lead1_global_heart_rate_min": 55.55555555555556,
    "ref_lead1_global_heart_rate_max": 72.81553398058253,
    "ref_lead1_global_mean_rr_interval": 942.7826086956521,
    "ref_lead1_global_sdnn": 63.059408282229,
    "ref_lead1_global_root_mean_square_of_successive_differences": 66.783231428256,
    "ref_lead1_global_mean_heart_rate": 63.92669488691795,
    "ref_lead1_global_std_heart_rate": 4.276341768512922,
    "ref_lead1_global_min_heart_rate": 55.55555555555556,
    "ref_lead1_global_max_heart_rate": 72.81553398058253,
    "ref_lead1_global_nn_xx": 69.0,
    "ref_lead1_global_pnn_xx": 100.0,
    "ref_lead1_r_amp_mean": 0.07648925337678604,
    "ref_lead1_r_amp_std": 0.0023663546015596803,
    "ref_lead1_r_amp_min": 0.06976711933125176,
    "ref_lead1_r_amp_max": 0.08111861636137627,
    "ref_lead1_r_amp_median": 0.07629407415540085,
    "ref_lead1_mean": 1.7544124458313004e-06,
    "ref_lead1_std": 0.01197650303819783,
    "ref_lead1_var": 0.00014343662502396183,
    "ref_lead1_min": -0.03625838211045423,
    "ref_lead1_max": 0.08111861636137627,
    "ref_lead1_median": -0.00021623865177915116,
    "ref_lead1_range": 0.1173769984718305,
    "ref_lead1_iqr": 0.004831626619295988,
    "ref_lead1_skewness": 3.1508287770571273,
    "ref_lead1_kurtosis": 17.738999344265554,
    "ref_lead1_rms": 0.011976503166697901,
    "ref_lead1_energy": 2.3797570968390356,
    "ref_lead1_zcr": 0.07702971490567175,
    "ref_lead1_mav": 0.0057610713261140945,
    "ref_lead1_p5": -0.012450471135980443,
    "ref_lead1_p25": -0.003799013687460444,
    "ref_lead1_p75": 0.0010326129318355436,
    "ref_lead1_p95": 0.015202843068036393,
    "ref_lead2_n_r_peaks_raw": 70,
    "ref_lead2_n_r_peaks_filtered": 70,
    "ref_lead2_peaks_rejected_pct": 0.0,
    "ref_lead2_mean_hr": 63.928831412036125,
    "ref_lead2_std_hr": 4.2932233715148085,
    "ref_lead2_min_hr": 55.55555555555555,
    "ref_lead2_max_hr": 72.81553398058253,
    "ref_lead2_median_hr": 63.55932203389831,
    "ref_lead2_mean_hr_filtered": 63.928831412036125,
    "ref_lead2_std_hr_filtered": 4.2932233715148085,
    "ref_lead2_mean_rr": 942.7826086956521,
    "ref_lead2_std_rr": 63.28332187849589,
    "ref_lead2_sdnn": 63.28332187849589,
    "ref_lead2_median_rr": 944.0,
    "ref_lead2_rmssd": 67.10658773657813,
    "ref_lead2_pnn50": 48.529411764705884,
    "ref_lead2_pnn20": 80.88235294117646,
    "ref_lead2_meandist": 87.67425915007237,
    "ref_lead2_cv_rr": 0.06712398096317125,
    "ref_lead2_range_rr": 256.0,
    "ref_lead2_iqr_rr": 96.0,
    "ref_lead2_global_ecg_r_peak_indices_mean": 8352.485714285714,
    "ref_lead2_global_ecg_r_peak_indices_std": 4782.079609610558,
    "ref_lead2_global_ecg_r_peak_indices_min": 171.0,
    "ref_lead2_global_ecg_r_peak_indices_max": 16434.0,
    "ref_lead2_global_heart_rate_mean": 63.928831412036125,
    "ref_lead2_global_heart_rate_std": 4.2932233715148085,
    "ref_lead2_global_heart_rate_min": 55.55555555555556,
    "ref_lead2_global_heart_rate_max": 72.81553398058253,
    "ref_lead2_global_mean_rr_interval": 942.7826086956521,
    "ref_lead2_global_sdnn": 63.28332187849589,
    "ref_lead2_global_root_mean_square_of_successive_differences": 67.10658773657813,
    "ref_lead2_global_mean_heart_rate": 63.928831412036125,
    "ref_lead2_global_std_heart_rate": 4.2932233715148085,
    "ref_lead2_global_min_heart_rate": 55.55555555555556,
    "ref_lead2_global_max_heart_rate": 72.81553398058253,
    "ref_lead2_global_nn_xx": 69.0,
    "ref_lead2_global_pnn_xx": 100.0,
    "ref_lead2_r_amp_mean": 0.20280968249550288,
    "ref_lead2_r_amp_std": 0.006064367257423253,
    "ref_lead2_r_amp_min": 0.19103886370575113,
    "ref_lead2_r_amp_max": 0.21484130271655769,
    "ref_lead2_r_amp_median": 0.20236318023601163,
    "ref_lead2_mean": 2.3287398280348163e-06,
    "ref_lead2_std": 0.03380650517274671,
    "ref_lead2_var": 0.0011428797919949504,
    "ref_lead2_min": -0.15872207840871552,
    "ref_lead2_max": 0.21484130271655769,
    "ref_lead2_median": 6.283767915042722e-05,
    "ref_lead2_range": 0.3735633811252732,
    "ref_lead2_iqr": 0.008977585080782967,
    "ref_lead2_skewness": 1.3522563487805788,
    "ref_lead2_kurtosis": 17.56166643126235,
    "ref_lead2_rms": 0.0338065052529536,
    "ref_lead2_energy": 18.960375839164282,
    "ref_lead2_zcr": 0.08432790837854129,
    "ref_lead2_mav": 0.013821133536396232,
    "ref_lead2_p5": -0.027757927153913987,
    "ref_lead2_p25": -0.005561166076943883,
    "ref_lead2_p75": 0.0034164190038390835,
    "ref_lead2_p95": 0.019663793878310812,
    "ref_respiration_n_peaks_ampd": 13,
    "ref_respiration_n_peaks_msptd": 14,
    "ref_respiration_n_feets_msptd": 14,
    "ref_respiration_peak_method": "msptd",
    "ref_respiration_resp_rate_mean": 13.634740437677362,
    "ref_respiration_resp_rate_std": 0.6714247322328467,
    "ref_respiration_resp_rate_min": 12.66891891891892,
    "ref_respiration_resp_rate_max": 15.212981744421906,
    "ref_respiration_resp_rate_median": 13.537906137184114,
    "ref_respiration_bbi_mean": 4.410769230769231,
    "ref_respiration_bbi_std": 0.2084160608923165,
    "ref_respiration_bbi_cv": 0.04725163570980318,
    "ref_respiration_bbi_range": 0.7919999999999998,
    "ref_respiration_bbi_iqr": 0.17599999999999927,
    "ref_respiration_bbi_rmssd": 0.2955537176216871,
    "ref_respiration_bbi_meandist": 0.37958632992836666,
    "ref_respiration_peak_amp_mean": 0.6879807044642402,
    "ref_respiration_peak_amp_std": 0.06662430091142847,
    "ref_respiration_peak_amp_min": 0.5656299771527751,
    "ref_respiration_peak_amp_max": 0.8094844982958854,
    "ref_respiration_feet_amp_mean": -0.8637607072996193,
    "ref_respiration_feet_amp_std": 0.14553929148574857,
    "ref_respiration_tidal_excursion_mean": 1.5714444801739171,
    "ref_respiration_tidal_excursion_std": 0.14257021002308032,
    "ref_respiration_tidal_excursion_cv": 0.09072557880460504,
    "ref_respiration_envelope_mean": 0.7597782776350681,
    "ref_respiration_envelope_std": 0.13940060960977246,
    "ref_respiration_envelope_max": 1.0500490371607982,
    "ref_respiration_mean": 0.0021801368711346185,
    "ref_respiration_std": 0.5462825534265712,
    "ref_respiration_var": 0.2984246281782546,
    "ref_respiration_min": -1.0,
    "ref_respiration_max": 0.8094844982958854,
    "ref_respiration_median": 0.08771325906563193,
    "ref_respiration_range": 1.8094844982958853,
    "ref_respiration_iqr": 0.9915074739025646,
    "ref_respiration_skewness": -0.3027616313689888,
    "ref_respiration_kurtosis": -1.2751315509654493,
    "ref_respiration_rms": 0.5462869037191277,
    "ref_respiration_energy": 4614.613521109512,
    "ref_respiration_zcr": 0.0018107741059302852,
    "ref_respiration_mav": 0.48113245778929425,