{
    "ref_lead1_n_r_peaks_raw": 90,
    "ref_lead1_n_r_peaks_filtered": 90,
    "ref_lead1_peaks_rejected_pct": 0.0,
    "ref_lead1_mean_hr": 71.79469841624591,
    "ref_lead1_std_hr": 3.061982213429038,
    "ref_lead1_min_hr": 61.224489795918366,
    "ref_lead1_max_hr": 78.53403141361257,
    "ref_lead1_median_hr": 71.77033492822967,
    "ref_lead1_mean_hr_filtered": 71.79469841624591,
    "ref_lead1_std_hr_filtered": 3.061982213429038,
    "ref_lead1_mean_rr": 837.2584269662922,
    "ref_lead1_std_rr": 36.2592190802847,
    "ref_lead1_sdnn": 36.2592190802847,
    "ref_lead1_median_rr": 836.0,
    "ref_lead1_rmssd": 37.05278789658197,
    "ref_lead1_pnn50": 5.681818181818182,
    "ref_lead1_pnn20": 29.545454545454547,
    "ref_lead1_meandist": 34.063476188815265,
    "ref_lead1_cv_rr": 0.04330708167568493,
    "ref_lead1_range_rr": 216.0,
    "ref_lead1_iqr_rr": 40.0,
    "ref_lead1_global_ecg_r_peak_indices_mean": 9650.955555555556,
    "ref_lead1_global_ecg_r_peak_indices_std": 5441.292127817335,
    "ref_lead1_global_ecg_r_peak_indices_min": 270.0,
    "ref_lead1_global_ecg_r_peak_indices_max": 18899.0,
    "ref_lead1_global_heart_rate_mean": 71.79469841624591,
    "ref_lead1_global_heart_rate_std": 3.0619822134290393,
    "ref_lead1_global_heart_rate_min": 61.224489795918366,
    "ref_lead1_global_heart_rate_max": 78.53403141361257,
    "ref_lead1_global_mean_rr_interval": 837.2584269662922,
    "ref_lead1_global_sdnn": 36.2592190802847,
    "ref_lead1_global_root_mean_square_of_successive_differences": 37.05278789658197,
    "ref_lead1_global_mean_heart_rate": 71.79469841624591,
    "ref_lead1_global_std_heart_rate": 3.0619822134290393,
    "ref_lead1_global_min_heart_rate": 61.224489795918366,
    "ref_lead1_global_max_heart_rate": 78.53403141361257,
    "ref_lead1_global_nn_xx": 89.0,
    "ref_lead1_global_pnn_xx": 100.0,
    "ref_lead1_r_amp_mean": 0.38904525853329097,
    "ref_lead1_r_amp_std": 0.041517943475133795,
    "ref_lead1_r_amp_min": 0.19158747906804138,
    "ref_lead1_r_amp_max": 0.47126289402782084,
    "ref_lead1_r_amp_median": 0.3924605563240604,
    "ref_lead1_mean": -0.0002473523091817959,
    "ref_lead1_std": 0.22241766488625286,
    "ref_lead1_var": 0.049469617653453486,
    "ref_lead1_min": -1.0,
    "ref_lead1_max": 0.667519515165059,
    "ref_lead1_median": -0.035097397945955705,
    "ref_lead1_range": 1.667519515165059,
    "ref_lead1_iqr": 0.13366566432900484,
    "ref_lead1_skewness": -0.8880557677642991,
    "ref_lead1_kurtosis": 4.337847064066598,
    "ref_lead1_rms": 0.22241780242736495,
    "ref_lead1_energy": 945.1182141735935,
    "ref_lead1_zcr": 0.03171944517142109,
    "ref_lead1_mav": 0.139550855621787,
    "ref_lead1_p5": -0.3105624468965128,
    "ref_lead1_p25": -0.06449500782558983,
    "ref_lead1_p75": 0.06917065650341503,
    "ref_lead1_p95": 0.4127470308416725,
    "ref_lead2_n_r_peaks_raw": 90,
    "ref_lead2_n_r_peaks_filtered": 90,
    "ref_lead2_peaks_rejected_pct": 0.0,
    "ref_lead2_mean_hr": 71.76999738697484,
    "ref_lead2_std_hr": 2.7868764540905477,
    "ref_lead2_min_hr": 65.50218340611353,
    "ref_lead2_max_hr": 78.125,
    "ref_lead2_median_hr": 71.42857142857143,
    "ref_lead2_mean_hr_filtered": 71.76999738697484,
    "ref_lead2_std_hr_filtered": 2.7868764540905477,
    "ref_lead2_mean_rr": 837.2584269662922,
    "ref_lead2_std_rr": 32.34974882763324,
    "ref_lead2_sdnn": 32.34974882763324,
    "ref_lead2_median_rr": 840.0,
    "ref_lead2_rmssd": 20.467268770138602,
    "ref_lead2_pnn50": 2.272727272727273,
    "ref_lead2_pnn20": 22.727272727272727,
    "ref_lead2_meandist": 24.546755654299776,
    "ref_lead2_cv_rr": 0.038637710634754394,
    "ref_lead2_range_rr": 148.0,
    "ref_lead2_iqr_rr": 32.0,
    "ref_lead2_global_ecg_r_peak_indices_mean": 9655.855555555556,
    "ref_lead2_global_ecg_r_peak_indices_std": 5441.49331946686,
    "ref_lead2_global_ecg_r_peak_indices_min": 274.0,
    "ref_lead2_global_ecg_r_peak_indices_max": 18903.0,
    "ref_lead2_global_heart_rate_mean": 71.76999738697484,
    "ref_lead2_global_heart_rate_std": 2.7868764540905486,
    "ref_lead2_global_heart_rate_min": 65.50218340611353,
    "ref_lead2_global_heart_rate_max": 78.125,
    "ref_lead2_global_mean_rr_interval": 837.2584269662922,
    "ref_lead2_global_sdnn": 32.34974882763324,
    "ref_lead2_global_root_mean_square_of_successive_differences": 20.467268770138602,
    "ref_lead2_global_mean_heart_rate": 71.76999738697484,
    "ref_lead2_global_std_heart_rate": 2.7868764540905486,
    "ref_lead2_global_min_heart_rate": 65.50218340611353,
    "ref_lead2_global_max_heart_rate": 78.125,
    "ref_lead2_global_nn_xx": 89.0,
    "ref_lead2_global_pnn_xx": 100.0,
    "ref_lead2_r_amp_mean": 0.8995096967746561,
    "ref_lead2_r_amp_std": 0.053683872169988656,
    "ref_lead2_r_amp_min": 0.7097812131610014,
    "ref_lead2_r_amp_max": 1.0,
    "ref_lead2_r_amp_median": 0.9086832009769202,
    "ref_lead2_mean": 0.00011021799679477559,
    "ref_lead2_std": 0.2395790913477479,
    "ref_lead2_var": 0.05739814101101254,
    "ref_lead2_min": -0.6817728376270791,
    "ref_lead2_max": 1.0,
    "ref_lead2_median": -0.07549362353010085,
    "ref_lead2_range": 1.681772837627079,
    "ref_lead2_iqr": 0.20861469207125072,
    "ref_lead2_skewness": 1.2312452217785212,
    "ref_lead2_kurtosis": 2.1043834733714535,
    "ref_lead2_rms": 0.23957911670055754,
    "ref_lead2_energy": 1096.591716103065,
    "ref_lead2_zcr": 0.028892959958126144,
    "ref_lead2_mav": 0.17540897925119442,
    "ref_lead2_p5": -0.31357050128325203,
    "ref_lead2_p25": -0.1197979895008012,
    "ref_lead2_p75": 0.08881670257044952,
    "ref_lead2_p95": 0.5072524985577392,
    "ref_respiration_n_peaks_ampd": 27,
    "ref_respiration_n_peaks_msptd": 45,
    "ref_respiration_n_feets_msptd": 47,
    "ref_respiration_peak_method": "msptd",
    "ref_respiration_resp_rate_mean": 27.83728189334505,
    "ref_respiration_resp_rate_std": 11.679980830141169,
    "ref_respiration_resp_rate_min": 4.6918986549890525,
    "ref_respiration_resp_rate_max": 44.378698224852066,
    "ref_respiration_resp_rate_median": 30.46223669281239,
    "ref_respiration_bbi_mean": 2.9892727272727275,
    "ref_respiration_bbi_std": 2.42064691169001,
    "ref_respiration_bbi_cv": 0.8097778732616662,
    "ref_respiration_bbi_range": 11.436,
    "ref_respiration_bbi_iqr": 1.651,
    "ref_respiration_bbi_rmssd": 3.32223130398973,
    "ref_respiration_bbi_meandist": 3.296108204064718,
    "ref_respiration_peak_amp_mean": 0.10721451890485871,
    "ref_respiration_peak_amp_std": 0.1998709307048216,
    "ref_respiration_peak_amp_min": -0.073518586551921,
    "ref_respiration_peak_amp_max": 1.0,
    "ref_respiration_feet_amp_mean": -0.05431467216190521,
    "ref_respiration_feet_amp_std": 0.05652713351542409,
    "ref_respiration_tidal_excursion_mean": 0.1604794309192306,
    "ref_respiration_tidal_excursion_std": 0.23360052655802457,
    "ref_respiration_tidal_excursion_cv": 1.4556415437165644,
    "ref_respiration_envelope_mean": 0.1152376871345135,
    "ref_respiration_envelope_std": 0.1581028737847178,
    "ref_respiration_envelope_max": 1.0052374064672616,
    "ref_respiration_mean": 0.004546194122894777,
    "ref_respiration_std": 0.1383042185379209,
    "ref_respiration_var": 0.019128056865384983,
    "ref_respiration_min": -0.22586704489504167,
    "ref_respiration_max": 1.0,
    "ref_respiration_median": -0.018259341405655133,
    "ref_respiration_range": 1.2258670448950417,
    "ref_respiration_iqr": 0.06317699962666183,
    "ref_respiration_skewness": 3.758358585773771,
    "ref_respiration_kurtosis": 20.010217510093497,
    "ref_respiration_rms": 0.1383789172756747,
    "ref_respiration_energy": 645.733295897697,
    "ref_respiration_zcr": 0.001571674277919459,
    "ref_respiration_mav": 0.07391186415352902,
    "ref_respiration_p5": -0.1506258777286236,
    "ref_respiration_p25": -0.04844742084041416,
    "ref_respiration_p75": 0.01472957878624767,