{
    "ref_lead1_n_r_peaks_raw": 75,
    "ref_lead1_n_r_peaks_filtered": 75,
    "ref_lead1_peaks_rejected_pct": 0.0,
    "ref_lead1_mean_hr": 60.15510445818976,
    "ref_lead1_std_hr": 4.68264497418391,
    "ref_lead1_min_hr": 52.447552447552454,
    "ref_lead1_max_hr": 76.14213197969544,
    "ref_lead1_median_hr": 58.8235294117647,
    "ref_lead1_mean_hr_filtered": 60.15510445818976,
    "ref_lead1_std_hr_filtered": 4.68264497418391,
    "ref_lead1_mean_rr": 1002.972972972973,
    "ref_lead1_std_rr": 71.73844628192901,
    "ref_lead1_sdnn": 71.73844628192901,
    "ref_lead1_median_rr": 1020.0,
    "ref_lead1_rmssd": 72.20518707887882,
    "ref_lead1_pnn50": 47.945205479452056,
    "ref_lead1_pnn20": 79.45205479452055,
    "ref_lead1_meandist": 91.12835564307287,
    "ref_lead1_cv_rr": 0.07152580200569586,
    "ref_lead1_range_rr": 356.0,
    "ref_lead1_iqr_rr": 82.0,
    "ref_lead1_global_ecg_r_peak_indices_mean": 9382.68,
    "ref_lead1_global_ecg_r_peak_indices_std": 5390.120657053978,
    "ref_lead1_global_ecg_r_peak_indices_min": 190.0,
    "ref_lead1_global_ecg_r_peak_indices_max": 18745.0,
    "ref_lead1_global_heart_rate_mean": 60.15510445818976,
    "ref_lead1_global_heart_rate_std": 4.682644974183909,
    "ref_lead1_global_heart_rate_min": 52.44755244755245,
    "ref_lead1_global_heart_rate_max": 76.14213197969544,
    "ref_lead1_global_mean_rr_interval": 1002.972972972973,
    "ref_lead1_global_sdnn": 71.73844628192901,
    "ref_lead1_global_root_mean_square_of_successive_differences": 72.20518707887882,
    "ref_lead1_global_mean_heart_rate": 60.15510445818976,
    "ref_lead1_global_std_heart_rate": 4.682644974183909,
    "ref_lead1_global_min_heart_rate": 52.44755244755245,
    "ref_lead1_global_max_heart_rate": 76.14213197969544,
    "ref_lead1_global_nn_xx": 74.0,
    "ref_lead1_global_pnn_xx": 100.0,
    "ref_lead1_r_amp_mean": 0.04207698972763454,
    "ref_lead1_r_amp_std": 0.003978371129496502,
    "ref_lead1_r_amp_min": 0.03326514091226698,
    "ref_lead1_r_amp_max": 0.04821975826382527,
    "ref_lead1_r_amp_median": 0.04274873896193248,
    "ref_lead1_mean": -2.7098732792533746e-05,
    "ref_lead1_std": 0.013875065343145457,
    "ref_lead1_var": 0.00019251743827655617,
    "ref_lead1_min": -0.036945020465165464,
    "ref_lead1_max": 0.04821975826382527,
    "ref_lead1_median": -0.005976509361185829,
    "ref_lead1_range": 0.08516477872899073,
    "ref_lead1_iqr": 0.010304015176424226,
    "ref_lead1_skewness": 1.4213703624461365,
    "ref_lead1_kurtosis": 1.5258154377371014,
    "ref_lead1_rms": 0.013875091805745834,
    "ref_lead1_energy": 3.666316079334815,
    "ref_lead1_zcr": 0.024049569418189455,
    "ref_lead1_mav": 0.010334498816564114,
    "ref_lead1_p5": -0.012044555318124518,
    "ref_lead1_p25": -0.007433455876635173,
    "ref_lead1_p75": 0.002870559299789053,
    "ref_lead1_p95": 0.03409867914326935,
    "ref_lead2_n_r_peaks_raw": 75,
    "ref_lead2_n_r_peaks_filtered": 75,
    "ref_lead2_peaks_rejected_pct": 0.0,
    "ref_lead2_mean_hr": 60.15473964267209,
    "ref_lead2_std_hr": 4.679223780291862,
    "ref_lead2_min_hr": 52.447552447552454,
    "ref_lead2_max_hr": 76.53061224489795,
    "ref_lead2_median_hr": 58.8235294117647,
    "ref_lead2_mean_hr_filtered": 60.15473964267209,
    "ref_lead2_std_hr_filtered": 4.679223780291862,
    "ref_lead2_mean_rr": 1002.972972972973,
    "ref_lead2_std_rr": 71.71734551639643,
    "ref_lead2_sdnn": 71.71734551639643,
    "ref_lead2_median_rr": 1020.0,
    "ref_lead2_rmssd": 72.02891352478979,
    "ref_lead2_pnn50": 46.57534246575342,
    "ref_lead2_pnn20": 79.45205479452055,
    "ref_lead2_meandist": 90.6614902410499,
    "ref_lead2_cv_rr": 0.07150476378622118,
    "ref_lead2_range_rr": 360.0,
    "ref_lead2_iqr_rr": 82.0,
    "ref_lead2_global_ecg_r_peak_indices_mean": 9384.906666666666,
    "ref_lead2_global_ecg_r_peak_indices_std": 5390.055621663122,
    "ref_lead2_global_ecg_r_peak_indices_min": 192.0,
    "ref_lead2_global_ecg_r_peak_indices_max": 18747.0,
    "ref_lead2_global_heart_rate_mean": 60.15473964267209,
    "ref_lead2_global_heart_rate_std": 4.679223780291861,
    "ref_lead2_global_heart_rate_min": 52.44755244755245,
    "ref_lead2_global_heart_rate_max": 76.53061224489795,
    "ref_lead2_global_mean_rr_interval": 1002.972972972973,
    "ref_lead2_global_sdnn": 71.71734551639643,
    "ref_lead2_global_root_mean_square_of_successive_differences": 72.02891352478979,
    "ref_lead2_global_mean_heart_rate": 60.15473964267209,
    "ref_lead2_global_std_heart_rate": 4.679223780291861,
    "ref_lead2_global_min_heart_rate": 52.44755244755245,
    "ref_lead2_global_max_heart_rate": 76.53061224489795,
    "ref_lead2_global_nn_xx": 74.0,
    "ref_lead2_global_pnn_xx": 100.0,
    "ref_lead2_r_amp_mean": 0.9521500730351613,
    "ref_lead2_r_amp_std": 0.019012665746136633,
    "ref_lead2_r_amp_min": 0.9105670870718555,
    "ref_lead2_r_amp_max": 0.9963695117017065,
    "ref_lead2_r_amp_median": 0.9540414939807682,
    "ref_lead2_mean": 8.811098490057507e-05,
    "ref_lead2_std": 0.1788498698386359,
    "ref_lead2_var": 0.03198727594129701,
    "ref_lead2_min": -0.2382923572207259,
    "ref_lead2_max": 0.9963695117017065,
    "ref_lead2_median": -0.06129702926106945,
    "ref_lead2_range": 1.2346618689224325,
    "ref_lead2_iqr": 0.07541629387382358,
    "ref_lead2_skewness": 3.411464434855886,
    "ref_lead2_kurtosis": 12.931137058648357,
    "ref_lead2_rms": 0.1788498915427199,
    "ref_lead2_energy": 609.1658308750239,
    "ref_lead2_zcr": 0.01612056290695232,
    "ref_lead2_mav": 0.10669249113581745,
    "ref_lead2_p5": -0.10582327908470046,
    "ref_lead2_p25": -0.07985063542278074,
    "ref_lead2_p75": -0.0044343415489571675,
    "ref_lead2_p95": 0.2446365674803593,
    "ref_respiration_n_peaks_ampd": 13,
    "ref_respiration_n_peaks_msptd": 15,
    "ref_respiration_n_feets_msptd": 16,
    "ref_respiration_peak_method": "msptd",
    "ref_respiration_resp_rate_mean": 16.292882705327752,
    "ref_respiration_resp_rate_std": 4.643032593334846,
    "ref_respiration_resp_rate_min": 10.608203677510609,
    "ref_respiration_resp_rate_max": 28.79078694817658,
    "ref_respiration_resp_rate_median": 15.678952600188342,
    "ref_respiration_bbi_mean": 3.944,
    "ref_respiration_bbi_std": 0.962651101311967,
    "ref_respiration_bbi_cv": 0.2440798938417766,
    "ref_respiration_bbi_range": 3.5719999999999996,
    "ref_respiration_bbi_iqr": 1.5410000000000004,
    "ref_respiration_bbi_rmssd": 1.1143428556777306,
    "ref_respiration_bbi_meandist": 1.4101800988157354,
    "ref_respiration_peak_amp_mean": 0.4783644308210718,
    "ref_respiration_peak_amp_std": 0.2415918377857224,
    "ref_respiration_peak_amp_min": -0.4114116199180588,
    "ref_respiration_peak_amp_max": 0.621428376733155,
    "ref_respiration_feet_amp_mean": -0.4583980330947872,
    "ref_respiration_feet_amp_std": 0.06258418694057588,
    "ref_respiration_tidal_excursion_mean": 0.9452540295732937,
    "ref_respiration_tidal_excursion_std": 0.2599514425744885,
    "ref_respiration_tidal_excursion_cv": 0.2750069657908104,
    "ref_respiration_envelope_mean": 0.522197013480451,
    "ref_respiration_envelope_std": 0.07754320250092968,
    "ref_respiration_envelope_max": 0.7127405791218295,
    "ref_respiration_mean": 0.0008053751526333199,
    "ref_respiration_std": 0.3733135969416931,
    "ref_respiration_var": 0.1393630416615449,
    "ref_respiration_min": -0.626251924472282,
    "ref_respiration_max": 0.6214316552790438,
    "ref_respiration_median": -0.03528819353324383,
    "ref_respiration_range": 1.2476835797513257,
    "ref_respiration_iqr": 0.7456563339417077,
    "ref_respiration_skewness": 0.1331748191228143,
    "ref_respiration_kurtosis": -1.4994293162214516,
    "ref_respiration_rms": 0.3733144656863452,
    "ref_respiration_energy": 2067.0422543913865,
    "ref_respiration_zcr": 0.0018878101402373248,
    "ref_respiration_mav": 0.33881637434826994,
    "ref_respiration_p5": -0.489997782246306,