{
    "ref_lead1_n_r_peaks_raw": 118,
    "ref_lead1_n_r_peaks_filtered": 118,
    "ref_lead1_peaks_rejected_pct": 0.0,
    "ref_lead1_mean_hr": 64.90066834171014,
    "ref_lead1_std_hr": 4.30675994384524,
    "ref_lead1_min_hr": 55.762081784386616,
    "ref_lead1_max_hr": 75.37688442211055,
    "ref_lead1_median_hr": 64.6551724137931,
    "ref_lead1_mean_hr_filtered": 64.90066834171014,
    "ref_lead1_std_hr_filtered": 4.30675994384524,
    "ref_lead1_mean_rr": 928.5811965811965,
    "ref_lead1_std_rr": 61.83797954984873,
    "ref_lead1_sdnn": 61.83797954984873,
    "ref_lead1_median_rr": 928.0,
    "ref_lead1_rmssd": 63.47630565266338,
    "ref_lead1_pnn50": 46.55172413793103,
    "ref_lead1_pnn20": 80.17241379310344,
    "ref_lead1_meandist": 83.35459262239957,
    "ref_lead1_cv_rr": 0.06659404667843877,
    "ref_lead1_range_rr": 280.0,
    "ref_lead1_iqr_rr": 96.0,
    "ref_lead1_global_ecg_r_peak_indices_mean": 14064.915254237289,
    "ref_lead1_global_ecg_r_peak_indices_std": 7930.666388501001,
    "ref_lead1_global_ecg_r_peak_indices_min": 297.0,
    "ref_lead1_global_ecg_r_peak_indices_max": 27458.0,
    "ref_lead1_global_heart_rate_mean": 64.90066834171014,
    "ref_lead1_global_heart_rate_std": 4.30675994384524,
    "ref_lead1_global_heart_rate_min": 55.762081784386616,
    "ref_lead1_global_heart_rate_max": 75.37688442211055,
    "ref_lead1_global_mean_rr_interval": 928.5811965811965,
    "ref_lead1_global_sdnn": 61.83797954984873,
    "ref_lead1_global_root_mean_square_of_successive_differences": 63.47630565266338,
    "ref_lead1_global_mean_heart_rate": 64.90066834171014,
    "ref_lead1_global_std_heart_rate": 4.30675994384524,
    "ref_lead1_global_min_heart_rate": 55.762081784386616,
    "ref_lead1_global_max_heart_rate": 75.37688442211055,
    "ref_lead1_global_nn_xx": 117.0,
    "ref_lead1_global_pnn_xx": 100.0,
    "ref_lead1_r_amp_mean": 0.9128837722783917,
    "ref_lead1_r_amp_std": 0.0378816417206211,
    "ref_lead1_r_amp_min": 0.8156016908508363,
    "ref_lead1_r_amp_max": 1.0,
    "ref_lead1_r_amp_median": 0.9114856328570176,
    "ref_lead1_mean": 4.4079776135014326e-05,
    "ref_lead1_std": 0.2734920469496206,
    "ref_lead1_var": 0.07479789974469347,
    "ref_lead1_min": -0.3083021290429829,
    "ref_lead1_max": 1.0,
    "ref_lead1_median": -0.1432091573076554,
    "ref_lead1_range": 1.3083021290429828,
    "ref_lead1_iqr": 0.22378088704500645,
    "ref_lead1_skewness": 1.6530104344453767,
    "ref_lead1_kurtosis": 1.6605264841107177,
    "ref_lead1_rms": 0.273492050501875,
    "ref_lead1_energy": 2065.394459303016,
    "ref_lead1_zcr": 0.017238257342556042,
    "ref_lead1_mav": 0.2083709301888945,
    "ref_lead1_p5": -0.20297142460805856,
    "ref_lead1_p25": -0.16985302308625752,
    "ref_lead1_p75": 0.05392786395874893,
    "ref_lead1_p95": 0.659404491966616,
    "ref_lead2_n_r_peaks_raw": 118,
    "ref_lead2_n_r_peaks_filtered": 118,
    "ref_lead2_peaks_rejected_pct": 0.0,
    "ref_lead2_mean_hr": 64.90182423427402,
    "ref_lead2_std_hr": 4.315714635355386,
    "ref_lead2_min_hr": 55.55555555555555,
    "ref_lead2_max_hr": 75.37688442211055,
    "ref_lead2_median_hr": 64.6551724137931,
    "ref_lead2_mean_hr_filtered": 64.90182423427402,
    "ref_lead2_std_hr_filtered": 4.315714635355386,
    "ref_lead2_mean_rr": 928.5811965811965,
    "ref_lead2_std_rr": 61.959490393726156,
    "ref_lead2_sdnn": 61.959490393726156,
    "ref_lead2_median_rr": 928.0,
    "ref_lead2_rmssd": 63.63148212356349,
    "ref_lead2_pnn50": 46.55172413793103,
    "ref_lead2_pnn20": 81.03448275862068,
    "ref_lead2_meandist": 83.86071560588007,
    "ref_lead2_cv_rr": 0.066724903133776,
    "ref_lead2_range_rr": 284.0,
    "ref_lead2_iqr_rr": 96.0,
    "ref_lead2_global_ecg_r_peak_indices_mean": 14062.669491525423,
    "ref_lead2_global_ecg_r_peak_indices_std": 7930.685516627519,
    "ref_lead2_global_ecg_r_peak_indices_min": 295.0,
    "ref_lead2_global_ecg_r_peak_indices_max": 27456.0,
    "ref_lead2_global_heart_rate_mean": 64.90182423427402,
    "ref_lead2_global_heart_rate_std": 4.315714635355386,
    "ref_lead2_global_heart_rate_min": 55.55555555555556,
    "ref_lead2_global_heart_rate_max": 75.37688442211055,
    "ref_lead2_global_mean_rr_interval": 928.5811965811965,
    "ref_lead2_global_sdnn": 61.959490393726156,
    "ref_lead2_global_root_mean_square_of_successive_differences": 63.63148212356349,
    "ref_lead2_global_mean_heart_rate": 64.90182423427402,
    "ref_lead2_global_std_heart_rate": 4.315714635355386,
    "ref_lead2_global_min_heart_rate": 55.55555555555556,
    "ref_lead2_global_max_heart_rate": 75.37688442211055,
    "ref_lead2_global_nn_xx": 117.0,
    "ref_lead2_global_pnn_xx": 100.0,
    "ref_lead2_r_amp_mean": 0.8833648177173199,
    "ref_lead2_r_amp_std": 0.05568080833431154,
    "ref_lead2_r_amp_min": 0.7157404770447542,
    "ref_lead2_r_amp_max": 0.9983614504142286,
    "ref_lead2_r_amp_median": 0.8838078317504275,
    "ref_lead2_mean": 2.6777801945212966e-05,
    "ref_lead2_std": 0.24589318373967783,
    "ref_lead2_var": 0.06046345780963497,
    "ref_lead2_min": -1.0,
    "ref_lead2_max": 0.9983614504142286,
    "ref_lead2_median": -0.07869526963541212,
    "ref_lead2_range": 1.9983614504142286,
    "ref_lead2_iqr": 0.19233733444381296,
    "ref_lead2_skewness": 0.5380577886495153,
    "ref_lead2_kurtosis": 2.886782847190675,
    "ref_lead2_rms": 0.245893185197731,
    "ref_lead2_energy": 1669.517016838844,
    "ref_lead2_zcr": 0.02564102564102564,
    "ref_lead2_mav": 0.17198143432852395,
    "ref_lead2_p5": -0.23098241872963793,
    "ref_lead2_p25": -0.11467635154003117,
    "ref_lead2_p75": 0.07766098290378178,
    "ref_lead2_p95": 0.48072972016555293,
    "ref_respiration_n_peaks_ampd": 28,
    "ref_respiration_n_peaks_msptd": 28,
    "ref_respiration_n_feets_msptd": 29,
    "ref_respiration_peak_method": "msptd",
    "ref_respiration_resp_rate_mean": 14.281669613589226,
    "ref_respiration_resp_rate_std": 1.0334024228554388,
    "ref_respiration_resp_rate_min": 12.66891891891892,
    "ref_respiration_resp_rate_max": 16.703786191536746,
    "ref_respiration_resp_rate_median": 13.966480446927374,
    "ref_respiration_bbi_mean": 4.222518518518519,
    "ref_respiration_bbi_std": 0.29560964881390334,
    "ref_respiration_bbi_cv": 0.0700078987261893,
    "ref_respiration_bbi_range": 1.1439999999999997,
    "ref_respiration_bbi_iqr": 0.44200000000000017,
    "ref_respiration_bbi_rmssd": 0.3281744376676244,
    "ref_respiration_bbi_meandist": 0.41810359086251614,
    "ref_respiration_peak_amp_mean": 0.6627958123917193,
    "ref_respiration_peak_amp_std": 0.06937458184781098,
    "ref_respiration_peak_amp_min": 0.5299678756204125,
    "ref_respiration_peak_amp_max": 0.8091159136788757,
    "ref_respiration_feet_amp_mean": -0.8370996703315499,
    "ref_respiration_feet_amp_std": 0.15184153388195096,
    "ref_respiration_tidal_excursion_mean": 1.5111464263844223,
    "ref_respiration_tidal_excursion_std": 0.17842012803689217,
    "ref_respiration_tidal_excursion_cv": 0.11806938422491671,
    "ref_respiration_envelope_mean": 0.7267908853577252,
    "ref_respiration_envelope_std": 0.13852467667635207,
    "ref_respiration_envelope_max": 1.048586305989213,
    "ref_respiration_mean": 0.0035329649816535492,
    "ref_respiration_std": 0.5231759565870083,
    "ref_respiration_var": 0.27371308155073126,
    "ref_respiration_min": -1.0,
    "ref_respiration_max": 0.8091159136788757,
    "ref_respiration_median": 0.08561063030722935,
    "ref_respiration_range": 1.8091159136788757,
    "ref_respiration_iqr": 0.9452162408118756,
    "ref_respiration_skewness": -0.3099345064244136,
    "ref_respiration_kurtosis": -1.2370034761256814,
    "ref_respiration_rms": 0.5231878853646105,
    "ref_respiration_energy": 8402.27989388982,
    "ref_respiration_zcr": 0.001889497002866823,
    "ref_respiration_mav": 0.4601240360510449,
    "ref_respiration_p5": -0.8786309076994198,
    "ref_respiration_p25": -0.45434925273989074,