{
    "ref_lead1_n_r_peaks_raw": 184,
    "ref_lead1_n_r_peaks_filtered": 184,
    "ref_lead1_peaks_rejected_pct": 0.0,
    "ref_lead1_mean_hr": 84.94066941690113,
    "ref_lead1_std_hr": 6.791507111702895,
    "ref_lead1_min_hr": 72.46376811594203,
    "ref_lead1_max_hr": 99.33774834437087,
    "ref_lead1_median_hr": 82.87292817679558,
    "ref_lead1_mean_hr_filtered": 84.94066941690113,
    "ref_lead1_std_hr_filtered": 6.791507111702895,
    "ref_lead1_mean_rr": 710.8415300546449,
    "ref_lead1_std_rr": 56.03874559173322,
    "ref_lead1_sdnn": 56.03874559173322,
    "ref_lead1_median_rr": 724.0,
    "ref_lead1_rmssd": 15.460691027019687,
    "ref_lead1_pnn50": 0.0,
    "ref_lead1_pnn20": 14.285714285714286,
    "ref_lead1_meandist": 18.49674901924595,
    "ref_lead1_cv_rr": 0.07883437196955181,
    "ref_lead1_range_rr": 224.0,
    "ref_lead1_iqr_rr": 88.0,
    "ref_lead1_global_ecg_r_peak_indices_mean": 16063.804347826086,
    "ref_lead1_global_ecg_r_peak_indices_std": 9515.901258738872,
    "ref_lead1_global_ecg_r_peak_indices_min": 129.0,
    "ref_lead1_global_ecg_r_peak_indices_max": 32650.0,
    "ref_lead1_global_heart_rate_mean": 84.94066941690113,
    "ref_lead1_global_heart_rate_std": 6.791507111702895,
    "ref_lead1_global_heart_rate_min": 72.46376811594203,
    "ref_lead1_global_heart_rate_max": 99.33774834437087,
    "ref_lead1_global_mean_rr_interval": 710.8415300546449,
    "ref_lead1_global_sdnn": 56.03874559173322,
    "ref_lead1_global_root_mean_square_of_successive_differences": 15.460691027019687,
    "ref_lead1_global_mean_heart_rate": 84.94066941690113,
    "ref_lead1_global_std_heart_rate": 6.791507111702895,
    "ref_lead1_global_min_heart_rate": 72.46376811594203,
    "ref_lead1_global_max_heart_rate": 99.33774834437087,
    "ref_lead1_global_nn_xx": 183.0,
    "ref_lead1_global_pnn_xx": 100.0,
    "ref_lead1_r_amp_mean": 0.17932687150278676,
    "ref_lead1_r_amp_std": 0.049509334708459876,
    "ref_lead1_r_amp_min": 0.04196001042438403,
    "ref_lead1_r_amp_max": 0.284027780148208,
    "ref_lead1_r_amp_median": 0.1876717996747648,
    "ref_lead1_mean": 0.00019451865883200913,
    "ref_lead1_std": 0.20231457347721288,
    "ref_lead1_var": 0.04093118664126657,
    "ref_lead1_min": -1.0,
    "ref_lead1_max": 0.40777950704839927,
    "ref_lead1_median": -0.010375388527680208,
    "ref_lead1_range": 1.4077795070483994,
    "ref_lead1_iqr": 0.10926312309950659,
    "ref_lead1_skewness": -2.0416791569719233,
    "ref_lead1_kurtosis": 7.0839395987612495,
    "ref_lead1_rms": 0.2023146669887658,
    "ref_lead1_energy": 1342.298575556954,
    "ref_lead1_zcr": 0.03509788375922425,
    "ref_lead1_mav": 0.11445509932888905,
    "ref_lead1_p5": -0.390555767075994,
    "ref_lead1_p25": -0.03535321521135904,
    "ref_lead1_p75": 0.07390990788814755,
    "ref_lead1_p95": 0.30401096685638873,
    "ref_lead2_n_r_peaks_raw": 184,
    "ref_lead2_n_r_peaks_filtered": 184,
    "ref_lead2_peaks_rejected_pct": 0.0,
    "ref_lead2_mean_hr": 84.94244748131183,
    "ref_lead2_std_hr": 6.785530788863439,
    "ref_lead2_min_hr": 72.46376811594203,
    "ref_lead2_max_hr": 99.33774834437087,
    "ref_lead2_median_hr": 83.33333333333334,
    "ref_lead2_mean_hr_filtered": 84.94244748131183,
    "ref_lead2_std_hr_filtered": 6.785530788863439,
    "ref_lead2_mean_rr": 710.8196721311475,
    "ref_lead2_std_rr": 56.000051189492986,
    "ref_lead2_sdnn": 56.000051189492986,
    "ref_lead2_median_rr": 720.0,
    "ref_lead2_rmssd": 14.957816141946115,
    "ref_lead2_pnn50": 0.0,
    "ref_lead2_pnn20": 15.384615384615385,
    "ref_lead2_meandist": 17.88238495326765,
    "ref_lead2_cv_rr": 0.07878235983761699,
    "ref_lead2_range_rr": 224.0,
    "ref_lead2_iqr_rr": 88.0,
    "ref_lead2_global_ecg_r_peak_indices_mean": 16072.027173913044,
    "ref_lead2_global_ecg_r_peak_indices_std": 9515.81427233455,
    "ref_lead2_global_ecg_r_peak_indices_min": 138.0,
    "ref_lead2_global_ecg_r_peak_indices_max": 32658.0,
    "ref_lead2_global_heart_rate_mean": 84.94244748131183,
    "ref_lead2_global_heart_rate_std": 6.785530788863439,
    "ref_lead2_global_heart_rate_min": 72.46376811594203,
    "ref_lead2_global_heart_rate_max": 99.33774834437087,
    "ref_lead2_global_mean_rr_interval": 710.8196721311475,
    "ref_lead2_global_sdnn": 56.000051189492986,
    "ref_lead2_global_root_mean_square_of_successive_differences": 14.957816141946115,
    "ref_lead2_global_mean_heart_rate": 84.94244748131183,
    "ref_lead2_global_std_heart_rate": 6.785530788863439,
    "ref_lead2_global_min_heart_rate": 72.46376811594203,
    "ref_lead2_global_max_heart_rate": 99.33774834437087,
    "ref_lead2_global_nn_xx": 183.0,
    "ref_lead2_global_pnn_xx": 100.0,
    "ref_lead2_r_amp_mean": 0.8391625097251405,
    "ref_lead2_r_amp_std": 0.08538213819957777,
    "ref_lead2_r_amp_min": 0.590436270710444,
    "ref_lead2_r_amp_max": 1.0,
    "ref_lead2_r_amp_median": 0.8541758850965936,
    "ref_lead2_mean": 0.00020982971872512436,
    "ref_lead2_std": 0.24028147370941563,
    "ref_lead2_var": 0.0577351866079686,
    "ref_lead2_min": -0.8292146994688904,
    "ref_lead2_max": 1.0,
    "ref_lead2_median": -0.04943715037392135,
    "ref_lead2_range": 1.8292146994688903,
    "ref_lead2_iqr": 0.2413934391345728,
    "ref_lead2_skewness": 0.5772114455939078,
    "ref_lead2_kurtosis": 1.5928778220337874,
    "ref_lead2_rms": 0.2402815653280115,
    "ref_lead2_energy": 1893.542359184617,
    "ref_lead2_zcr": 0.035247126261548314,
    "ref_lead2_mav": 0.1772362628023,
    "ref_lead2_p5": -0.3793298298928594,
    "ref_lead2_p25": -0.11518640760215176,
    "ref_lead2_p75": 0.12620703153242105,
    "ref_lead2_p95": 0.404382652562868,
    "ref_respiration_n_peaks_ampd": 34,
    "ref_respiration_n_peaks_msptd": 41,
    "ref_respiration_n_feets_msptd": 41,
    "ref_respiration_peak_method": "msptd",
    "ref_respiration_resp_rate_mean": 21.89604220982294,
    "ref_respiration_resp_rate_std": 8.621497865038457,
    "ref_respiration_resp_rate_min": 8.503401360544217,
    "ref_respiration_resp_rate_max": 45.87155963302752,
    "ref_respiration_resp_rate_median": 19.598723288045335,
    "ref_respiration_bbi_mean": 3.1695,
    "ref_respiration_bbi_std": 1.2653542389386458,
    "ref_respiration_bbi_cv": 0.39922834482998765,
    "ref_respiration_bbi_range": 5.748,
    "ref_respiration_bbi_iqr": 1.016,
    "ref_respiration_bbi_rmssd": 1.8119097730408724,
    "ref_respiration_bbi_meandist": 2.065190841529962,
    "ref_respiration_peak_amp_mean": 0.342092306573545,
    "ref_respiration_peak_amp_std": 0.3140841333135615,
    "ref_respiration_peak_amp_min": -0.4069481483648256,
    "ref_respiration_peak_amp_max": 1.0,
    "ref_respiration_feet_amp_mean": -0.29258626278978045,
    "ref_respiration_feet_amp_std": 0.22572792057005123,
    "ref_respiration_tidal_excursion_mean": 0.6187641593654674,
    "ref_respiration_tidal_excursion_std": 0.33956766081758943,
    "ref_respiration_tidal_excursion_cv": 0.5487836612350182,
    "ref_respiration_envelope_mean": 0.39357716085642536,
    "ref_respiration_envelope_std": 0.22901237001986915,
    "ref_respiration_envelope_max": 1.3074639513041566,
    "ref_respiration_mean": -0.0018266845572938336,
    "ref_respiration_std": 0.32197247939622975,
    "ref_respiration_var": 0.10366627748855559,
    "ref_respiration_min": -0.9514478496832747,
    "ref_respiration_max": 1.0,
    "ref_respiration_median": -0.06324044247085624,
    "ref_respiration_range": 1.9514478496832748,
    "ref_respiration_iqr": 0.44672832435184623,
    "ref_respiration_skewness": 0.23672276340978057,
    "ref_respiration_kurtosis": 0.10991446470427535,
    "ref_respiration_rms": 0.3219776611273326,
    "ref_respiration_energy": 3442.8678897415616,
    "ref_respiration_zcr": 0.002017464619090635,
    "ref_respiration_mav": 0.25901614713301496,
    "ref_respiration_p5": -0.4715850047372884,
    "ref_respiration_p25": -0.2234355970290974,
    "ref_respiration_p75": 0.22329272732274882,