{
    "ref_lead1_n_r_peaks_raw": 118,
    "ref_lead1_n_r_peaks_filtered": 118,
    "ref_lead1_peaks_rejected_pct": 0.0,
    "ref_lead1_mean_hr": 64.90192746075749,
    "ref_lead1_std_hr": 4.316848867268996,
    "ref_lead1_min_hr": 55.55555555555555,
    "ref_lead1_max_hr": 75.37688442211055,
    "ref_lead1_median_hr": 64.6551724137931,
    "ref_lead1_mean_hr_filtered": 64.90192746075749,
    "ref_lead1_std_hr_filtered": 4.316848867268996,
    "ref_lead1_mean_rr": 928.5811965811965,
    "ref_lead1_std_rr": 61.966111405112045,
    "ref_lead1_sdnn": 61.966111405112045,
    "ref_lead1_median_rr": 928.0,
    "ref_lead1_rmssd": 63.698643952436775,
    "ref_lead1_pnn50": 46.55172413793103,
    "ref_lead1_pnn20": 81.89655172413794,
    "ref_lead1_meandist": 84.02781979567514,
    "ref_lead1_cv_rr": 0.06673203337872417,
    "ref_lead1_range_rr": 284.0,
    "ref_lead1_iqr_rr": 92.0,
    "ref_lead1_global_ecg_r_peak_indices_mean": 14064.627118644068,
    "ref_lead1_global_ecg_r_peak_indices_std": 7930.677418643795,
    "ref_lead1_global_ecg_r_peak_indices_min": 297.0,
    "ref_lead1_global_ecg_r_peak_indices_max": 27458.0,
    "ref_lead1_global_heart_rate_mean": 64.90192746075749,
    "ref_lead1_global_heart_rate_std": 4.3168488672689955,
    "ref_lead1_global_heart_rate_min": 55.55555555555556,
    "ref_lead1_global_heart_rate_max": 75.37688442211055,
    "ref_lead1_global_mean_rr_interval": 928.5811965811965,
    "ref_lead1_global_sdnn": 61.966111405112045,
    "ref_lead1_global_root_mean_square_of_successive_differences": 63.698643952436775,
    "ref_lead1_global_mean_heart_rate": 64.90192746075749,
    "ref_lead1_global_std_heart_rate": 4.3168488672689955,
    "ref_lead1_global_min_heart_rate": 55.55555555555556,
    "ref_lead1_global_max_heart_rate": 75.37688442211055,
    "ref_lead1_global_nn_xx": 117.0,
    "ref_lead1_global_pnn_xx": 100.0,
    "ref_lead1_r_amp_mean": 0.9417396607516912,
    "ref_lead1_r_amp_std": 0.029233491395852684,
    "ref_lead1_r_amp_min": 0.8600629850544462,
    "ref_lead1_r_amp_max": 1.0,
    "ref_lead1_r_amp_median": 0.937674953352925,
    "ref_lead1_mean": -5.570897242170637e-07,
    "ref_lead1_std": 0.14856921172037038,
    "ref_lead1_var": 0.022072810671212237,
    "ref_lead1_min": -0.4469797900512302,
    "ref_lead1_max": 1.0,
    "ref_lead1_median": -0.002931044964634909,
    "ref_lead1_range": 1.4469797900512302,
    "ref_lead1_iqr": 0.0614243265401436,
    "ref_lead1_skewness": 3.1378079112390074,
    "ref_lead1_kurtosis": 17.478810180031502,
    "ref_lead1_rms": 0.14856921172141485,
    "ref_lead1_energy": 609.4965210727532,
    "ref_lead1_zcr": 0.07579763155035672,
    "ref_lead1_mav": 0.07181633154829299,
    "ref_lead1_p5": -0.15312420481900807,
    "ref_lead1_p25": -0.04796811679317447,
    "ref_lead1_p75": 0.013456209746969133,
    "ref_lead1_p95": 0.18721847116605,
    "ref_lead2_n_r_peaks_raw": 118,
    "ref_lead2_n_r_peaks_filtered": 118,
    "ref_lead2_peaks_rejected_pct": 0.0,
    "ref_lead2_mean_hr": 64.90095775722232,
    "ref_lead2_std_hr": 4.327496154052004,
    "ref_lead2_min_hr": 55.55555555555555,
    "ref_lead2_max_hr": 75.37688442211055,
    "ref_lead2_median_hr": 64.6551724137931,
    "ref_lead2_mean_hr_filtered": 64.90095775722232,
    "ref_lead2_std_hr_filtered": 4.327496154052004,
    "ref_lead2_mean_rr": 928.6153846153846,
    "ref_lead2_std_rr": 62.118971344674144,
    "ref_lead2_sdnn": 62.118971344674144,
    "ref_lead2_median_rr": 928.0,
    "ref_lead2_rmssd": 64.03231942569691,
    "ref_lead2_pnn50": 46.55172413793103,
    "ref_lead2_pnn20": 81.89655172413794,
    "ref_lead2_meandist": 84.41856716056645,
    "ref_lead2_cv_rr": 0.06689418716706129,
    "ref_lead2_range_rr": 284.0,
    "ref_lead2_iqr_rr": 92.0,
    "ref_lead2_global_ecg_r_peak_indices_mean": 14063.50847457627,
    "ref_lead2_global_ecg_r_peak_indices_std": 7930.695431649686,
    "ref_lead2_global_ecg_r_peak_indices_min": 295.0,
    "ref_lead2_global_ecg_r_peak_indices_max": 27457.0,
    "ref_lead2_global_heart_rate_mean": 64.90095775722232,
    "ref_lead2_global_heart_rate_std": 4.327496154052004,
    "ref_lead2_global_heart_rate_min": 55.55555555555556,
    "ref_lead2_global_heart_rate_max": 75.37688442211055,
    "ref_lead2_global_mean_rr_interval": 928.6153846153846,
    "ref_lead2_global_sdnn": 62.118971344674144,
    "ref_lead2_global_root_mean_square_of_successive_differences": 64.03231942569691,
    "ref_lead2_global_mean_heart_rate": 64.90095775722232,
    "ref_lead2_global_std_heart_rate": 4.327496154052004,
    "ref_lead2_global_min_heart_rate": 55.55555555555556,
    "ref_lead2_global_max_heart_rate": 75.37688442211055,
    "ref_lead2_global_nn_xx": 117.0,
    "ref_lead2_global_pnn_xx": 100.0,
    "ref_lead2_r_amp_mean": 0.9396929686946799,
    "ref_lead2_r_amp_std": 0.02842164875683389,
    "ref_lead2_r_amp_min": 0.8743864063884417,
    "ref_lead2_r_amp_max": 1.0,
    "ref_lead2_r_amp_median": 0.9378598396005349,
    "ref_lead2_mean": 1.817986313193072e-06,
    "ref_lead2_std": 0.15865308572509979,
    "ref_lead2_var": 0.025170801610095862,
    "ref_lead2_min": -0.7423073672050897,
    "ref_lead2_max": 1.0,
    "ref_lead2_median": 0.00012070919079179198,
    "ref_lead2_range": 1.7423073672050897,
    "ref_lead2_iqr": 0.04366101766067244,
    "ref_lead2_skewness": 1.3164428813943614,
    "ref_lead2_kurtosis": 17.101709103977463,
    "ref_lead2_rms": 0.15865308573551584,
    "ref_lead2_energy": 695.0161741492267,
    "ref_lead2_zcr": 0.08137766188613646,
    "ref_lead2_mav": 0.06552222331215092,
    "ref_lead2_p5": -0.12932904447237847,
    "ref_lead2_p25": -0.026547520755219725,
    "ref_lead2_p75": 0.01711349690545271,
    "ref_lead2_p95": 0.09116082418063012,
    "ref_respiration_n_peaks_ampd": 28,
    "ref_respiration_n_peaks_msptd": 28,
    "ref_respiration_n_feets_msptd": 29,
    "ref_respiration_peak_method": "msptd",
    "ref_respiration_resp_rate_mean": 14.278674544390125,
    "ref_respiration_resp_rate_std": 1.0101459877033576,
    "ref_respiration_resp_rate_min": 12.755102040816327,
    "ref_respiration_resp_rate_max": 16.611295681063122,
    "ref_respiration_resp_rate_median": 13.940520446096654,
    "ref_respiration_bbi_mean": 4.222518518518519,
    "ref_respiration_bbi_std": 0.2898687276797794,
    "ref_respiration_bbi_cv": 0.06864830228890993,
    "ref_respiration_bbi_range": 1.0919999999999996,
    "ref_respiration_bbi_iqr": 0.4400000000000004,
    "ref_respiration_bbi_rmssd": 0.31357590174285743,
    "ref_respiration_bbi_meandist": 0.4012217778261427,
    "ref_respiration_peak_amp_mean": 0.6357664202964448,
    "ref_respiration_peak_amp_std": 0.06343329193978169,
    "ref_respiration_peak_amp_min": 0.5124630052665826,
    "ref_respiration_peak_amp_max": 0.8253272954956898,
    "ref_respiration_feet_amp_mean": -0.8159849525524718,
    "ref_respiration_feet_amp_std": 0.12913326135656086,
    "ref_respiration_tidal_excursion_mean": 1.4618505600789964,
    "ref_respiration_tidal_excursion_std": 0.1665077362340172,
    "ref_respiration_tidal_excursion_cv": 0.11390202308026572,
    "ref_respiration_envelope_mean": 0.7014116353141463,
    "ref_respiration_envelope_std": 0.12351643693961721,
    "ref_respiration_envelope_max": 1.0169131556366953,
    "ref_respiration_mean": 0.0017130408553891953,
    "ref_respiration_std": 0.5036193115041772,
    "ref_respiration_var": 0.25363241091994143,
    "ref_respiration_min": -1.0,
    "ref_respiration_max": 0.8253272954956898,
    "ref_respiration_median": 0.08216666276699687,
    "ref_respiration_range": 1.8253272954956898,
    "ref_respiration_iqr": 0.9287457734559001,
    "ref_respiration_skewness": -0.30236733711555513,
    "ref_respiration_kurtosis": -1.260475477528414,
    "ref_respiration_rms": 0.5036222249155746,
    "ref_respiration_energy": 7785.844198631362,
    "ref_respiration_zcr": 0.0018894354497182135,
    "ref_respiration_mav": 0.4440877531055424,
    "ref_respiration_p5": -0.8368940149431571,
    "ref_respiration_p25": -0.45277025690131717,