{
    "ref_lead1_n_r_peaks_raw": 89,
    "ref_lead1_n_r_peaks_filtered": 89,
    "ref_lead1_peaks_rejected_pct": 0.0,
    "ref_lead1_mean_hr": 55.761975528372204,
    "ref_lead1_std_hr": 1.7042188220903869,
    "ref_lead1_min_hr": 52.447552447552454,
    "ref_lead1_max_hr": 59.7609561752988,
    "ref_lead1_median_hr": 55.556317644960835,
    "ref_lead1_mean_hr_filtered": 55.761975528372204,
    "ref_lead1_std_hr_filtered": 1.7042188220903869,
    "ref_lead1_mean_rr": 1077.0,
    "ref_lead1_std_rr": 32.67053162046244,
    "ref_lead1_sdnn": 32.67053162046244,
    "ref_lead1_median_rr": 1080.0,
    "ref_lead1_rmssd": 35.710200094715205,
    "ref_lead1_pnn50": 16.091954022988507,
    "ref_lead1_pnn20": 59.770114942528735,
    "ref_lead1_meandist": 46.5492963298908,
    "ref_lead1_cv_rr": 0.030334755450754355,
    "ref_lead1_range_rr": 140.0,
    "ref_lead1_iqr_rr": 53.0,
    "ref_lead1_global_ecg_r_peak_indices_mean": 12334.58426966292,
    "ref_lead1_global_ecg_r_peak_indices_std": 6949.847037050833,
    "ref_lead1_global_ecg_r_peak_indices_min": 392.0,
    "ref_lead1_global_ecg_r_peak_indices_max": 24086.0,
    "ref_lead1_global_heart_rate_mean": 55.761975528372204,
    "ref_lead1_global_heart_rate_std": 1.7042188220903862,
    "ref_lead1_global_heart_rate_min": 52.44755244755245,
    "ref_lead1_global_heart_rate_max": 59.7609561752988,
    "ref_lead1_global_mean_rr_interval": 1077.0,
    "ref_lead1_global_sdnn": 32.67053162046244,
    "ref_lead1_global_root_mean_square_of_successive_differences": 35.710200094715205,
    "ref_lead1_global_mean_heart_rate": 55.761975528372204,
    "ref_lead1_global_std_heart_rate": 1.7042188220903862,
    "ref_lead1_global_min_heart_rate": 52.44755244755245,
    "ref_lead1_global_max_heart_rate": 59.7609561752988,
    "ref_lead1_global_nn_xx": 88.0,
    "ref_lead1_global_pnn_xx": 100.0,
    "ref_lead1_r_amp_mean": 0.9232835857024358,
    "ref_lead1_r_amp_std": 0.05955761408301641,
    "ref_lead1_r_amp_min": 0.8177520429260265,
    "ref_lead1_r_amp_max": 1.0,
    "ref_lead1_r_amp_median": 0.9469702916999994,
    "ref_lead1_mean": 2.4036880479638816e-05,
    "ref_lead1_std": 0.139266350971311,
    "ref_lead1_var": 0.019395116512864376,
    "ref_lead1_min": -0.42601447251108615,
    "ref_lead1_max": 1.0,
    "ref_lead1_median": -0.003529215061582998,
    "ref_lead1_range": 1.4260144725110862,
    "ref_lead1_iqr": 0.05533653378059229,
    "ref_lead1_skewness": 3.318945696439143,
    "ref_lead1_kurtosis": 19.55112718238531,
    "ref_lead1_rms": 0.13926635304565135,
    "ref_lead1_energy": 471.74743299553944,
    "ref_lead1_zcr": 0.07227726842905892,
    "ref_lead1_mav": 0.0678609913081257,
    "ref_lead1_p5": -0.1522619001425447,
    "ref_lead1_p25": -0.04246562810212385,
    "ref_lead1_p75": 0.012870905678468443,
    "ref_lead1_p95": 0.1752995562801709,
    "ref_lead2_n_r_peaks_raw": 89,
    "ref_lead2_n_r_peaks_filtered": 89,
    "ref_lead2_peaks_rejected_pct": 0.0,
    "ref_lead2_mean_hr": 55.75897076626836,
    "ref_lead2_std_hr": 1.693048409561995,
    "ref_lead2_min_hr": 52.264808362369344,
    "ref_lead2_max_hr": 59.523809523809526,
    "ref_lead2_median_hr": 55.55555555555555,
    "ref_lead2_mean_hr_filtered": 55.75897076626836,
    "ref_lead2_std_hr_filtered": 1.693048409561995,
    "ref_lead2_mean_rr": 1077.0454545454545,
    "ref_lead2_std_rr": 32.470934237375026,
    "ref_lead2_sdnn": 32.470934237375026,
    "ref_lead2_median_rr": 1080.0,
    "ref_lead2_rmssd": 35.21755048365751,
    "ref_lead2_pnn50": 17.24137931034483,
    "ref_lead2_pnn20": 57.47126436781609,
    "ref_lead2_meandist": 45.40257633455778,
    "ref_lead2_cv_rr": 0.030148155865045392,
    "ref_lead2_range_rr": 140.0,
    "ref_lead2_iqr_rr": 52.0,
    "ref_lead2_global_ecg_r_peak_indices_mean": 12335.168539325843,
    "ref_lead2_global_ecg_r_peak_indices_std": 6949.862847625698,
    "ref_lead2_global_ecg_r_peak_indices_min": 392.0,
    "ref_lead2_global_ecg_r_peak_indices_max": 24087.0,
    "ref_lead2_global_heart_rate_mean": 55.75897076626836,
    "ref_lead2_global_heart_rate_std": 1.6930484095619944,
    "ref_lead2_global_heart_rate_min": 52.26480836236934,
    "ref_lead2_global_heart_rate_max": 59.523809523809526,
    "ref_lead2_global_mean_rr_interval": 1077.0454545454545,
    "ref_lead2_global_sdnn": 32.470934237375026,
    "ref_lead2_global_root_mean_square_of_successive_differences": 35.21755048365751,
    "ref_lead2_global_mean_heart_rate": 55.75897076626836,
    "ref_lead2_global_std_heart_rate": 1.6930484095619944,
    "ref_lead2_global_min_heart_rate": 52.26480836236934,
    "ref_lead2_global_max_heart_rate": 59.523809523809526,
    "ref_lead2_global_nn_xx": 88.0,
    "ref_lead2_global_pnn_xx": 100.0,
    "ref_lead2_r_amp_mean": 0.9622899743428945,
    "ref_lead2_r_amp_std": 0.014897933024190319,
    "ref_lead2_r_amp_min": 0.9194017246809006,
    "ref_lead2_r_amp_max": 1.0,
    "ref_lead2_r_amp_median": 0.9653772339984167,
    "ref_lead2_mean": 1.782479100844629e-05,
    "ref_lead2_std": 0.12439695707648349,
    "ref_lead2_var": 0.015474602929888474,
    "ref_lead2_min": -0.26853023790270253,
    "ref_lead2_max": 1.0,
    "ref_lead2_median": -0.0026332008248657643,
    "ref_lead2_range": 1.2685302379027026,
    "ref_lead2_iqr": 0.03711730251933078,
    "ref_lead2_skewness": 4.7211357408602685,
    "ref_lead2_kurtosis": 31.236101182164923,
    "ref_lead2_rms": 0.1243969583535371,
    "ref_lead2_energy": 376.3887747916581,
    "ref_lead2_zcr": 0.07881429100028779,
    "ref_lead2_mav": 0.051971844526758855,
    "ref_lead2_p5": -0.12842684621835707,
    "ref_lead2_p25": -0.028953218213884364,
    "ref_lead2_p75": 0.008164084305446413,
    "ref_lead2_p95": 0.09159354728899681,
    "ref_respiration_n_peaks_ampd": 30,
    "ref_respiration_n_peaks_msptd": 43,
    "ref_respiration_n_feets_msptd": 46,
    "ref_respiration_peak_method": "msptd",
    "ref_respiration_resp_rate_mean": 22.741337823088717,
    "ref_respiration_resp_rate_std": 6.632750788863404,
    "ref_respiration_resp_rate_min": 13.215859030837004,
    "ref_respiration_resp_rate_max": 35.37735849056604,
    "ref_respiration_resp_rate_median": 23.94104470013237,
    "ref_respiration_bbi_mean": 2.892571428571429,
    "ref_respiration_bbi_std": 0.8904344884556598,
    "ref_respiration_bbi_cv": 0.3078349179765714,
    "ref_respiration_bbi_range": 2.8440000000000003,
    "ref_respiration_bbi_iqr": 1.5109999999999997,
    "ref_respiration_bbi_rmssd": 1.0442825521766068,
    "ref_respiration_bbi_meandist": 1.2650950856439795,
    "ref_respiration_peak_amp_mean": 0.41947507461845174,
    "ref_respiration_peak_amp_std": 0.44069879021313946,
    "ref_respiration_peak_amp_min": -0.44702354624653934,
    "ref_respiration_peak_amp_max": 0.8497977434801702,
    "ref_respiration_feet_amp_mean": -0.42868923864294733,
    "ref_respiration_feet_amp_std": 0.13268449716316813,
    "ref_respiration_tidal_excursion_mean": 0.8395434222077275,
    "ref_respiration_tidal_excursion_std": 0.49149875191879067,
    "ref_respiration_tidal_excursion_cv": 0.5854357724896564,
    "ref_respiration_envelope_mean": 0.5732803319341143,
    "ref_respiration_envelope_std": 0.1382779561629496,
    "ref_respiration_envelope_max": 0.878069183438851,
    "ref_respiration_mean": -0.0030564629160588033,
    "ref_respiration_std": 0.41702712289034544,
    "ref_respiration_var": 0.17391162122619927,
    "ref_respiration_min": -0.7519192214364228,
    "ref_respiration_max": 0.8497977434801702,
    "ref_respiration_median": -0.09794391641937189,
    "ref_respiration_range": 1.601716964916593,
    "ref_respiration_iqr": 0.7526433582220622,
    "ref_respiration_skewness": 0.34390865801495524,
    "ref_respiration_kurtosis": -1.2651791735784692,
    "ref_respiration_rms": 0.41703832340896024,
    "ref_respiration_energy": 5449.117697760923,
    "ref_respiration_zcr": 0.002042705307842073,
    "ref_respiration_mav": 0.3716985144512335,
    "ref_respiration_p5": -0.5202958717906212,
    "ref_respiration_p25": -0.37403154031501995,