{
    "ref_lead1_n_r_peaks_raw": 180,
    "ref_lead1_n_r_peaks_filtered": 180,
    "ref_lead1_peaks_rejected_pct": 0.0,
    "ref_lead1_mean_hr": 71.1352632335564,
    "ref_lead1_std_hr": 4.985032194157937,
    "ref_lead1_min_hr": 61.98347107438017,
    "ref_lead1_max_hr": 89.28571428571428,
    "ref_lead1_median_hr": 70.75471698113208,
    "ref_lead1_mean_hr_filtered": 71.1352632335564,
    "ref_lead1_std_hr_filtered": 4.985032194157937,
    "ref_lead1_mean_rr": 847.463687150838,
    "ref_lead1_std_rr": 57.38026221125913,
    "ref_lead1_sdnn": 57.38026221125913,
    "ref_lead1_median_rr": 848.0,
    "ref_lead1_rmssd": 41.99304383272399,
    "ref_lead1_pnn50": 20.786516853932586,
    "ref_lead1_pnn20": 61.79775280898876,
    "ref_lead1_meandist": 51.95625444490688,
    "ref_lead1_cv_rr": 0.06770822523873657,
    "ref_lead1_range_rr": 296.0,
    "ref_lead1_iqr_rr": 76.0,
    "ref_lead1_global_ecg_r_peak_indices_mean": 19288.972222222223,
    "ref_lead1_global_ecg_r_peak_indices_std": 11097.064352756921,
    "ref_lead1_global_ecg_r_peak_indices_min": 104.0,
    "ref_lead1_global_ecg_r_peak_indices_max": 38028.0,
    "ref_lead1_global_heart_rate_mean": 71.1352632335564,
    "ref_lead1_global_heart_rate_std": 4.985032194157938,
    "ref_lead1_global_heart_rate_min": 61.98347107438016,
    "ref_lead1_global_heart_rate_max": 89.28571428571429,
    "ref_lead1_global_mean_rr_interval": 847.463687150838,
    "ref_lead1_global_sdnn": 57.38026221125913,
    "ref_lead1_global_root_mean_square_of_successive_differences": 41.99304383272399,
    "ref_lead1_global_mean_heart_rate": 71.1352632335564,
    "ref_lead1_global_std_heart_rate": 4.985032194157938,
    "ref_lead1_global_min_heart_rate": 61.98347107438016,
    "ref_lead1_global_max_heart_rate": 89.28571428571429,
    "ref_lead1_global_nn_xx": 179.0,
    "ref_lead1_global_pnn_xx": 100.0,
    "ref_lead1_r_amp_mean": 0.9097271821145531,
    "ref_lead1_r_amp_std": 0.04663236394714439,
    "ref_lead1_r_amp_min": 0.7591971087045984,
    "ref_lead1_r_amp_max": 1.0,
    "ref_lead1_r_amp_median": 0.9175279953066802,
    "ref_lead1_mean": -1.6021690209538528e-05,
    "ref_lead1_std": 0.16161114690415365,
    "ref_lead1_var": 0.026118162803675928,
    "ref_lead1_min": -0.7489163416394007,
    "ref_lead1_max": 1.0,
    "ref_lead1_median": -0.0013786681043293971,
    "ref_lead1_range": 1.7489163416394007,
    "ref_lead1_iqr": 0.06217079567709337,
    "ref_lead1_skewness": 1.4802386706681696,
    "ref_lead1_kurtosis": 14.336423667693875,
    "ref_lead1_rms": 0.16161114769832707,
    "ref_lead1_energy": 1000.6390631689142,
    "ref_lead1_zcr": 0.10978283566506578,
    "ref_lead1_mav": 0.0758457981507078,
    "ref_lead1_p5": -0.14459340201313103,
    "ref_lead1_p25": -0.03665283998126467,
    "ref_lead1_p75": 0.02551795569582869,
    "ref_lead1_p95": 0.156335808167532,
    "ref_lead2_n_r_peaks_raw": 180,
    "ref_lead2_n_r_peaks_filtered": 180,
    "ref_lead2_peaks_rejected_pct": 0.0,
    "ref_lead2_mean_hr": 71.13627234363389,
    "ref_lead2_std_hr": 4.992071726443082,
    "ref_lead2_min_hr": 61.7283950617284,
    "ref_lead2_max_hr": 89.28571428571428,
    "ref_lead2_median_hr": 71.09004739336493,
    "ref_lead2_mean_hr_filtered": 71.13627234363389,
    "ref_lead2_std_hr_filtered": 4.992071726443082,
    "ref_lead2_mean_rr": 847.463687150838,
    "ref_lead2_std_rr": 57.47054207606407,
    "ref_lead2_sdnn": 57.47054207606407,
    "ref_lead2_median_rr": 844.0,
    "ref_lead2_rmssd": 42.38401224969178,
    "ref_lead2_pnn50": 21.910112359550563,
    "ref_lead2_pnn20": 61.79775280898876,
    "ref_lead2_meandist": 52.288974585499766,
    "ref_lead2_cv_rr": 0.06781475471743137,
    "ref_lead2_range_rr": 300.0,
    "ref_lead2_iqr_rr": 74.0,
    "ref_lead2_global_ecg_r_peak_indices_mean": 19288.67777777778,
    "ref_lead2_global_ecg_r_peak_indices_std": 11097.108249777684,
    "ref_lead2_global_ecg_r_peak_indices_min": 103.0,
    "ref_lead2_global_ecg_r_peak_indices_max": 38027.0,
    "ref_lead2_global_heart_rate_mean": 71.13627234363389,
    "ref_lead2_global_heart_rate_std": 4.992071726443083,
    "ref_lead2_global_heart_rate_min": 61.72839506172839,
    "ref_lead2_global_heart_rate_max": 89.28571428571429,
    "ref_lead2_global_mean_rr_interval": 847.463687150838,
    "ref_lead2_global_sdnn": 57.47054207606407,
    "ref_lead2_global_root_mean_square_of_successive_differences": 42.38401224969178,
    "ref_lead2_global_mean_heart_rate": 71.13627234363389,
    "ref_lead2_global_std_heart_rate": 4.992071726443083,
    "ref_lead2_global_min_heart_rate": 61.72839506172839,
    "ref_lead2_global_max_heart_rate": 89.28571428571429,
    "ref_lead2_global_nn_xx": 179.0,
    "ref_lead2_global_pnn_xx": 100.0,
    "ref_lead2_r_amp_mean": 0.9303483108821617,
    "ref_lead2_r_amp_std": 0.02970287341194682,
    "ref_lead2_r_amp_min": 0.8632868289434533,
    "ref_lead2_r_amp_max": 1.0,
    "ref_lead2_r_amp_median": 0.9291092282955036,
    "ref_lead2_mean": -1.0977832439940713e-05,
    "ref_lead2_std": 0.15675959318457164,
    "ref_lead2_var": 0.024573570055392402,
    "ref_lead2_min": -0.5961097859754504,
    "ref_lead2_max": 1.0,
    "ref_lead2_median": -0.0011783893520862028,
    "ref_lead2_range": 1.5961097859754503,
    "ref_lead2_iqr": 0.044179998246087586,
    "ref_lead2_skewness": 2.579039741549019,
    "ref_lead2_kurtosis": 16.114551184364394,
    "ref_lead2_rms": 0.156759593568959,
    "ref_lead2_energy": 941.4134734389285,
    "ref_lead2_zcr": 0.07394936048029235,
    "ref_lead2_mav": 0.06944518046298981,
    "ref_lead2_p5": -0.17653154700098148,
    "ref_lead2_p25": -0.03386037082235206,
    "ref_lead2_p75": 0.010319627423735524,
    "ref_lead2_p95": 0.14976666970079885,
    "ref_respiration_n_peaks_ampd": 1,
    "ref_respiration_n_peaks_msptd": 1,
    "ref_respiration_n_feets_msptd": 1,
    "ref_respiration_peak_method": "msptd",
    "ref_respiration_peak_amp_mean": 0.9897477295574385,
    "ref_respiration_peak_amp_std": 0.0,
    "ref_respiration_peak_amp_min": 0.9897477295574385,
    "ref_respiration_peak_amp_max": 0.9897477295574385,
    "ref_respiration_feet_amp_mean": -0.12924645485910474,
    "ref_respiration_feet_amp_std": 0.0,
    "ref_respiration_tidal_excursion_mean": 1.1189941844165432,
    "ref_respiration_tidal_excursion_std": 0.0,
    "ref_respiration_tidal_excursion_cv": 0.0,
    "ref_respiration_envelope_mean": 0.47425831478266706,
    "ref_respiration_envelope_std": 0.2935454515581786,
    "ref_respiration_envelope_max": 2.505188205657555,
    "ref_respiration_mean": 0.03363063456701541,
    "ref_respiration_std": 0.38575069817665897,
    "ref_respiration_var": 0.14880360114377983,
    "ref_respiration_min": -0.2835105965770086,
    "ref_respiration_max": 1.0,
    "ref_respiration_median": -0.16910823831855043,
    "ref_respiration_range": 1.2835105965770086,
    "ref_respiration_iqr": 0.4586161776337745,
    "ref_respiration_skewness": 1.2704796894223058,
    "ref_respiration_kurtosis": 0.3340431688556085,
    "ref_respiration_rms": 0.38721392114070485,
    "ref_respiration_energy": 194.01539921835706,
    "ref_respiration_zcr": 0.0007727975270479134,
    "ref_respiration_mav": 0.30287321665402595,
    "ref_respiration_p5": -0.2818213410046837,
    "ref_respiration_p25": -0.2503345813749179,
    "ref_respiration_p75": 0.2082815962588566,
    "ref_respiration_p95": 0.9338270273464403
}