{
    "ref_lead1_n_r_peaks_raw": 180,
    "ref_lead1_n_r_peaks_filtered": 180,
    "ref_lead1_peaks_rejected_pct": 0.0,
    "ref_lead1_mean_hr": 71.1352632335564,
    "ref_lead1_std_hr": 4.985032194157937,
    "ref_lead1_min_hr": 61.98347107438017,
    "ref_lead1_max_hr": 89.28571428571428,
    "ref_lead1_median_hr": 70.75471698113208,
    "ref_lead1_mean_hr_filtered": 71.1352632335564,
    "ref_lead1_std_hr_filtered": 4.985032194157937,
    "ref_lead1_mean_rr": 847.463687150838,
    "ref_lead1_std_rr": 57.38026221125913,
    "ref_lead1_sdnn": 57.38026221125913,
    "ref_lead1_median_rr": 848.0,
    "ref_lead1_rmssd": 41.99304383272399,
    "ref_lead1_pnn50": 20.786516853932586,
    "ref_lead1_pnn20": 61.79775280898876,
    "ref_lead1_meandist": 51.95625444490688,
    "ref_lead1_cv_rr": 0.06770822523873657,
    "ref_lead1_range_rr": 296.0,
    "ref_lead1_iqr_rr": 76.0,
    "ref_lead1_global_ecg_r_peak_indices_mean": 19288.972222222223,
    "ref_lead1_global_ecg_r_peak_indices_std": 11097.064352756921,
    "ref_lead1_global_ecg_r_peak_indices_min": 104.0,
    "ref_lead1_global_ecg_r_peak_indices_max": 38028.0,
    "ref_lead1_global_heart_rate_mean": 71.1352632335564,
    "ref_lead1_global_heart_rate_std": 4.985032194157938,
    "ref_lead1_global_heart_rate_min": 61.98347107438016,
    "ref_lead1_global_heart_rate_max": 89.28571428571429,
    "ref_lead1_global_mean_rr_interval": 847.463687150838,
    "ref_lead1_global_sdnn": 57.38026221125913,
    "ref_lead1_global_root_mean_square_of_successive_differences": 41.99304383272399,
    "ref_lead1_global_mean_heart_rate": 71.1352632335564,
    "ref_lead1_global_std_heart_rate": 4.985032194157938,
    "ref_lead1_global_min_heart_rate": 61.98347107438016,
    "ref_lead1_global_max_heart_rate": 89.28571428571429,
    "ref_lead1_global_nn_xx": 179.0,
    "ref_lead1_global_pnn_xx": 100.0,
    "ref_lead1_r_amp_mean": 0.0015475703218623769,
    "ref_lead1_r_amp_std": 7.932802701920198e-05,
    "ref_lead1_r_amp_min": 0.0012914980853314948,
    "ref_lead1_r_amp_max": 0.0017011367278981738,
    "ref_lead1_r_amp_median": 0.001560840571690977,
    "ref_lead1_mean": -2.725508565845256e-08,
    "ref_lead1_std": 0.000274922657636403,
    "ref_lead1_var": 7.558246768186287e-08,
    "ref_lead1_min": -0.001274009094885921,
    "ref_lead1_max": 0.0017011367278981738,
    "ref_lead1_median": -2.3453029478564892e-06,
    "ref_lead1_range": 0.0029751458227840945,
    "ref_lead1_iqr": 0.00010576102392895653,
    "ref_lead1_skewness": 1.4802386706681698,
    "ref_lead1_kurtosis": 14.336423667693882,
    "ref_lead1_rms": 0.0002749226589874006,
    "ref_lead1_energy": 0.002895715530287205,
    "ref_lead1_zcr": 0.10978283566506578,
    "ref_lead1_mav": 0.00012902407289092045,
    "ref_lead1_p5": -0.00024597314677628294,
    "ref_lead1_p25": -6.235149227390395e-05,
    "ref_lead1_p75": 4.340953165505259e-05,
    "ref_lead1_p95": 0.000265948585159432,
    "ref_lead2_n_r_peaks_raw": 180,
    "ref_lead2_n_r_peaks_filtered": 180,
    "ref_lead2_peaks_rejected_pct": 0.0,
    "ref_lead2_mean_hr": 71.13627234363389,
    "ref_lead2_std_hr": 4.992071726443082,
    "ref_lead2_min_hr": 61.7283950617284,
    "ref_lead2_max_hr": 89.28571428571428,
    "ref_lead2_median_hr": 71.09004739336493,
    "ref_lead2_mean_hr_filtered": 71.13627234363389,
    "ref_lead2_std_hr_filtered": 4.992071726443082,
    "ref_lead2_mean_rr": 847.463687150838,
    "ref_lead2_std_rr": 57.47054207606407,
    "ref_lead2_sdnn": 57.47054207606407,
    "ref_lead2_median_rr": 844.0,
    "ref_lead2_rmssd": 42.38401224969178,
    "ref_lead2_pnn50": 21.910112359550563,
    "ref_lead2_pnn20": 61.79775280898876,
    "ref_lead2_meandist": 52.288974585499766,
    "ref_lead2_cv_rr": 0.06781475471743137,
    "ref_lead2_range_rr": 300.0,
    "ref_lead2_iqr_rr": 74.0,
    "ref_lead2_global_ecg_r_peak_indices_mean": 19288.67777777778,
    "ref_lead2_global_ecg_r_peak_indices_std": 11097.108249777684,
    "ref_lead2_global_ecg_r_peak_indices_min": 103.0,
    "ref_lead2_global_ecg_r_peak_indices_max": 38027.0,
    "ref_lead2_global_heart_rate_mean": 71.13627234363389,
    "ref_lead2_global_heart_rate_std": 4.992071726443083,
    "ref_lead2_global_heart_rate_min": 61.72839506172839,
    "ref_lead2_global_heart_rate_max": 89.28571428571429,
    "ref_lead2_global_mean_rr_interval": 847.463687150838,
    "ref_lead2_global_sdnn": 57.47054207606407,
    "ref_lead2_global_root_mean_square_of_successive_differences": 42.38401224969178,
    "ref_lead2_global_mean_heart_rate": 71.13627234363389,
    "ref_lead2_global_std_heart_rate": 4.992071726443083,
    "ref_lead2_global_min_heart_rate": 61.72839506172839,
    "ref_lead2_global_max_heart_rate": 89.28571428571429,
    "ref_lead2_global_nn_xx": 179.0,
    "ref_lead2_global_pnn_xx": 100.0,
    "ref_lead2_r_amp_mean": 0.00114225570890371,
    "ref_lead2_r_amp_std": 3.6468359568976363e-05,
    "ref_lead2_r_amp_min": 0.0010599194917084546,
    "ref_lead2_r_amp_max": 0.001227772110233227,
    "ref_lead2_r_amp_median": 0.0011407343978615354,
    "ref_lead2_mean": -1.3478276500572805e-08,
    "ref_lead2_std": 0.00019246505652352372,
    "ref_lead2_var": 3.704279798260318e-08,
    "ref_lead2_min": -0.000731886969857756,
    "ref_lead2_max": 0.001227772110233227,
    "ref_lead2_median": -1.4467935814872423e-06,
    "ref_lead2_range": 0.001959659080090983,
    "ref_lead2_iqr": 5.424296967669923e-05,
    "ref_lead2_skewness": 2.579039741549018,
    "ref_lead2_kurtosis": 16.11455118436439,
    "ref_lead2_rms": 0.00019246505699546378,
    "ref_lead2_energy": 0.0014191095976730736,
    "ref_lead2_zcr": 0.07394936048029235,
    "ref_lead2_mav": 8.526285576257227e-05,
    "ref_lead2_p5": -0.00021674050998413114,
    "ref_lead2_p25": -4.157281893783878e-05,
    "ref_lead2_p75": 1.2670150738860444e-05,
    "ref_lead2_p95": 0.00018387934010115253,
    "ref_respiration_n_peaks_ampd": 49,
    "ref_respiration_n_peaks_msptd": 55,
    "ref_respiration_n_feets_msptd": 55,
    "ref_respiration_peak_method": "msptd",
    "ref_respiration_resp_rate_mean": 24.10069630845588,
    "ref_respiration_resp_rate_std": 6.677641181865676,
    "ref_respiration_resp_rate_min": 15.0,
    "ref_respiration_resp_rate_max": 55.35055350553505,
    "ref_respiration_resp_rate_median": 22.438608504182273,
    "ref_respiration_bbi_mean": 2.6309629629629634,
    "ref_respiration_bbi_std": 0.5496925390772069,
    "ref_respiration_bbi_cv": 0.20893207043026896,
    "ref_respiration_bbi_range": 2.916,
    "ref_respiration_bbi_iqr": 0.6339999999999999,
    "ref_respiration_bbi_rmssd": 0.5661481904809955,
    "ref_respiration_bbi_meandist": 0.6370729800258756,
    "ref_respiration_peak_amp_mean": 0.09821756963251461,
    "ref_respiration_peak_amp_std": 0.09765094040797619,
    "ref_respiration_peak_amp_min": -0.38038800713114335,
    "ref_respiration_peak_amp_max": 0.30813794257637533,
    "ref_respiration_feet_amp_mean": -0.10869785342969972,
    "ref_respiration_feet_amp_std": 0.08190575615733199,
    "ref_respiration_tidal_excursion_mean": 0.20691542306221433,
    "ref_respiration_tidal_excursion_std": 0.1254945714161886,
    "ref_respiration_tidal_excursion_cv": 0.6065017752613613,
    "ref_respiration_envelope_mean": 0.18374577691994867,
    "ref_respiration_envelope_std": 0.33289425819665786,
    "ref_respiration_envelope_max": 4.952543580120519,
    "ref_respiration_mean": -0.002252052370821552,
    "ref_respiration_std": 0.26772048410394234,
    "ref_respiration_var": 0.07167425760884923,
    "ref_respiration_min": -1.385084524298473,
    "ref_respiration_max": 2.3718975441446717,
    "ref_respiration_median": -0.01181874461369253,
    "ref_respiration_range": 3.7569820684431448,
    "ref_respiration_iqr": 0.1334291261773075,
    "ref_respiration_skewness": 2.085568186562171,
    "ref_respiration_kurtosis": 27.856510967580277,
    "ref_respiration_rms": 0.26772995601674865,
    "ref_respiration_energy": 2709.191932064605,
    "ref_respiration_zcr": 0.0026457826224997355,