{
    "ref_lead1_n_r_peaks_raw": 105,
    "ref_lead1_n_r_peaks_filtered": 105,
    "ref_lead1_peaks_rejected_pct": 0.0,
    "ref_lead1_mean_hr": 69.18524857962377,
    "ref_lead1_std_hr": 4.321330108542585,
    "ref_lead1_min_hr": 61.7283950617284,
    "ref_lead1_max_hr": 84.74576271186442,
    "ref_lead1_median_hr": 68.4931506849315,
    "ref_lead1_mean_hr_filtered": 69.18524857962377,
    "ref_lead1_std_hr_filtered": 4.321330108542585,
    "ref_lead1_mean_rr": 870.4615384615385,
    "ref_lead1_std_rr": 51.855739812283936,
    "ref_lead1_sdnn": 51.855739812283936,
    "ref_lead1_median_rr": 876.0,
    "ref_lead1_rmssd": 40.166643166948504,
    "ref_lead1_pnn50": 19.41747572815534,
    "ref_lead1_pnn20": 62.13592233009709,
    "ref_lead1_meandist": 50.58541328984179,
    "ref_lead1_cv_rr": 0.05957269508304093,
    "ref_lead1_range_rr": 264.0,
    "ref_lead1_iqr_rr": 72.0,
    "ref_lead1_global_ecg_r_peak_indices_mean": 11605.55238095238,
    "ref_lead1_global_ecg_r_peak_indices_std": 6571.851111232559,
    "ref_lead1_global_ecg_r_peak_indices_min": 242.0,
    "ref_lead1_global_ecg_r_peak_indices_max": 22874.0,
    "ref_lead1_global_heart_rate_mean": 3.314747199353882,
    "ref_lead1_global_heart_rate_std": 7.247134129036775,
    "ref_lead1_global_heart_rate_min": 0.6557663723004284,
    "ref_lead1_global_heart_rate_max": 61.98347107438016,
    "ref_lead1_global_root_mean_square_of_successive_differences": 13337.09387742465,
    "ref_lead1_global_mean_rr_interval": 11605.55238095238,
    "ref_lead1_global_sdnn": 6571.851111232559,
    "ref_lead1_global_mean_heart_rate": 1.2924847958653618,
    "ref_lead1_global_std_heart_rate": 7.247134129036775,
    "ref_lead1_global_nn_xx": 105.0,
    "ref_lead1_global_pnn_xx": 250.0,
    "ref_lead1_global_min_heart_rate": 0.6557663723004284,
    "ref_lead1_global_max_heart_rate": 61.98347107438016,
    "ref_lead1_r_amp_mean": 0.7367995484680931,
    "ref_lead1_r_amp_std": 0.03837087898132608,
    "ref_lead1_r_amp_min": 0.6111656160534131,
    "ref_lead1_r_amp_max": 0.8274376125468834,
    "ref_lead1_r_amp_median": 0.7445932858596439,
    "ref_lead1_mean": 0.00036362424526043,
    "ref_lead1_std": 0.2726785942326913,
    "ref_lead1_var": 0.07435361575271672,
    "ref_lead1_min": -0.865211694647663,
    "ref_lead1_max": 0.8274376125468834,
    "ref_lead1_median": -0.09296204372133084,
    "ref_lead1_range": 1.6926493071945465,
    "ref_lead1_iqr": 0.16064619298451366,
    "ref_lead1_skewness": 0.9792101922478312,
    "ref_lead1_kurtosis": 1.7533515819129768,
    "ref_lead1_rms": 0.272678836683943,
    "ref_lead1_energy": 1721.809741864218,
    "ref_lead1_zcr": 0.019130284579176923,
    "ref_lead1_mav": 0.19287892413433874,
    "ref_lead1_p5": -0.21770017741952746,
    "ref_lead1_p25": -0.12542970648376736,
    "ref_lead1_p75": 0.03521648650074628,
    "ref_lead1_p95": 0.6405483346077583,
    "ref_lead2_n_r_peaks_raw": 105,
    "ref_lead2_n_r_peaks_filtered": 105,
    "ref_lead2_peaks_rejected_pct": 0.0,
    "ref_lead2_mean_hr": 69.1824392613778,
    "ref_lead2_std_hr": 4.322848058319279,
    "ref_lead2_min_hr": 61.7283950617284,
    "ref_lead2_max_hr": 84.74576271186442,
    "ref_lead2_median_hr": 68.4931506849315,
    "ref_lead2_mean_hr_filtered": 69.1824392613778,
    "ref_lead2_std_hr_filtered": 4.322848058319279,
    "ref_lead2_mean_rr": 870.5,
    "ref_lead2_std_rr": 51.88800810028638,
    "ref_lead2_sdnn": 51.88800810028638,
    "ref_lead2_median_rr": 876.0,
    "ref_lead2_rmssd": 40.214956402395885,
    "ref_lead2_pnn50": 19.41747572815534,
    "ref_lead2_pnn20": 63.10679611650485,
    "ref_lead2_meandist": 50.63777658290626,
    "ref_lead2_cv_rr": 0.05960713164880687,
    "ref_lead2_range_rr": 264.0,
    "ref_lead2_iqr_rr": 72.0,
    "ref_lead2_global_ecg_r_peak_indices_mean": 11607.514285714286,
    "ref_lead2_global_ecg_r_peak_indices_std": 6571.93378819831,
    "ref_lead2_global_ecg_r_peak_indices_min": 244.0,
    "ref_lead2_global_ecg_r_peak_indices_max": 22877.0,
    "ref_lead2_global_heart_rate_mean": 3.3065868642909426,
    "ref_lead2_global_heart_rate_std": 7.199719322566237,
    "ref_lead2_global_heart_rate_min": 0.6556803776718976,
    "ref_lead2_global_heart_rate_max": 61.47540983606557,
    "ref_lead2_global_root_mean_square_of_successive_differences": 13338.841839137453,
    "ref_lead2_global_mean_rr_interval": 11607.514285714286,
    "ref_lead2_global_sdnn": 6571.93378819831,
    "ref_lead2_global_mean_heart_rate": 1.2922663397848193,
    "ref_lead2_global_std_heart_rate": 7.199719322566237,
    "ref_lead2_global_nn_xx": 105.0,
    "ref_lead2_global_pnn_xx": 250.0,
    "ref_lead2_global_min_heart_rate": 0.6556803776718976,
    "ref_lead2_global_max_heart_rate": 61.47540983606557,
    "ref_lead2_r_amp_mean": 0.9123252899388763,
    "ref_lead2_r_amp_std": 0.03740233134770709,
    "ref_lead2_r_amp_min": 0.8154965102796146,
    "ref_lead2_r_amp_max": 1.0,
    "ref_lead2_r_amp_median": 0.9100251898744206,
    "ref_lead2_mean": 0.0003248637384796614,
    "ref_lead2_std": 0.22563367388482314,
    "ref_lead2_var": 0.05091055479076272,
    "ref_lead2_min": -0.5999666157849504,
    "ref_lead2_max": 1.0,
    "ref_lead2_median": -0.0887915380277189,
    "ref_lead2_range": 1.5999666157849504,
    "ref_lead2_iqr": 0.12835181420038486,
    "ref_lead2_skewness": 1.753416279478892,
    "ref_lead2_kurtosis": 3.54386077889981,
    "ref_lead2_rms": 0.22563390775149755,
    "ref_lead2_energy": 1178.9381611972321,
    "ref_lead2_zcr": 0.02768061493284968,
    "ref_lead2_mav": 0.15628605968136383,
    "ref_lead2_p5": -0.20103465660769318,
    "ref_lead2_p25": -0.10278125837813297,
    "ref_lead2_p75": 0.025570555822251897,
    "ref_lead2_p95": 0.530519695034627,
    "ref_respiration_n_peaks_ampd": 7,
    "ref_respiration_n_peaks_msptd": 12,
    "ref_respiration_n_feets_msptd": 12,
    "ref_respiration_peak_method": "msptd",
    "ref_respiration_resp_rate_mean": 24.419639419348098,
    "ref_respiration_resp_rate_std": 10.010432523477952,
    "ref_respiration_resp_rate_min": 17.142857142857142,
    "ref_respiration_resp_rate_max": 53.76344086021505,
    "ref_respiration_resp_rate_median": 20.21563342318059,
    "ref_respiration_bbi_mean": 2.719272727272727,
    "ref_respiration_bbi_std": 0.6818900325777797,
    "ref_respiration_bbi_cv": 0.25076191355829025,
    "ref_respiration_bbi_range": 2.384,
    "ref_respiration_bbi_iqr": 0.976,
    "ref_respiration_bbi_rmssd": 0.7252155541630363,
    "ref_respiration_bbi_meandist": 0.8692676556770677,
    "ref_respiration_peak_amp_mean": 0.03287185135673562,
    "ref_respiration_peak_amp_std": 0.06346012240168149,
    "ref_respiration_peak_amp_min": -0.049353013250976414,
    "ref_respiration_peak_amp_max": 0.22008747471672024,
    "ref_respiration_feet_amp_mean": -0.039416928840072765,
    "ref_respiration_feet_amp_std": 0.025774450591027467,
    "ref_respiration_tidal_excursion_mean": 0.056933327246387826,
    "ref_respiration_tidal_excursion_std": 0.021781058329421035,
    "ref_respiration_tidal_excursion_cv": 0.3825713230347511,
    "ref_respiration_envelope_mean": 0.11380651844860384,
    "ref_respiration_envelope_std": 0.1274685357885129,
    "ref_respiration_envelope_max": 0.7189653458678492,
    "ref_respiration_mean": 0.03196093348953038,
    "ref_respiration_std": 0.11875796483205835,
    "ref_respiration_var": 0.014103454211052406,
    "ref_respiration_min": -0.09639092957667979,
    "ref_respiration_max": 0.5932548400503502,
    "ref_respiration_median": 0.00068992467345698,
    "ref_respiration_range": 0.6896457696270301,
    "ref_respiration_iqr": 0.05009485408609952,
    "ref_respiration_skewness": 2.730873691863615,
    "ref_respiration_kurtosis": 7.6713469117694295,
    "ref_respiration_rms": 0.12298355776515246,
    "ref_respiration_energy": 136.1397242806519,
    "ref_respiration_zcr": 0.0017775802688590157,
    "ref_respiration_mav": 0.06153294419536155,
    "ref_respiration_p5": -0.0655628053760345,
    "ref_respiration_p25": -0.024222126292204344,