{
    "ref_lead1_n_r_peaks_raw": 127,
    "ref_lead1_n_r_peaks_filtered": 127,
    "ref_lead1_peaks_rejected_pct": 0.0,
    "ref_lead1_mean_hr": 68.86054611963269,
    "ref_lead1_std_hr": 6.617102188262061,
    "ref_lead1_min_hr": 58.13953488372093,
    "ref_lead1_max_hr": 93.16770186335404,
    "ref_lead1_median_hr": 67.72043536749419,
    "ref_lead1_mean_hr_filtered": 68.86054611963269,
    "ref_lead1_std_hr_filtered": 6.617102188262061,
    "ref_lead1_mean_rr": 878.9206349206349,
    "ref_lead1_std_rr": 79.57731621976035,
    "ref_lead1_sdnn": 79.57731621976035,
    "ref_lead1_median_rr": 886.0,
    "ref_lead1_rmssd": 50.27540153991811,
    "ref_lead1_pnn50": 31.2,
    "ref_lead1_pnn20": 69.6,
    "ref_lead1_meandist": 64.05067843485817,
    "ref_lead1_cv_rr": 0.09053982015901361,
    "ref_lead1_range_rr": 388.0,
    "ref_lead1_iqr_rr": 123.0,
    "ref_lead1_global_ecg_r_peak_indices_mean": 13641.543307086615,
    "ref_lead1_global_ecg_r_peak_indices_std": 8022.101086291276,
    "ref_lead1_global_ecg_r_peak_indices_min": 234.0,
    "ref_lead1_global_ecg_r_peak_indices_max": 27920.0,
    "ref_lead1_global_heart_rate_mean": 68.86054611963269,
    "ref_lead1_global_heart_rate_std": 6.617102188262062,
    "ref_lead1_global_heart_rate_min": 58.13953488372093,
    "ref_lead1_global_heart_rate_max": 93.16770186335404,
    "ref_lead1_global_mean_rr_interval": 878.9206349206349,
    "ref_lead1_global_sdnn": 79.57731621976035,
    "ref_lead1_global_root_mean_square_of_successive_differences": 50.27540153991811,
    "ref_lead1_global_mean_heart_rate": 68.86054611963269,
    "ref_lead1_global_std_heart_rate": 6.617102188262062,
    "ref_lead1_global_min_heart_rate": 58.13953488372093,
    "ref_lead1_global_max_heart_rate": 93.16770186335404,
    "ref_lead1_global_nn_xx": 126.0,
    "ref_lead1_global_pnn_xx": 100.0,
    "ref_lead1_r_amp_mean": 0.8349254575546692,
    "ref_lead1_r_amp_std": 0.05936270653297395,
    "ref_lead1_r_amp_min": 0.6360625300518024,
    "ref_lead1_r_amp_max": 1.0,
    "ref_lead1_r_amp_median": 0.8382910673534767,
    "ref_lead1_mean": -6.500190080838958e-06,
    "ref_lead1_std": 0.2107585111363998,
    "ref_lead1_var": 0.04441915001643196,
    "ref_lead1_min": -0.3566629725368906,
    "ref_lead1_max": 1.0,
    "ref_lead1_median": -0.08361032059921439,
    "ref_lead1_range": 1.3566629725368906,
    "ref_lead1_iqr": 0.16895619780867902,
    "ref_lead1_skewness": 1.8631905358860057,
    "ref_lead1_kurtosis": 3.310212707720077,
    "ref_lead1_rms": 0.21075851123663886,
    "ref_lead1_energy": 1249.4218528506756,
    "ref_lead1_zcr": 0.01870022753128555,
    "ref_lead1_mav": 0.15586571606200086,
    "ref_lead1_p5": -0.17968427041156257,
    "ref_lead1_p25": -0.12801375913549984,
    "ref_lead1_p75": 0.04094243867317918,
    "ref_lead1_p95": 0.42960539747136206,
    "ref_lead2_n_r_peaks_raw": 127,
    "ref_lead2_n_r_peaks_filtered": 127,
    "ref_lead2_peaks_rejected_pct": 0.0,
    "ref_lead2_mean_hr": 68.86032317105749,
    "ref_lead2_std_hr": 6.612854572859248,
    "ref_lead2_min_hr": 58.13953488372093,
    "ref_lead2_max_hr": 92.5925925925926,
    "ref_lead2_median_hr": 67.72043536749419,
    "ref_lead2_mean_hr_filtered": 68.86032317105749,
    "ref_lead2_std_hr_filtered": 6.612854572859248,
    "ref_lead2_mean_rr": 878.9206349206349,
    "ref_lead2_std_rr": 79.58848556492019,
    "ref_lead2_sdnn": 79.58848556492019,
    "ref_lead2_median_rr": 886.0,
    "ref_lead2_rmssd": 50.511622424942956,
    "ref_lead2_pnn50": 31.2,
    "ref_lead2_pnn20": 70.4,
    "ref_lead2_meandist": 64.58749951317714,
    "ref_lead2_cv_rr": 0.09055252818373857,
    "ref_lead2_range_rr": 384.0,
    "ref_lead2_iqr_rr": 124.0,
    "ref_lead2_global_ecg_r_peak_indices_mean": 13638.401574803149,
    "ref_lead2_global_ecg_r_peak_indices_std": 8022.128939907501,
    "ref_lead2_global_ecg_r_peak_indices_min": 231.0,
    "ref_lead2_global_ecg_r_peak_indices_max": 27917.0,
    "ref_lead2_global_heart_rate_mean": 68.86032317105749,
    "ref_lead2_global_heart_rate_std": 6.612854572859248,
    "ref_lead2_global_heart_rate_min": 58.13953488372093,
    "ref_lead2_global_heart_rate_max": 92.5925925925926,
    "ref_lead2_global_mean_rr_interval": 878.9206349206349,
    "ref_lead2_global_sdnn": 79.58848556492019,
    "ref_lead2_global_root_mean_square_of_successive_differences": 50.511622424942956,
    "ref_lead2_global_mean_heart_rate": 68.86032317105749,
    "ref_lead2_global_std_heart_rate": 6.612854572859248,
    "ref_lead2_global_min_heart_rate": 58.13953488372093,
    "ref_lead2_global_max_heart_rate": 92.5925925925926,
    "ref_lead2_global_nn_xx": 126.0,
    "ref_lead2_global_pnn_xx": 100.0,
    "ref_lead2_r_amp_mean": 0.5342548293227392,
    "ref_lead2_r_amp_std": 0.03941242782565649,
    "ref_lead2_r_amp_min": 0.3872748521172637,
    "ref_lead2_r_amp_max": 0.6208106068543682,
    "ref_lead2_r_amp_median": 0.5341698678999615,
    "ref_lead2_mean": 3.0064976714504748e-05,
    "ref_lead2_std": 0.1865229739786763,
    "ref_lead2_var": 0.03479081982184995,
    "ref_lead2_min": -0.8807650782694096,
    "ref_lead2_max": 0.6208106068543682,
    "ref_lead2_median": -0.032058382162293786,
    "ref_lead2_range": 1.5015756851237778,
    "ref_lead2_iqr": 0.1407290466439148,
    "ref_lead2_skewness": -0.8219460670803068,
    "ref_lead2_kurtosis": 4.6277948889840905,
    "ref_lead2_rms": 0.18652297640170976,
    "ref_lead2_energy": 978.5266237325224,
    "ref_lead2_zcr": 0.027590130128706536,
    "ref_lead2_mav": 0.12164166988923941,
    "ref_lead2_p5": -0.1848392224670945,
    "ref_lead2_p25": -0.06705155945087404,
    "ref_lead2_p75": 0.07367748719304076,
    "ref_lead2_p95": 0.3138069673514176,
    "ref_respiration_n_peaks_ampd": 33,
    "ref_respiration_n_peaks_msptd": 42,
    "ref_respiration_n_feets_msptd": 43,
    "ref_respiration_peak_method": "msptd",
    "ref_respiration_resp_rate_mean": 19.562861067181366,
    "ref_respiration_resp_rate_std": 6.18677781048399,
    "ref_respiration_resp_rate_min": 9.439899307740717,
    "ref_respiration_resp_rate_max": 33.1858407079646,
    "ref_respiration_resp_rate_median": 17.301038062283737,
    "ref_respiration_bbi_mean": 3.3837073170731706,
    "ref_respiration_bbi_std": 1.0479130070927953,
    "ref_respiration_bbi_cv": 0.30969374975351477,
    "ref_respiration_bbi_range": 4.548,
    "ref_respiration_bbi_iqr": 1.7640000000000002,
    "ref_respiration_bbi_rmssd": 1.3383990436338484,
    "ref_respiration_bbi_meandist": 1.5697070699180014,
    "ref_respiration_peak_amp_mean": 0.435959628199988,
    "ref_respiration_peak_amp_std": 0.4256262777031359,
    "ref_respiration_peak_amp_min": -0.43573840224969906,
    "ref_respiration_peak_amp_max": 1.0,
    "ref_respiration_feet_amp_mean": -0.43793793101607964,
    "ref_respiration_feet_amp_std": 0.11531552043246925,
    "ref_respiration_tidal_excursion_mean": 0.8731278884838177,
    "ref_respiration_tidal_excursion_std": 0.4622336347669159,
    "ref_respiration_tidal_excursion_cv": 0.529399691458238,
    "ref_respiration_envelope_mean": 0.564188613082874,
    "ref_respiration_envelope_std": 0.17211303913550527,
    "ref_respiration_envelope_max": 1.1308911336606322,
    "ref_respiration_mean": -0.0025508206022715847,
    "ref_respiration_std": 0.41712995592256735,
    "ref_respiration_var": 0.17399740012796297,
    "ref_respiration_min": -0.7826870851026385,
    "ref_respiration_max": 1.0,
    "ref_respiration_median": -0.10630776050515893,
    "ref_respiration_range": 1.7826870851026384,
    "ref_respiration_iqr": 0.735663912027109,
    "ref_respiration_skewness": 0.40293005236608614,
    "ref_respiration_kurtosis": -1.1020001291312775,
    "ref_respiration_rms": 0.41713775520049484,
    "ref_respiration_energy": 6227.947832676235,
    "ref_respiration_zcr": 0.001899865891819401,
    "ref_respiration_mav": 0.36627881256498185,
    "ref_respiration_p5": -0.5129000725747018,
    "ref_respiration_p25": -0.36444622329908005,
    "ref_respiration_p75": 0.37121768872802896,