{
    "ref_lead1_mean_hr": 56.338604901195644,
    "ref_lead1_std_hr": 10.09061234534566,
    "ref_lead1_min_hr": 24.50980392156863,
    "ref_lead1_max_hr": 107.91366906474819,
    "ref_lead1_median_hr": 55.97014925373134,
    "ref_lead1_mean_hr_filtered": NaN,
    "ref_lead1_std_hr_filtered": NaN,
    "ref_lead1_mean_rr": 1098.967741935484,
    "ref_lead1_std_rr": 221.46484230859784,
    "ref_lead1_sdnn": 221.46484230859784,
    "ref_lead1_median_rr": 1072.0,
    "ref_lead1_rmssd": 299.38031235966645,
    "ref_lead1_pnn50": 34.41558441558441,
    "ref_lead1_pnn20": 66.23376623376623,
    "ref_lead1_meandist": 200.7810227142847,
    "ref_lead1_cv_rr": 0.2015207852402998,
    "ref_lead1_range_rr": 1892.0,
    "ref_lead1_iqr_rr": 64.0,
    "ref_lead1_global_ecg_r_peak_indices_mean": 21155.166666666668,
    "ref_lead1_global_ecg_r_peak_indices_std": 12242.635284766591,
    "ref_lead1_global_ecg_r_peak_indices_min": 197.0,
    "ref_lead1_global_ecg_r_peak_indices_max": 42782.0,
    "ref_lead1_global_heart_rate_mean": 2.2363558461422257,
    "ref_lead1_global_heart_rate_std": 6.969339315457826,
    "ref_lead1_global_heart_rate_min": 0.3506147445187228,
    "ref_lead1_global_heart_rate_max": 76.14213197969544,
    "ref_lead1_global_root_mean_square_of_successive_differences": 24442.242029123605,
    "ref_lead1_global_mean_rr_interval": 21155.166666666668,
    "ref_lead1_global_sdnn": 12242.635284766591,
    "ref_lead1_global_mean_heart_rate": 0.7090466473911022,
    "ref_lead1_global_std_heart_rate": 6.969339315457826,
    "ref_lead1_global_nn_xx": 156.0,
    "ref_lead1_global_pnn_xx": 250.0,
    "ref_lead1_global_min_heart_rate": 0.3506147445187228,
    "ref_lead1_global_max_heart_rate": 76.14213197969544,
    "ref_lead1_r_amp_mean": 0.0004798172662445267,
    "ref_lead1_r_amp_std": 0.000305985384938841,
    "ref_lead1_r_amp_min": 1.8532519045169195e-05,
    "ref_lead1_r_amp_max": 0.003081894772229226,
    "ref_lead1_r_amp_median": 0.000560013432887397,
    "ref_lead1_mean": -8.799431441502801e-07,
    "ref_lead1_std": 0.00023118481272129638,
    "ref_lead1_var": 5.344641763298088e-08,
    "ref_lead1_min": -0.0033696591935102075,
    "ref_lead1_max": 0.003081894772229226,
    "ref_lead1_median": -4.386851042941858e-05,
    "ref_lead1_range": 0.006451553965739433,
    "ref_lead1_iqr": 0.00011961976016874542,
    "ref_lead1_skewness": 1.0424229517994394,
    "ref_lead1_kurtosis": 46.13713968029126,
    "ref_lead1_rms": 0.00023118648734932114,
    "ref_lead1_energy": 0.0023115910510986956,
    "ref_lead1_zcr": 0.04307514450867052,
    "ref_lead1_mav": 0.00012557395750835358,
    "ref_lead1_p5": -0.00014466029170913578,
    "ref_lead1_p25": -0.00010534617010393006,
    "ref_lead1_p75": 1.4273590064815365e-05,
    "ref_lead1_p95": 0.00046681567256046916,
    "ref_lead2_mean_hr": 55.36161407530778,
    "ref_lead2_std_hr": 9.264161840145999,
    "ref_lead2_min_hr": 14.124293785310734,
    "ref_lead2_max_hr": 106.38297872340426,
    "ref_lead2_median_hr": 55.762081784386616,
    "ref_lead2_mean_hr_filtered": NaN,
    "ref_lead2_std_hr_filtered": NaN,
    "ref_lead2_mean_rr": 1128.0264900662253,
    "ref_lead2_std_rr": 326.8493779320496,
    "ref_lead2_sdnn": 326.8493779320496,
    "ref_lead2_median_rr": 1076.0,
    "ref_lead2_rmssd": 425.68144584105767,
    "ref_lead2_pnn50": 36.0,
    "ref_lead2_pnn20": 66.66666666666667,
    "ref_lead2_meandist": 246.45665473383997,
    "ref_lead2_cv_rr": 0.2897532822237717,
    "ref_lead2_range_rr": 3684.0,
    "ref_lead2_iqr_rr": 66.0,
    "ref_lead2_global_ecg_r_peak_indices_mean": 20708.20394736842,
    "ref_lead2_global_ecg_r_peak_indices_std": 12083.132663551469,
    "ref_lead2_global_ecg_r_peak_indices_min": 197.0,
    "ref_lead2_global_ecg_r_peak_indices_max": 42780.0,
    "ref_lead2_global_heart_rate_mean": 2.2848423327917,
    "ref_lead2_global_heart_rate_std": 7.053948311131167,
    "ref_lead2_global_heart_rate_min": 0.3506311360448808,
    "ref_lead2_global_heart_rate_max": 76.14213197969544,
    "ref_lead2_global_root_mean_square_of_successive_differences": 23975.65026627619,
    "ref_lead2_global_mean_rr_interval": 20708.20394736842,
    "ref_lead2_global_sdnn": 12083.132663551469,
    "ref_lead2_global_mean_heart_rate": 0.7243506022117474,
    "ref_lead2_global_std_heart_rate": 7.053948311131167,
    "ref_lead2_global_nn_xx": 152.0,
    "ref_lead2_global_pnn_xx": 250.0,
    "ref_lead2_global_min_heart_rate": 0.3506311360448808,
    "ref_lead2_global_max_heart_rate": 76.14213197969544,
    "ref_lead2_r_amp_mean": 0.0007551091121553779,
    "ref_lead2_r_amp_std": 0.001037336235469353,
    "ref_lead2_r_amp_min": -6.063221265241231e-06,
    "ref_lead2_r_amp_max": 0.012905884424145425,
    "ref_lead2_r_amp_median": 0.0008283641781767496,
    "ref_lead2_mean": -6.55063100670169e-07,
    "ref_lead2_std": 0.0006119928806872704,
    "ref_lead2_var": 3.745352860119036e-07,
    "ref_lead2_min": -0.014675957803892803,
    "ref_lead2_max": 0.012905884424145425,
    "ref_lead2_median": -4.245588334796153e-05,
    "ref_lead2_range": 0.02758184222803823,
    "ref_lead2_iqr": 9.19213302890297e-05,
    "ref_lead2_skewness": -2.2692229222452958,
    "ref_lead2_kurtosis": 253.98055044246348,
    "ref_lead2_rms": 0.0006119932312694069,
    "ref_lead2_energy": 0.016198669678921387,
    "ref_lead2_zcr": 0.04175722543352601,
    "ref_lead2_mav": 0.00013987613913897428,
    "ref_lead2_p5": -0.00013924040961333872,
    "ref_lead2_p25": -8.17204413862159e-05,
    "ref_lead2_p75": 1.0200888902813793e-05,
    "ref_lead2_p95": 0.0003630647212023944,
    "ref_lead3_mean_hr": 55.571831455058756,
    "ref_lead3_std_hr": 12.961313482140836,
    "ref_lead3_min_hr": 6.429489927132447,
    "ref_lead3_max_hr": 129.3103448275862,
    "ref_lead3_median_hr": 55.762081784386616,
    "ref_lead3_mean_hr_filtered": NaN,
    "ref_lead3_std_hr_filtered": NaN,
    "ref_lead3_mean_rr": 1219.3475177304965,
    "ref_lead3_std_rr": 877.5874892096186,
    "ref_lead3_sdnn": 877.5874892096186,
    "ref_lead3_median_rr": 1076.0,
    "ref_lead3_rmssd": 898.5334718306269,
    "ref_lead3_pnn50": 32.857142857142854,
    "ref_lead3_pnn20": 65.71428571428571,
    "ref_lead3_meandist": 412.87595810338246,
    "ref_lead3_cv_rr": 0.7197189287292135,
    "ref_lead3_range_rr": 8868.0,
    "ref_lead3_iqr_rr": 64.0,
    "ref_lead3_global_ecg_r_peak_indices_mean": 19446.61971830986,
    "ref_lead3_global_ecg_r_peak_indices_std": 11503.362672317986,
    "ref_lead3_global_ecg_r_peak_indices_min": 191.0,
    "ref_lead3_global_ecg_r_peak_indices_max": 43173.0,
    "ref_lead3_global_heart_rate_mean": 2.442467894983703,
    "ref_lead3_global_heart_rate_std": 7.470219301855814,
    "ref_lead3_global_heart_rate_min": 0.3474393718296157,
    "ref_lead3_global_heart_rate_max": 78.53403141361257,
    "ref_lead3_global_root_mean_square_of_successive_differences": 22594.211011660413,
    "ref_lead3_global_mean_rr_interval": 19446.61971830986,
    "ref_lead3_global_sdnn": 11503.362672317986,
    "ref_lead3_global_mean_heart_rate": 0.7713422804209429,
    "ref_lead3_global_std_heart_rate": 7.470219301855814,
    "ref_lead3_global_nn_xx": 142.0,
    "ref_lead3_global_pnn_xx": 250.0,
    "ref_lead3_global_min_heart_rate": 0.3474393718296157,
    "ref_lead3_global_max_heart_rate": 78.53403141361257,
    "ref_lead3_r_amp_mean": 0.0005549218850028438,
    "ref_lead3_r_amp_std": 0.002715446835393919,
    "ref_lead3_r_amp_min": -0.0010548344779161606,
    "ref_lead3_r_amp_max": 0.023313024482083985,
    "ref_lead3_r_amp_median": 0.00014476695104752692,
    "ref_lead3_mean": -3.169265822827619e-08,
    "ref_lead3_std": 0.0007714857672114233,
    "ref_lead3_var": 5.951902890097985e-07,
    "ref_lead3_min": -0.021104133625183142,
    "ref_lead3_max": 0.023313024482083985,
    "ref_lead3_median": -1.5164824352822133e-06,
    "ref_lead3_range": 0.044417158107267124,
    "ref_lead3_iqr": 5.0068492100115e-05,
    "ref_lead3_skewness": 1.5909326724285826,
    "ref_lead3_kurtosis": 397.4442176298301,