{
    "ref_lead1_n_r_peaks_raw": 100,
    "ref_lead1_n_r_peaks_filtered": 100,
    "ref_lead1_peaks_rejected_pct": 0.0,
    "ref_lead1_mean_hr": 56.00823595931201,
    "ref_lead1_std_hr": 1.7937388797644778,
    "ref_lead1_min_hr": 52.264808362369344,
    "ref_lead1_max_hr": 60.0,
    "ref_lead1_median_hr": 55.762081784386616,
    "ref_lead1_mean_hr_filtered": 56.00823595931201,
    "ref_lead1_std_hr_filtered": 1.7937388797644778,
    "ref_lead1_mean_rr": 1072.3636363636363,
    "ref_lead1_std_rr": 34.13622577276496,
    "ref_lead1_sdnn": 34.13622577276496,
    "ref_lead1_median_rr": 1076.0,
    "ref_lead1_rmssd": 36.14257481538517,
    "ref_lead1_pnn50": 15.306122448979592,
    "ref_lead1_pnn20": 57.142857142857146,
    "ref_lead1_meandist": 46.865526327379975,
    "ref_lead1_cv_rr": 0.031832696125840505,
    "ref_lead1_range_rr": 148.0,
    "ref_lead1_iqr_rr": 52.0,
    "ref_lead1_global_ecg_r_peak_indices_mean": 13632.57,
    "ref_lead1_global_ecg_r_peak_indices_std": 7768.119745800781,
    "ref_lead1_global_ecg_r_peak_indices_min": 233.0,
    "ref_lead1_global_ecg_r_peak_indices_max": 26774.0,
    "ref_lead1_global_heart_rate_mean": 56.00823595931202,
    "ref_lead1_global_heart_rate_std": 1.793738879764477,
    "ref_lead1_global_heart_rate_min": 52.26480836236934,
    "ref_lead1_global_heart_rate_max": 60.0,
    "ref_lead1_global_mean_rr_interval": 1072.3636363636363,
    "ref_lead1_global_sdnn": 34.13622577276496,
    "ref_lead1_global_root_mean_square_of_successive_differences": 36.14257481538517,
    "ref_lead1_global_mean_heart_rate": 56.00823595931202,
    "ref_lead1_global_std_heart_rate": 1.793738879764477,
    "ref_lead1_global_min_heart_rate": 52.26480836236934,
    "ref_lead1_global_max_heart_rate": 60.0,
    "ref_lead1_global_nn_xx": 99.0,
    "ref_lead1_global_pnn_xx": 100.0,
    "ref_lead1_r_amp_mean": 0.8924418120813118,
    "ref_lead1_r_amp_std": 0.07270658790501404,
    "ref_lead1_r_amp_min": 0.7547939440148195,
    "ref_lead1_r_amp_max": 1.0,
    "ref_lead1_r_amp_median": 0.9173005358988163,
    "ref_lead1_mean": 0.0005924017228130259,
    "ref_lead1_std": 0.2943960643151544,
    "ref_lead1_var": 0.08666904268425253,
    "ref_lead1_min": -0.3486961005869906,
    "ref_lead1_max": 1.0,
    "ref_lead1_median": -0.14491917250260888,
    "ref_lead1_range": 1.3486961005869906,
    "ref_lead1_iqr": 0.19154614797475727,
    "ref_lead1_skewness": 1.7631608252691695,
    "ref_lead1_kurtosis": 1.939281682934185,
    "ref_lead1_rms": 0.29439666034799666,
    "ref_lead1_energy": 2352.03400416957,
    "ref_lead1_zcr": 0.01978775149237232,
    "ref_lead1_mav": 0.21786844740193023,
    "ref_lead1_p5": -0.2228895114765466,
    "ref_lead1_p25": -0.1665926681415789,
    "ref_lead1_p75": 0.024953479833178388,
    "ref_lead1_p95": 0.7628245784199332,
    "ref_lead2_n_r_peaks_raw": 100,
    "ref_lead2_n_r_peaks_filtered": 100,
    "ref_lead2_peaks_rejected_pct": 0.0,
    "ref_lead2_mean_hr": 56.0084272541509,
    "ref_lead2_std_hr": 1.7965110865045417,
    "ref_lead2_min_hr": 52.264808362369344,
    "ref_lead2_max_hr": 60.0,
    "ref_lead2_median_hr": 55.762081784386616,
    "ref_lead2_mean_hr_filtered": 56.0084272541509,
    "ref_lead2_std_hr_filtered": 1.7965110865045417,
    "ref_lead2_mean_rr": 1072.3636363636363,
    "ref_lead2_std_rr": 34.197718201821644,
    "ref_lead2_sdnn": 34.197718201821644,
    "ref_lead2_median_rr": 1076.0,
    "ref_lead2_rmssd": 36.11546110203004,
    "ref_lead2_pnn50": 19.387755102040817,
    "ref_lead2_pnn20": 58.16326530612245,
    "ref_lead2_meandist": 46.50449131899671,
    "ref_lead2_cv_rr": 0.031890039014923544,
    "ref_lead2_range_rr": 148.0,
    "ref_lead2_iqr_rr": 56.0,
    "ref_lead2_global_ecg_r_peak_indices_mean": 13632.72,
    "ref_lead2_global_ecg_r_peak_indices_std": 7768.131551512242,
    "ref_lead2_global_ecg_r_peak_indices_min": 233.0,
    "ref_lead2_global_ecg_r_peak_indices_max": 26774.0,
    "ref_lead2_global_heart_rate_mean": 56.0084272541509,
    "ref_lead2_global_heart_rate_std": 1.7965110865045406,
    "ref_lead2_global_heart_rate_min": 52.26480836236934,
    "ref_lead2_global_heart_rate_max": 60.0,
    "ref_lead2_global_mean_rr_interval": 1072.3636363636363,
    "ref_lead2_global_sdnn": 34.197718201821644,
    "ref_lead2_global_root_mean_square_of_successive_differences": 36.11546110203004,
    "ref_lead2_global_mean_heart_rate": 56.0084272541509,
    "ref_lead2_global_std_heart_rate": 1.7965110865045406,
    "ref_lead2_global_min_heart_rate": 52.26480836236934,
    "ref_lead2_global_max_heart_rate": 60.0,
    "ref_lead2_global_nn_xx": 99.0,
    "ref_lead2_global_pnn_xx": 100.0,
    "ref_lead2_r_amp_mean": 0.9655410302612225,
    "ref_lead2_r_amp_std": 0.01652767284433578,
    "ref_lead2_r_amp_min": 0.9239262656973315,
    "ref_lead2_r_amp_max": 1.0,
    "ref_lead2_r_amp_median": 0.9678136316423154,
    "ref_lead2_mean": 0.0003390527022967514,
    "ref_lead2_std": 0.1975288884012219,
    "ref_lead2_var": 0.039017661753022376,
    "ref_lead2_min": -0.2325252772925367,
    "ref_lead2_max": 1.0,
    "ref_lead2_median": -0.08013060404394075,
    "ref_lead2_range": 1.2325252772925368,
    "ref_lead2_iqr": 0.10593293892061506,
    "ref_lead2_skewness": 2.4774227968569567,
    "ref_lead2_kurtosis": 6.681117616791655,
    "ref_lead2_rms": 0.19752917938815348,
    "ref_lead2_energy": 1058.8254065726842,
    "ref_lead2_zcr": 0.022367984670376238,
    "ref_lead2_mav": 0.1334863230025066,
    "ref_lead2_p5": -0.16119941183636266,
    "ref_lead2_p25": -0.09840774808070338,
    "ref_lead2_p75": 0.007525190839911682,
    "ref_lead2_p95": 0.4302469181728614,
    "ref_respiration_n_peaks_ampd": 22,
    "ref_respiration_n_peaks_msptd": 34,
    "ref_respiration_n_feets_msptd": 36,
    "ref_respiration_peak_method": "msptd",
    "ref_respiration_resp_rate_mean": 23.679119587948502,
    "ref_respiration_resp_rate_std": 5.933602308608824,
    "ref_respiration_resp_rate_min": 13.157894736842106,
    "ref_respiration_resp_rate_max": 31.380753138075317,
    "ref_respiration_resp_rate_median": 26.595744680851066,
    "ref_respiration_bbi_mean": 2.7381818181818183,
    "ref_respiration_bbi_std": 0.8287267142684305,
    "ref_respiration_bbi_cv": 0.3026558385442475,
    "ref_respiration_bbi_range": 2.6479999999999997,
    "ref_respiration_bbi_iqr": 1.2639999999999998,
    "ref_respiration_bbi_rmssd": 0.9959467857270287,
    "ref_respiration_bbi_meandist": 1.0814610763212837,
    "ref_respiration_peak_amp_mean": 0.3324102190769332,
    "ref_respiration_peak_amp_std": 0.4377482241047827,
    "ref_respiration_peak_amp_min": -0.41873960659783166,
    "ref_respiration_peak_amp_max": 0.7485790078593442,
    "ref_respiration_feet_amp_mean": -0.3838046409302929,
    "ref_respiration_feet_amp_std": 0.09231691373397714,
    "ref_respiration_tidal_excursion_mean": 0.7080740373524493,
    "ref_respiration_tidal_excursion_std": 0.46412112899897545,
    "ref_respiration_tidal_excursion_cv": 0.6554697736614732,
    "ref_respiration_envelope_mean": 0.5168892669452043,
    "ref_respiration_envelope_std": 0.11680607057588245,
    "ref_respiration_envelope_max": 1.0650892558748317,
    "ref_respiration_mean": -0.0025321799109205966,
    "ref_respiration_std": 0.37464955329406446,
    "ref_respiration_var": 0.14036228778344206,
    "ref_respiration_min": -0.5857262550840905,
    "ref_respiration_max": 0.7485790078593442,
    "ref_respiration_median": -0.09644107395798404,
    "ref_respiration_range": 1.3343052629434347,
    "ref_respiration_iqr": 0.6763667859407672,
    "ref_respiration_skewness": 0.39493320959123535,
    "ref_respiration_kurtosis": -1.2669671302603134,
    "ref_respiration_rms": 0.3746581104400962,
    "ref_respiration_energy": 3344.986114292887,
    "ref_respiration_zcr": 0.0020562316407889214,
    "ref_respiration_mav": 0.3346404882654685,
    "ref_respiration_p5": -0.4433032234528191,
    "ref_respiration_p25": -0.3338887809112505,
    "ref_respiration_p75": 0.34247800502951664,