{
    "ref_lead1_n_r_peaks_raw": 101,
    "ref_lead1_n_r_peaks_filtered": 101,
    "ref_lead1_peaks_rejected_pct": 0.0,
    "ref_lead1_mean_hr": 61.77590911182888,
    "ref_lead1_std_hr": 6.4713047307044365,
    "ref_lead1_min_hr": 52.447552447552454,
    "ref_lead1_max_hr": 83.33333333333334,
    "ref_lead1_median_hr": 59.8804780876494,
    "ref_lead1_mean_hr_filtered": 61.77590911182888,
    "ref_lead1_std_hr_filtered": 6.4713047307044365,
    "ref_lead1_mean_rr": 980.64,
    "ref_lead1_std_rr": 90.40304419653134,
    "ref_lead1_sdnn": 90.40304419653134,
    "ref_lead1_median_rr": 1002.0,
    "ref_lead1_rmssd": 74.45858451569441,
    "ref_lead1_pnn50": 50.505050505050505,
    "ref_lead1_pnn20": 76.76767676767676,
    "ref_lead1_meandist": 92.76226428979255,
    "ref_lead1_cv_rr": 0.0921878000046208,
    "ref_lead1_range_rr": 424.0,
    "ref_lead1_iqr_rr": 114.0,
    "ref_lead1_global_ecg_r_peak_indices_mean": 12771.594059405941,
    "ref_lead1_global_ecg_r_peak_indices_std": 7241.672664089843,
    "ref_lead1_global_ecg_r_peak_indices_min": 359.0,
    "ref_lead1_global_ecg_r_peak_indices_max": 24875.0,
    "ref_lead1_global_heart_rate_mean": 61.77590911182888,
    "ref_lead1_global_heart_rate_std": 6.471304730704436,
    "ref_lead1_global_heart_rate_min": 52.44755244755245,
    "ref_lead1_global_heart_rate_max": 83.33333333333333,
    "ref_lead1_global_mean_rr_interval": 980.64,
    "ref_lead1_global_sdnn": 90.40304419653134,
    "ref_lead1_global_root_mean_square_of_successive_differences": 74.45858451569441,
    "ref_lead1_global_mean_heart_rate": 61.77590911182888,
    "ref_lead1_global_std_heart_rate": 6.471304730704436,
    "ref_lead1_global_min_heart_rate": 52.44755244755245,
    "ref_lead1_global_max_heart_rate": 83.33333333333333,
    "ref_lead1_global_nn_xx": 100.0,
    "ref_lead1_global_pnn_xx": 100.0,
    "ref_lead1_r_amp_mean": 0.8533068103325027,
    "ref_lead1_r_amp_std": 0.08428614471896644,
    "ref_lead1_r_amp_min": 0.6376647380746935,
    "ref_lead1_r_amp_max": 1.0,
    "ref_lead1_r_amp_median": 0.8592732629481112,
    "ref_lead1_mean": -0.00019134391933653305,
    "ref_lead1_std": 0.2836952808755346,
    "ref_lead1_var": 0.08048301239104845,
    "ref_lead1_min": -0.8255553305369551,
    "ref_lead1_max": 1.0,
    "ref_lead1_median": -0.12071574998490128,
    "ref_lead1_range": 1.8255553305369552,
    "ref_lead1_iqr": 0.21447041719749652,
    "ref_lead1_skewness": 1.3653872442263237,
    "ref_lead1_kurtosis": 1.4201493699334753,
    "ref_lead1_rms": 0.2836953454033815,
    "ref_lead1_energy": 2021.1708096259986,
    "ref_lead1_zcr": 0.024608768366981244,
    "ref_lead1_mav": 0.21192240062620082,
    "ref_lead1_p5": -0.252874005425159,
    "ref_lead1_p25": -0.15242754357136098,
    "ref_lead1_p75": 0.06204287362613554,
    "ref_lead1_p95": 0.6854869691210662,
    "ref_lead2_n_r_peaks_raw": 101,
    "ref_lead2_n_r_peaks_filtered": 101,
    "ref_lead2_peaks_rejected_pct": 0.0,
    "ref_lead2_mean_hr": 61.77672943455995,
    "ref_lead2_std_hr": 6.476549144449972,
    "ref_lead2_min_hr": 52.447552447552454,
    "ref_lead2_max_hr": 83.33333333333334,
    "ref_lead2_median_hr": 60.0,
    "ref_lead2_mean_hr_filtered": 61.77672943455995,
    "ref_lead2_std_hr_filtered": 6.476549144449972,
    "ref_lead2_mean_rr": 980.64,
    "ref_lead2_std_rr": 90.46319914749864,
    "ref_lead2_sdnn": 90.46319914749864,
    "ref_lead2_median_rr": 1000.0,
    "ref_lead2_rmssd": 74.42384759543873,
    "ref_lead2_pnn50": 49.494949494949495,
    "ref_lead2_pnn20": 76.76767676767676,
    "ref_lead2_meandist": 92.59752905058559,
    "ref_lead2_cv_rr": 0.09224914254721268,
    "ref_lead2_range_rr": 424.0,
    "ref_lead2_iqr_rr": 114.0,
    "ref_lead2_global_ecg_r_peak_indices_mean": 12773.81188118812,
    "ref_lead2_global_ecg_r_peak_indices_std": 7241.6195465987175,
    "ref_lead2_global_ecg_r_peak_indices_min": 361.0,
    "ref_lead2_global_ecg_r_peak_indices_max": 24877.0,
    "ref_lead2_global_heart_rate_mean": 61.77672943455995,
    "ref_lead2_global_heart_rate_std": 6.476549144449971,
    "ref_lead2_global_heart_rate_min": 52.44755244755245,
    "ref_lead2_global_heart_rate_max": 83.33333333333333,
    "ref_lead2_global_mean_rr_interval": 980.64,
    "ref_lead2_global_sdnn": 90.46319914749864,
    "ref_lead2_global_root_mean_square_of_successive_differences": 74.42384759543873,
    "ref_lead2_global_mean_heart_rate": 61.77672943455995,
    "ref_lead2_global_std_heart_rate": 6.476549144449971,
    "ref_lead2_global_min_heart_rate": 52.44755244755245,
    "ref_lead2_global_max_heart_rate": 83.33333333333333,
    "ref_lead2_global_nn_xx": 100.0,
    "ref_lead2_global_pnn_xx": 100.0,
    "ref_lead2_r_amp_mean": 0.9492205796505553,
    "ref_lead2_r_amp_std": 0.021928805732764095,
    "ref_lead2_r_amp_min": 0.8823553247531027,
    "ref_lead2_r_amp_max": 1.0,
    "ref_lead2_r_amp_median": 0.9504795871944604,
    "ref_lead2_mean": 9.902349397432012e-05,
    "ref_lead2_std": 0.179864418051796,
    "ref_lead2_var": 0.03235120888111124,
    "ref_lead2_min": -0.23829235722074738,
    "ref_lead2_max": 1.0,
    "ref_lead2_median": -0.06076977817098722,
    "ref_lead2_range": 1.2382923572207474,
    "ref_lead2_iqr": 0.0767710666280471,
    "ref_lead2_skewness": 3.394394906338222,
    "ref_lead2_kurtosis": 12.754091318932335,
    "ref_lead2_rms": 0.17986444531024912,
    "ref_lead2_energy": 812.4361548806943,
    "ref_lead2_zcr": 0.016485485605065107,
    "ref_lead2_mav": 0.10717852140886143,
    "ref_lead2_p5": -0.10661360353569123,
    "ref_lead2_p25": -0.08053146871657912,
    "ref_lead2_p75": -0.0037604020885320215,
    "ref_lead2_p95": 0.24994081194270357,
    "ref_respiration_n_peaks_ampd": 30,
    "ref_respiration_n_peaks_msptd": 40,
    "ref_respiration_n_feets_msptd": 40,
    "ref_respiration_peak_method": "msptd",
    "ref_respiration_resp_rate_mean": 22.220772078196358,
    "ref_respiration_resp_rate_std": 12.656991770759829,
    "ref_respiration_resp_rate_min": 10.03344481605351,
    "ref_respiration_resp_rate_max": 66.96428571428571,
    "ref_respiration_resp_rate_median": 18.115942028985508,
    "ref_respiration_bbi_mean": 3.360512820512821,
    "ref_respiration_bbi_std": 1.34982595025784,
    "ref_respiration_bbi_cv": 0.40167260842404817,
    "ref_respiration_bbi_range": 5.0840000000000005,
    "ref_respiration_bbi_iqr": 2.4080000000000004,
    "ref_respiration_bbi_rmssd": 0.8801643387219769,
    "ref_respiration_bbi_meandist": 1.0415212156175782,
    "ref_respiration_peak_amp_mean": 0.4673503172476746,
    "ref_respiration_peak_amp_std": 0.32416878502158664,
    "ref_respiration_peak_amp_min": -0.4562465932397517,
    "ref_respiration_peak_amp_max": 0.9999984945965903,
    "ref_respiration_feet_amp_mean": -0.4534188097304967,
    "ref_respiration_feet_amp_std": 0.18707529334117423,
    "ref_respiration_tidal_excursion_mean": 0.9217193961471534,
    "ref_respiration_tidal_excursion_std": 0.44600327669674983,
    "ref_respiration_tidal_excursion_cv": 0.4838818392680813,
    "ref_respiration_envelope_mean": 0.5677176581639922,
    "ref_respiration_envelope_std": 0.16848139101203746,
    "ref_respiration_envelope_max": 2.239140912265699,
    "ref_respiration_mean": 0.014315680868000407,
    "ref_respiration_std": 0.41840997686588166,
    "ref_respiration_var": 0.17506690874090763,
    "ref_respiration_min": -0.7093082341015794,
    "ref_respiration_max": 1.0,
    "ref_respiration_median": -0.0021968831851161426,
    "ref_respiration_range": 1.7093082341015795,
    "ref_respiration_iqr": 0.7655391494356164,
    "ref_respiration_skewness": 0.18319302307045254,
    "ref_respiration_kurtosis": -1.1970980318116156,
    "ref_respiration_rms": 0.41865480704229596,
    "ref_respiration_energy": 5842.687035066501,
    "ref_respiration_zcr": 0.0019499025048747563,
    "ref_respiration_mav": 0.36956547567879205,
    "ref_respiration_p5": -0.5651178521647612,
    "ref_respiration_p25": -0.37451595990776576,
    "ref_respiration_p75": 0.39102318952785065,