{
    "ref_lead1_n_r_peaks_raw": 180,
    "ref_lead1_n_r_peaks_filtered": 180,
    "ref_lead1_peaks_rejected_pct": 0.0,
    "ref_lead1_mean_hr": 96.99803071826834,
    "ref_lead1_std_hr": 7.471319762923918,
    "ref_lead1_min_hr": 76.92307692307692,
    "ref_lead1_max_hr": 114.50381679389312,
    "ref_lead1_median_hr": 97.40259740259741,
    "ref_lead1_mean_hr_filtered": 96.99803071826834,
    "ref_lead1_std_hr_filtered": 7.471319762923918,
    "ref_lead1_mean_rr": 622.3687150837989,
    "ref_lead1_std_rr": 49.643402392888895,
    "ref_lead1_sdnn": 49.643402392888895,
    "ref_lead1_median_rr": 616.0,
    "ref_lead1_rmssd": 20.047135467428713,
    "ref_lead1_pnn50": 2.808988764044944,
    "ref_lead1_pnn20": 24.15730337078652,
    "ref_lead1_meandist": 23.157392646498458,
    "ref_lead1_cv_rr": 0.07976526002950624,
    "ref_lead1_range_rr": 256.0,
    "ref_lead1_iqr_rr": 64.0,
    "ref_lead1_global_ecg_r_peak_indices_mean": 14148.244444444445,
    "ref_lead1_global_ecg_r_peak_indices_std": 7916.046965655846,
    "ref_lead1_global_ecg_r_peak_indices_min": 170.0,
    "ref_lead1_global_ecg_r_peak_indices_max": 28021.0,
    "ref_lead1_global_heart_rate_mean": 96.99803071826834,
    "ref_lead1_global_heart_rate_std": 7.471319762923918,
    "ref_lead1_global_heart_rate_min": 76.92307692307692,
    "ref_lead1_global_heart_rate_max": 114.50381679389314,
    "ref_lead1_global_mean_rr_interval": 622.3687150837989,
    "ref_lead1_global_sdnn": 49.643402392888895,
    "ref_lead1_global_root_mean_square_of_successive_differences": 20.047135467428713,
    "ref_lead1_global_mean_heart_rate": 96.99803071826834,
    "ref_lead1_global_std_heart_rate": 7.471319762923918,
    "ref_lead1_global_min_heart_rate": 76.92307692307692,
    "ref_lead1_global_max_heart_rate": 114.50381679389314,
    "ref_lead1_global_nn_xx": 179.0,
    "ref_lead1_global_pnn_xx": 100.0,
    "ref_lead1_r_amp_mean": 0.6036947015439494,
    "ref_lead1_r_amp_std": 0.04825448360436882,
    "ref_lead1_r_amp_min": 0.4408695912133133,
    "ref_lead1_r_amp_max": 0.7276025290987331,
    "ref_lead1_r_amp_median": 0.6041212622991805,
    "ref_lead1_mean": -0.0007922403999308434,
    "ref_lead1_std": 0.19710166279966862,
    "ref_lead1_var": 0.03884906547839427,
    "ref_lead1_min": -1.0,
    "ref_lead1_max": 0.7276025290987331,
    "ref_lead1_median": -0.05750320013683481,
    "ref_lead1_range": 1.7276025290987331,
    "ref_lead1_iqr": 0.1415498281104669,
    "ref_lead1_skewness": 0.48612924101003335,
    "ref_lead1_kurtosis": 1.8099658739576263,
    "ref_lead1_rms": 0.19710325497881953,
    "ref_lead1_energy": 1092.2591221600485,
    "ref_lead1_zcr": 0.02632046950026676,
    "ref_lead1_mav": 0.1398604180509352,
    "ref_lead1_p5": -0.2351219335779235,
    "ref_lead1_p25": -0.0851003230424412,
    "ref_lead1_p75": 0.05644950506802572,
    "ref_lead1_p95": 0.3827627131256487,
    "ref_lead2_n_r_peaks_raw": 75,
    "ref_lead2_n_r_peaks_filtered": 75,
    "ref_lead2_peaks_rejected_pct": 0.0,
    "ref_lead2_mean_hr": 95.44892399939374,
    "ref_lead2_std_hr": 6.434550006970582,
    "ref_lead2_min_hr": 79.36507936507937,
    "ref_lead2_max_hr": 107.14285714285714,
    "ref_lead2_median_hr": 96.7741935483871,
    "ref_lead2_mean_hr_filtered": 95.44892399939374,
    "ref_lead2_std_hr_filtered": 6.434550006970582,
    "ref_lead2_mean_rr": 631.6216216216217,
    "ref_lead2_std_rr": 44.83805776789814,
    "ref_lead2_sdnn": 44.83805776789814,
    "ref_lead2_median_rr": 620.0,
    "ref_lead2_rmssd": 20.55130566128492,
    "ref_lead2_pnn50": 1.36986301369863,
    "ref_lead2_pnn20": 30.136986301369863,
    "ref_lead2_meandist": 25.483810473591102,
    "ref_lead2_cv_rr": 0.07098879492564104,
    "ref_lead2_range_rr": 196.0,
    "ref_lead2_iqr_rr": 51.0,
    "ref_lead2_global_ecg_r_peak_indices_mean": 6153.653333333334,
    "ref_lead2_global_ecg_r_peak_indices_std": 3374.9407006872807,
    "ref_lead2_global_ecg_r_peak_indices_min": 171.0,
    "ref_lead2_global_ecg_r_peak_indices_max": 11856.0,
    "ref_lead2_global_heart_rate_mean": 95.44892399939374,
    "ref_lead2_global_heart_rate_std": 6.43455000697058,
    "ref_lead2_global_heart_rate_min": 79.36507936507937,
    "ref_lead2_global_heart_rate_max": 107.14285714285714,
    "ref_lead2_global_mean_rr_interval": 631.6216216216217,
    "ref_lead2_global_sdnn": 44.83805776789814,
    "ref_lead2_global_root_mean_square_of_successive_differences": 20.55130566128492,
    "ref_lead2_global_mean_heart_rate": 95.44892399939374,
    "ref_lead2_global_std_heart_rate": 6.43455000697058,
    "ref_lead2_global_min_heart_rate": 79.36507936507937,
    "ref_lead2_global_max_heart_rate": 107.14285714285714,
    "ref_lead2_global_nn_xx": 74.0,
    "ref_lead2_global_pnn_xx": 100.0,
    "ref_lead2_r_amp_mean": 0.7489594171105796,
    "ref_lead2_r_amp_std": 0.07884766922659875,
    "ref_lead2_r_amp_min": 0.6120227841400507,
    "ref_lead2_r_amp_max": 0.9444438519734101,
    "ref_lead2_r_amp_median": 0.7492855850228929,
    "ref_lead2_mean": -0.00033645114815234964,
    "ref_lead2_std": 0.21734688035670796,
    "ref_lead2_var": 0.04723966640079312,
    "ref_lead2_min": -0.632652156909024,
    "ref_lead2_max": 0.9444438519734101,
    "ref_lead2_median": -0.057103184630037565,
    "ref_lead2_range": 1.577096008882434,
    "ref_lead2_iqr": 0.20963278264614676,
    "ref_lead2_skewness": 0.9591178711925182,
    "ref_lead2_kurtosis": 1.861391952334281,
    "ref_lead2_rms": 0.2173471407683299,
    "ref_lead2_energy": 566.452197185617,
    "ref_lead2_zcr": 0.03827870903177383,
    "ref_lead2_mav": 0.16012495560996004,
    "ref_lead2_p5": -0.2610279785262193,
    "ref_lead2_p25": -0.12341966064964742,
    "ref_lead2_p75": 0.08621312199649935,
    "ref_lead2_p95": 0.4122715506630766,
    "ref_respiration_n_peaks_ampd": 26,
    "ref_respiration_n_peaks_msptd": 72,
    "ref_respiration_n_feets_msptd": 72,
    "ref_respiration_peak_method": "msptd",
    "ref_respiration_resp_rate_mean": 38.329589343735336,
    "ref_respiration_resp_rate_std": 15.779955352837106,
    "ref_respiration_resp_rate_min": 14.436958614051974,
    "ref_respiration_resp_rate_max": 73.89162561576354,
    "ref_respiration_resp_rate_median": 37.974683544303794,
    "ref_respiration_bbi_mean": 1.8599999999999999,
    "ref_respiration_bbi_std": 0.7931121024278622,
    "ref_respiration_bbi_cv": 0.42640435614401195,
    "ref_respiration_bbi_range": 3.3439999999999994,
    "ref_respiration_bbi_iqr": 0.9759999999999998,
    "ref_respiration_bbi_rmssd": 1.0743117398063349,
    "ref_respiration_bbi_meandist": 1.3126963380450831,
    "ref_respiration_peak_amp_mean": 0.1355971224862812,
    "ref_respiration_peak_amp_std": 0.19990115142896783,
    "ref_respiration_peak_amp_min": -0.30490115947090457,
    "ref_respiration_peak_amp_max": 0.5509747562641685,
    "ref_respiration_feet_amp_mean": -0.18270642755914576,
    "ref_respiration_feet_amp_std": 0.20459196136492566,
    "ref_respiration_tidal_excursion_mean": 0.3140864943242521,
    "ref_respiration_tidal_excursion_std": 0.2638488842080408,
    "ref_respiration_tidal_excursion_cv": 0.8400516704027785,
    "ref_respiration_envelope_mean": 0.29006020591427034,
    "ref_respiration_envelope_std": 0.1268535122200289,
    "ref_respiration_envelope_max": 1.0343219859660255,
    "ref_respiration_mean": -0.010047418353316396,
    "ref_respiration_std": 0.22377501205412328,
    "ref_respiration_var": 0.050075256019823024,
    "ref_respiration_min": -0.5971037766047623,
    "ref_respiration_max": 0.5509750090631265,
    "ref_respiration_median": -0.0057221874080758935,
    "ref_respiration_range": 1.148078785667889,
    "ref_respiration_iqr": 0.3238523586114044,
    "ref_respiration_skewness": -0.05329878439402049,
    "ref_respiration_kurtosis": -0.5852458043849396,
    "ref_respiration_rms": 0.224000461239234,
    "ref_respiration_energy": 1498.6127635791806,
    "ref_respiration_zcr": 0.002377205611544514,
    "ref_respiration_mav": 0.18504738895474973,
    "ref_respiration_p5": -0.3856036587606123,