{
    "ref_lead1_n_r_peaks_raw": 101,
    "ref_lead1_n_r_peaks_filtered": 101,
    "ref_lead1_peaks_rejected_pct": 0.0,
    "ref_lead1_mean_hr": 61.775578858146055,
    "ref_lead1_std_hr": 6.4703199612290225,
    "ref_lead1_min_hr": 52.447552447552454,
    "ref_lead1_max_hr": 83.33333333333334,
    "ref_lead1_median_hr": 60.0,
    "ref_lead1_mean_hr_filtered": 61.775578858146055,
    "ref_lead1_std_hr_filtered": 6.4703199612290225,
    "ref_lead1_mean_rr": 980.64,
    "ref_lead1_std_rr": 90.37826287332591,
    "ref_lead1_sdnn": 90.37826287332591,
    "ref_lead1_median_rr": 1000.0,
    "ref_lead1_rmssd": 74.31736477480015,
    "ref_lead1_pnn50": 50.505050505050505,
    "ref_lead1_pnn20": 76.76767676767676,
    "ref_lead1_meandist": 92.9494908750808,
    "ref_lead1_cv_rr": 0.09216252944334916,
    "ref_lead1_range_rr": 424.0,
    "ref_lead1_iqr_rr": 117.0,
    "ref_lead1_global_ecg_r_peak_indices_mean": 12772.049504950495,
    "ref_lead1_global_ecg_r_peak_indices_std": 7241.573862597153,
    "ref_lead1_global_ecg_r_peak_indices_min": 360.0,
    "ref_lead1_global_ecg_r_peak_indices_max": 24876.0,
    "ref_lead1_global_heart_rate_mean": 61.77557885814606,
    "ref_lead1_global_heart_rate_std": 6.470319961229021,
    "ref_lead1_global_heart_rate_min": 52.44755244755245,
    "ref_lead1_global_heart_rate_max": 83.33333333333333,
    "ref_lead1_global_mean_rr_interval": 980.64,
    "ref_lead1_global_sdnn": 90.37826287332591,
    "ref_lead1_global_root_mean_square_of_successive_differences": 74.31736477480015,
    "ref_lead1_global_mean_heart_rate": 61.77557885814606,
    "ref_lead1_global_std_heart_rate": 6.470319961229021,
    "ref_lead1_global_min_heart_rate": 52.44755244755245,
    "ref_lead1_global_max_heart_rate": 83.33333333333333,
    "ref_lead1_global_nn_xx": 100.0,
    "ref_lead1_global_pnn_xx": 100.0,
    "ref_lead1_r_amp_mean": 0.8641670700741548,
    "ref_lead1_r_amp_std": 0.05334961422979692,
    "ref_lead1_r_amp_min": 0.7332467132511498,
    "ref_lead1_r_amp_max": 1.0,
    "ref_lead1_r_amp_median": 0.8697195979134895,
    "ref_lead1_mean": -1.1146497145264678e-05,
    "ref_lead1_std": 0.1659475260750182,
    "ref_lead1_var": 0.027538581410418844,
    "ref_lead1_min": -0.8314468748549669,
    "ref_lead1_max": 1.0,
    "ref_lead1_median": -0.0009921201822148875,
    "ref_lead1_range": 1.8314468748549668,
    "ref_lead1_iqr": 0.051929748237635166,
    "ref_lead1_skewness": 1.4031309164585832,
    "ref_lead1_kurtosis": 12.791434483797524,
    "ref_lead1_rms": 0.16594752644936664,
    "ref_lead1_energy": 691.576398079998,
    "ref_lead1_zcr": 0.09704137299406682,
    "ref_lead1_mav": 0.07759144854900028,
    "ref_lead1_p5": -0.1899279921513659,
    "ref_lead1_p25": -0.03193860094567813,
    "ref_lead1_p75": 0.019991147291957036,
    "ref_lead1_p95": 0.14920685281515716,
    "ref_lead2_n_r_peaks_raw": 101,
    "ref_lead2_n_r_peaks_filtered": 101,
    "ref_lead2_peaks_rejected_pct": 0.0,
    "ref_lead2_mean_hr": 61.77476778842732,
    "ref_lead2_std_hr": 6.465016924961487,
    "ref_lead2_min_hr": 52.447552447552454,
    "ref_lead2_max_hr": 83.33333333333334,
    "ref_lead2_median_hr": 59.8804780876494,
    "ref_lead2_mean_hr_filtered": 61.77476778842732,
    "ref_lead2_std_hr_filtered": 6.465016924961487,
    "ref_lead2_mean_rr": 980.64,
    "ref_lead2_std_rr": 90.32159431719526,
    "ref_lead2_sdnn": 90.32159431719526,
    "ref_lead2_median_rr": 1002.0,
    "ref_lead2_rmssd": 74.18241235650336,
    "ref_lead2_pnn50": 49.494949494949495,
    "ref_lead2_pnn20": 77.77777777777777,
    "ref_lead2_meandist": 92.47306404928196,
    "ref_lead2_cv_rr": 0.09210474212473004,
    "ref_lead2_range_rr": 424.0,
    "ref_lead2_iqr_rr": 116.0,
    "ref_lead2_global_ecg_r_peak_indices_mean": 12773.623762376237,
    "ref_lead2_global_ecg_r_peak_indices_std": 7241.704577320034,
    "ref_lead2_global_ecg_r_peak_indices_min": 361.0,
    "ref_lead2_global_ecg_r_peak_indices_max": 24877.0,
    "ref_lead2_global_heart_rate_mean": 61.77476778842732,
    "ref_lead2_global_heart_rate_std": 6.4650169249614855,
    "ref_lead2_global_heart_rate_min": 52.44755244755245,
    "ref_lead2_global_heart_rate_max": 83.33333333333333,
    "ref_lead2_global_mean_rr_interval": 980.64,
    "ref_lead2_global_sdnn": 90.32159431719526,
    "ref_lead2_global_root_mean_square_of_successive_differences": 74.18241235650336,
    "ref_lead2_global_mean_heart_rate": 61.77476778842732,
    "ref_lead2_global_std_heart_rate": 6.4650169249614855,
    "ref_lead2_global_min_heart_rate": 52.44755244755245,
    "ref_lead2_global_max_heart_rate": 83.33333333333333,
    "ref_lead2_global_nn_xx": 100.0,
    "ref_lead2_global_pnn_xx": 100.0,
    "ref_lead2_r_amp_mean": 0.9342885622377753,
    "ref_lead2_r_amp_std": 0.017980548364351274,
    "ref_lead2_r_amp_min": 0.8964595836690591,
    "ref_lead2_r_amp_max": 1.0,
    "ref_lead2_r_amp_median": 0.9327581232048258,
    "ref_lead2_mean": 5.4080481380509256e-05,
    "ref_lead2_std": 0.15387862990058576,
    "ref_lead2_var": 0.02367863274008145,
    "ref_lead2_min": -0.5208225797784163,
    "ref_lead2_max": 1.0,
    "ref_lead2_median": -0.000671728489690296,
    "ref_lead2_range": 1.5208225797784163,
    "ref_lead2_iqr": 0.021959219658244506,
    "ref_lead2_skewness": 2.925195827056506,
    "ref_lead2_kurtosis": 17.221558337424447,
    "ref_lead2_rms": 0.15387863940384938,
    "ref_lead2_energy": 594.6415774496179,
    "ref_lead2_zcr": 0.08533428901365826,
    "ref_lead2_mav": 0.061955380157485175,
    "ref_lead2_p5": -0.19915274807912436,
    "ref_lead2_p25": -0.01400241158955845,
    "ref_lead2_p75": 0.007956808068686056,
    "ref_lead2_p95": 0.08129794519603714,
    "ref_respiration_n_peaks_ampd": 30,
    "ref_respiration_n_peaks_msptd": 39,
    "ref_respiration_n_feets_msptd": 39,
    "ref_respiration_peak_method": "msptd",
    "ref_respiration_resp_rate_mean": 20.55023067325353,
    "ref_respiration_resp_rate_std": 10.923850486351165,
    "ref_respiration_resp_rate_min": 9.746588693957115,
    "ref_respiration_resp_rate_max": 72.11538461538461,
    "ref_respiration_resp_rate_median": 18.13787416219251,
    "ref_respiration_bbi_mean": 3.4529473684210523,
    "ref_respiration_bbi_std": 1.2293417782521803,
    "ref_respiration_bbi_cv": 0.35602679307977053,
    "ref_respiration_bbi_range": 5.324,
    "ref_respiration_bbi_iqr": 1.4690000000000003,
    "ref_respiration_bbi_rmssd": 1.1341294077456563,
    "ref_respiration_bbi_meandist": 1.3844503306309064,
    "ref_respiration_peak_amp_mean": 0.48696331411840105,
    "ref_respiration_peak_amp_std": 0.30087416272109574,
    "ref_respiration_peak_amp_min": -0.4131662054834505,
    "ref_respiration_peak_amp_max": 1.0,
    "ref_respiration_feet_amp_mean": -0.4709948249682918,
    "ref_respiration_feet_amp_std": 0.1585937504359273,
    "ref_respiration_tidal_excursion_mean": 0.957831771407989,
    "ref_respiration_tidal_excursion_std": 0.4276654590674688,
    "ref_respiration_tidal_excursion_cv": 0.44649329019313183,
    "ref_respiration_envelope_mean": 0.5565095129403805,
    "ref_respiration_envelope_std": 0.16867358026303067,
    "ref_respiration_envelope_max": 2.5145742987963375,
    "ref_respiration_mean": 0.0074005468849460765,
    "ref_respiration_std": 0.41087365111944635,
    "ref_respiration_var": 0.16881715718422452,
    "ref_respiration_min": -0.7151850212252364,
    "ref_respiration_max": 1.0,
    "ref_respiration_median": -0.023332988144566955,
    "ref_respiration_range": 1.7151850212252364,
    "ref_respiration_iqr": 0.7574997701768811,
    "ref_respiration_skewness": 0.16450657742655952,
    "ref_respiration_kurtosis": -1.194314835550916,
    "ref_respiration_rms": 0.4109402940555,
    "ref_respiration_energy": 5632.047579960612,
    "ref_respiration_zcr": 0.002068903481154988,
    "ref_respiration_mav": 0.36032775648165966,
    "ref_respiration_p5": -0.572701687548036,
    "ref_respiration_p25": -0.3689036125436107,
    "ref_respiration_p75": 0.3885961576332704,