{
    "ref_lead1_n_r_peaks_raw": 52,
    "ref_lead1_n_r_peaks_filtered": 52,
    "ref_lead1_peaks_rejected_pct": 0.0,
    "ref_lead1_mean_hr": 63.699678717367014,
    "ref_lead1_std_hr": 4.330288008677676,
    "ref_lead1_min_hr": 55.762081784386616,
    "ref_lead1_max_hr": 72.11538461538461,
    "ref_lead1_median_hr": 63.55932203389831,
    "ref_lead1_mean_hr_filtered": 63.699678717367014,
    "ref_lead1_std_hr_filtered": 4.330288008677676,
    "ref_lead1_mean_rr": 946.2745098039215,
    "ref_lead1_std_rr": 64.22145461294727,
    "ref_lead1_sdnn": 64.22145461294727,
    "ref_lead1_median_rr": 944.0,
    "ref_lead1_rmssd": 66.4529909033446,
    "ref_lead1_pnn50": 46.0,
    "ref_lead1_pnn20": 78.0,
    "ref_lead1_meandist": 85.35994086987951,
    "ref_lead1_cv_rr": 0.06786767893204125,
    "ref_lead1_range_rr": 244.0,
    "ref_lead1_iqr_rr": 94.0,
    "ref_lead1_global_ecg_r_peak_indices_mean": 6398.403846153846,
    "ref_lead1_global_ecg_r_peak_indices_std": 3549.489108739753,
    "ref_lead1_global_ecg_r_peak_indices_min": 307.0,
    "ref_lead1_global_ecg_r_peak_indices_max": 12372.0,
    "ref_lead1_global_heart_rate_mean": 63.699678717367014,
    "ref_lead1_global_heart_rate_std": 4.330288008677677,
    "ref_lead1_global_heart_rate_min": 55.762081784386616,
    "ref_lead1_global_heart_rate_max": 72.11538461538461,
    "ref_lead1_global_mean_rr_interval": 946.2745098039215,
    "ref_lead1_global_sdnn": 64.22145461294727,
    "ref_lead1_global_root_mean_square_of_successive_differences": 66.4529909033446,
    "ref_lead1_global_mean_heart_rate": 63.699678717367014,
    "ref_lead1_global_std_heart_rate": 4.330288008677677,
    "ref_lead1_global_min_heart_rate": 55.762081784386616,
    "ref_lead1_global_max_heart_rate": 72.11538461538461,
    "ref_lead1_global_nn_xx": 51.0,
    "ref_lead1_global_pnn_xx": 100.0,
    "ref_lead1_r_amp_mean": 0.909035859964461,
    "ref_lead1_r_amp_std": 0.03809932414795813,
    "ref_lead1_r_amp_min": 0.8220434062566156,
    "ref_lead1_r_amp_max": 0.9933747089277547,
    "ref_lead1_r_amp_median": 0.9090792126984546,
    "ref_lead1_mean": -0.00032522227425112974,
    "ref_lead1_std": 0.2720038853794774,
    "ref_lead1_var": 0.07398611366153186,
    "ref_lead1_min": -0.29931444654441713,
    "ref_lead1_max": 0.9933747089277547,
    "ref_lead1_median": -0.14376732674296214,
    "ref_lead1_range": 1.2926891554721718,
    "ref_lead1_iqr": 0.21502742037840666,
    "ref_lead1_skewness": 1.6827390083764378,
    "ref_lead1_kurtosis": 1.750325972288123,
    "ref_lead1_rms": 0.2720040798059094,
    "ref_lead1_energy": 933.1881856839539,
    "ref_lead1_zcr": 0.01688733846031872,
    "ref_lead1_mav": 0.20657814841262412,
    "ref_lead1_p5": -0.1987602062919301,
    "ref_lead1_p25": -0.16673849245269648,
    "ref_lead1_p75": 0.048288927925710184,
    "ref_lead1_p95": 0.6639313053886042,
    "ref_lead2_n_r_peaks_raw": 52,
    "ref_lead2_n_r_peaks_filtered": 52,
    "ref_lead2_peaks_rejected_pct": 0.0,
    "ref_lead2_mean_hr": 63.70183184839396,
    "ref_lead2_std_hr": 4.346710392193333,
    "ref_lead2_min_hr": 55.55555555555555,
    "ref_lead2_max_hr": 72.11538461538461,
    "ref_lead2_median_hr": 63.55932203389831,
    "ref_lead2_mean_hr_filtered": 63.70183184839396,
    "ref_lead2_std_hr_filtered": 4.346710392193333,
    "ref_lead2_mean_rr": 946.2745098039215,
    "ref_lead2_std_rr": 64.45064335350949,
    "ref_lead2_sdnn": 64.45064335350949,
    "ref_lead2_median_rr": 944.0,
    "ref_lead2_rmssd": 66.99492518094188,
    "ref_lead2_pnn50": 46.0,
    "ref_lead2_pnn20": 78.0,
    "ref_lead2_meandist": 86.69109959802059,
    "ref_lead2_cv_rr": 0.068109880046187,
    "ref_lead2_range_rr": 248.0,
    "ref_lead2_iqr_rr": 94.0,
    "ref_lead2_global_ecg_r_peak_indices_mean": 6396.134615384615,
    "ref_lead2_global_ecg_r_peak_indices_std": 3549.4749613301215,
    "ref_lead2_global_ecg_r_peak_indices_min": 305.0,
    "ref_lead2_global_ecg_r_peak_indices_max": 12370.0,
    "ref_lead2_global_heart_rate_mean": 63.70183184839396,
    "ref_lead2_global_heart_rate_std": 4.346710392193332,
    "ref_lead2_global_heart_rate_min": 55.55555555555556,
    "ref_lead2_global_heart_rate_max": 72.11538461538461,
    "ref_lead2_global_mean_rr_interval": 946.2745098039215,
    "ref_lead2_global_sdnn": 64.45064335350949,
    "ref_lead2_global_root_mean_square_of_successive_differences": 66.99492518094188,
    "ref_lead2_global_mean_heart_rate": 63.70183184839396,
    "ref_lead2_global_std_heart_rate": 4.346710392193332,
    "ref_lead2_global_min_heart_rate": 55.55555555555556,
    "ref_lead2_global_max_heart_rate": 72.11538461538461,
    "ref_lead2_global_nn_xx": 51.0,
    "ref_lead2_global_pnn_xx": 100.0,
    "ref_lead2_r_amp_mean": 0.894200385899492,
    "ref_lead2_r_amp_std": 0.0519552421298859,
    "ref_lead2_r_amp_min": 0.7544302912664729,
    "ref_lead2_r_amp_max": 0.9997578684872855,
    "ref_lead2_r_amp_median": 0.8933401772362257,
    "ref_lead2_mean": 0.00045633493436799294,
    "ref_lead2_std": 0.2427124823267103,
    "ref_lead2_var": 0.05890934907719367,
    "ref_lead2_min": -0.952494172956888,
    "ref_lead2_max": 0.9997578684872855,
    "ref_lead2_median": -0.08258312328359677,
    "ref_lead2_range": 1.9522520414441735,
    "ref_lead2_iqr": 0.18469797544976668,
    "ref_lead2_skewness": 0.6162196145104996,
    "ref_lead2_kurtosis": 3.1455463406910944,
    "ref_lead2_rms": 0.24271291131451164,
    "ref_lead2_energy": 742.9673369042767,
    "ref_lead2_zcr": 0.025531240088804315,
    "ref_lead2_mav": 0.16814784050135895,
    "ref_lead2_p5": -0.20376342867385,
    "ref_lead2_p25": -0.11183750750431191,
    "ref_lead2_p75": 0.07286046794545477,
    "ref_lead2_p95": 0.4834859591197202,
    "ref_respiration_n_peaks_ampd": 21,
    "ref_respiration_n_peaks_msptd": 22,
    "ref_respiration_n_feets_msptd": 21,
    "ref_respiration_peak_method": "msptd",
    "ref_respiration_resp_rate_mean": 14.316610707200786,
    "ref_respiration_resp_rate_std": 1.123707167376022,
    "ref_respiration_resp_rate_min": 12.66891891891892,
    "ref_respiration_resp_rate_max": 16.722408026755854,
    "ref_respiration_resp_rate_median": 13.966480446927374,
    "ref_respiration_bbi_mean": 4.215999999999999,
    "ref_respiration_bbi_std": 0.32021659336559477,
    "ref_respiration_bbi_cv": 0.07595270241119421,
    "ref_respiration_bbi_range": 1.1479999999999997,
    "ref_respiration_bbi_iqr": 0.48400000000000043,
    "ref_respiration_bbi_rmssd": 0.3149577749476905,
    "ref_respiration_bbi_meandist": 0.4023951015728378,
    "ref_respiration_peak_amp_mean": 0.6588354248814791,
    "ref_respiration_peak_amp_std": 0.07237311797733956,
    "ref_respiration_peak_amp_min": 0.5319528074941343,
    "ref_respiration_peak_amp_max": 0.8094844982958854,
    "ref_respiration_feet_amp_mean": -0.8396674407256493,
    "ref_respiration_feet_amp_std": 0.1535152059485878,
    "ref_respiration_tidal_excursion_mean": 1.498473585021972,
    "ref_respiration_tidal_excursion_std": 0.18958631031481055,
    "ref_respiration_tidal_excursion_cv": 0.12651962117305568,
    "ref_respiration_envelope_mean": 0.7293008073970568,
    "ref_respiration_envelope_std": 0.14554850630231064,
    "ref_respiration_envelope_max": 1.898519267444819,
    "ref_respiration_mean": 0.0012882125645459475,
    "ref_respiration_std": 0.5257076551548914,
    "ref_respiration_var": 0.2763685386884542,
    "ref_respiration_min": -1.0,
    "ref_respiration_max": 0.8094844982958854,
    "ref_respiration_median": 0.08588532169244262,
    "ref_respiration_range": 1.8094844982958853,
    "ref_respiration_iqr": 0.9448282568267352,
    "ref_respiration_skewness": -0.3212819583862309,
    "ref_respiration_kurtosis": -1.2227974838655093,
    "ref_respiration_rms": 0.5257092334932549,
    "ref_respiration_energy": 6410.4067467866225,
    "ref_respiration_zcr": 0.0018969605518430696,
    "ref_respiration_mav": 0.4613277410723525,
    "ref_respiration_p5": -0.8865919734661225,
    "ref_respiration_p25": -0.45419782887152627,