{
    "ref_lead1_n_r_peaks_raw": 95,
    "ref_lead1_n_r_peaks_filtered": 95,
    "ref_lead1_peaks_rejected_pct": 0.0,
    "ref_lead1_mean_hr": 0.07626614747719426,
    "ref_lead1_std_hr": 0.005619341295266315,
    "ref_lead1_min_hr": 0.0635593220338983,
    "ref_lead1_max_hr": 0.08875739644970414,
    "ref_lead1_median_hr": 0.07672684458398744,
    "ref_lead1_mean_hr_filtered": NaN,
    "ref_lead1_std_hr_filtered": NaN,
    "ref_lead1_mean_rr": 791.063829787234,
    "ref_lead1_std_rr": 59.224565150346386,
    "ref_lead1_sdnn": 59.224565150346386,
    "ref_lead1_median_rr": 782.0,
    "ref_lead1_rmssd": 41.95440433388076,
    "ref_lead1_pnn50": 21.50537634408602,
    "ref_lead1_pnn20": 52.68817204301075,
    "ref_lead1_meandist": 50.73125324955532,
    "ref_lead1_cv_rr": 0.07486698660748468,
    "ref_lead1_range_rr": 268.0,
    "ref_lead1_iqr_rr": 79.0,
    "ref_lead1_global_ecg_r_peak_indices_mean": 9247.084210526316,
    "ref_lead1_global_ecg_r_peak_indices_std": 5462.78212454762,
    "ref_lead1_global_ecg_r_peak_indices_min": 150.0,
    "ref_lead1_global_ecg_r_peak_indices_max": 18740.0,
    "ref_lead1_global_heart_rate_mean": 4.6131332088743005,
    "ref_lead1_global_heart_rate_std": 11.455835706168033,
    "ref_lead1_global_heart_rate_min": 0.80042689434365,
    "ref_lead1_global_heart_rate_max": 100.0,
    "ref_lead1_global_root_mean_square_of_successive_differences": 10740.137566011066,
    "ref_lead1_global_mean_rr_interval": 9247.084210526316,
    "ref_lead1_global_sdnn": 5462.78212454762,
    "ref_lead1_global_mean_heart_rate": 1.6221329511550155,
    "ref_lead1_global_std_heart_rate": 11.455835706168033,
    "ref_lead1_global_nn_xx": 95.0,
    "ref_lead1_global_pnn_xx": 250.0,
    "ref_lead1_global_min_heart_rate": 0.80042689434365,
    "ref_lead1_global_max_heart_rate": 100.0,
    "ref_lead1_r_amp_mean": 0.04815691358600662,
    "ref_lead1_r_amp_std": 0.0045976276872411815,
    "ref_lead1_r_amp_min": 0.033547116948312715,
    "ref_lead1_r_amp_max": 0.05772777105850682,
    "ref_lead1_r_amp_median": 0.04853751106014615,
    "ref_lead1_mean": 1.0577605206718669e-05,
    "ref_lead1_std": 0.01029363222347419,
    "ref_lead1_var": 0.00010595886435214619,
    "ref_lead1_min": -0.02768740365999147,
    "ref_lead1_max": 0.05772777105850682,
    "ref_lead1_median": -0.0026850928752049762,
    "ref_lead1_range": 0.0854151747184983,
    "ref_lead1_iqr": 0.009310931888253004,
    "ref_lead1_skewness": 2.206645969685527,
    "ref_lead1_kurtosis": 6.823239341531073,
    "ref_lead1_rms": 0.010293637658178865,
    "ref_lead1_energy": 2.0017769790859927,
    "ref_lead1_zcr": 0.03774084268473428,
    "ref_lead1_mav": 0.007084588293116414,
    "ref_lead1_p5": -0.010609455897082986,
    "ref_lead1_p25": -0.0060980708793136355,
    "ref_lead1_p75": 0.003212861008939369,
    "ref_lead1_p95": 0.01695101101552821,
    "ref_lead2_n_r_peaks_raw": 95,
    "ref_lead2_n_r_peaks_filtered": 95,
    "ref_lead2_peaks_rejected_pct": 0.0,
    "ref_lead2_mean_hr": 0.07626633192769829,
    "ref_lead2_std_hr": 0.0056220586800522655,
    "ref_lead2_min_hr": 0.0635593220338983,
    "ref_lead2_max_hr": 0.08875739644970414,
    "ref_lead2_median_hr": 0.07692307692307693,
    "ref_lead2_mean_hr_filtered": NaN,
    "ref_lead2_std_hr_filtered": NaN,
    "ref_lead2_mean_rr": 791.063829787234,
    "ref_lead2_std_rr": 59.224565150346386,
    "ref_lead2_sdnn": 59.224565150346386,
    "ref_lead2_median_rr": 780.0,
    "ref_lead2_rmssd": 41.74680465526351,
    "ref_lead2_pnn50": 22.580645161290324,
    "ref_lead2_pnn20": 53.763440860215056,
    "ref_lead2_meandist": 50.65805998128106,
    "ref_lead2_cv_rr": 0.07486698660748468,
    "ref_lead2_range_rr": 268.0,
    "ref_lead2_iqr_rr": 76.0,
    "ref_lead2_global_ecg_r_peak_indices_mean": 9245.38947368421,
    "ref_lead2_global_ecg_r_peak_indices_std": 5462.747321718426,
    "ref_lead2_global_ecg_r_peak_indices_min": 148.0,
    "ref_lead2_global_ecg_r_peak_indices_max": 18738.0,
    "ref_lead2_global_heart_rate_mean": 4.63344578575655,
    "ref_lead2_global_heart_rate_std": 11.58725902782441,
    "ref_lead2_global_heart_rate_min": 0.8005123278898495,
    "ref_lead2_global_heart_rate_max": 101.35135135135135,
    "ref_lead2_global_root_mean_square_of_successive_differences": 10738.66075546912,
    "ref_lead2_global_mean_rr_interval": 9245.38947368421,
    "ref_lead2_global_sdnn": 5462.747321718426,
    "ref_lead2_global_mean_heart_rate": 1.6224302981172978,
    "ref_lead2_global_std_heart_rate": 11.58725902782441,
    "ref_lead2_global_nn_xx": 95.0,
    "ref_lead2_global_pnn_xx": 250.0,
    "ref_lead2_global_min_heart_rate": 0.8005123278898495,
    "ref_lead2_global_max_heart_rate": 101.35135135135135,
    "ref_lead2_r_amp_mean": 0.07006561215571964,
    "ref_lead2_r_amp_std": 0.0029042628397311547,
    "ref_lead2_r_amp_min": 0.06280926816229962,
    "ref_lead2_r_amp_max": 0.07626453121609342,
    "ref_lead2_r_amp_median": 0.07003509214024214,
    "ref_lead2_mean": 4.7827687302840304e-08,
    "ref_lead2_std": 0.013127322759196711,
    "ref_lead2_var": 0.00017232660282412397,
    "ref_lead2_min": -0.04245471762381359,
    "ref_lead2_max": 0.07626453121609342,
    "ref_lead2_median": -0.002369564099460928,
    "ref_lead2_range": 0.118719248839907,
    "ref_lead2_iqr": 0.007677150005777289,
    "ref_lead2_skewness": 2.6842157690557564,
    "ref_lead2_kurtosis": 12.734305970581254,
    "ref_lead2_rms": 0.013127322759283837,
    "ref_lead2_energy": 3.2552495273909114,
    "ref_lead2_zcr": 0.03160402329274749,
    "ref_lead2_mav": 0.0071579373130651,
    "ref_lead2_p5": -0.010501906570021483,
    "ref_lead2_p25": -0.00487351538532181,
    "ref_lead2_p75": 0.0028036346204554793,
    "ref_lead2_p95": 0.011131509469290314,
    "ref_respiration_n_peaks_ampd": 19,
    "ref_respiration_n_peaks_msptd": 23,
    "ref_respiration_n_feets_msptd": 22,
    "ref_respiration_peak_method": "msptd",
    "ref_respiration_resp_rate_mean": 18.794489616555907,
    "ref_respiration_resp_rate_std": 4.0153031235715995,
    "ref_respiration_resp_rate_min": 13.901760889712698,
    "ref_respiration_resp_rate_max": 29.069767441860463,
    "ref_respiration_resp_rate_median": 16.80862711025957,
    "ref_respiration_bbi_mean": 3.3176363636363644,
    "ref_respiration_bbi_std": 0.5963131076154954,
    "ref_respiration_bbi_cv": 0.1797403459135871,
    "ref_respiration_bbi_range": 2.252,
    "ref_respiration_bbi_iqr": 0.9210000000000003,
    "ref_respiration_bbi_rmssd": 0.4679886038498515,
    "ref_respiration_bbi_meandist": 0.569871373373382,
    "ref_respiration_peak_amp_mean": 0.6115073763227523,
    "ref_respiration_peak_amp_std": 0.35420142878635885,
    "ref_respiration_peak_amp_min": -0.43577253397517207,
    "ref_respiration_peak_amp_max": 1.0,
    "ref_respiration_feet_amp_mean": -0.5360358999750576,
    "ref_respiration_feet_amp_std": 0.11172298984976967,
    "ref_respiration_tidal_excursion_mean": 1.1472028410150445,
    "ref_respiration_tidal_excursion_std": 0.40994651390146253,
    "ref_respiration_tidal_excursion_cv": 0.35734440261561945,
    "ref_respiration_envelope_mean": 0.6318549120463147,
    "ref_respiration_envelope_std": 0.17127187346217773,
    "ref_respiration_envelope_max": 1.1290236447743143,
    "ref_respiration_mean": 0.0074446189874405435,
    "ref_respiration_std": 0.4628974627341641,
    "ref_respiration_var": 0.21427406100572685,
    "ref_respiration_min": -0.71496297767773,
    "ref_respiration_max": 1.0,
    "ref_respiration_median": -0.06969354667199862,
    "ref_respiration_range": 1.71496297767773,
    "ref_respiration_iqr": 0.8575343964694517,
    "ref_respiration_skewness": 0.3310638977719695,
    "ref_respiration_kurtosis": -1.2071336497563343,
    "ref_respiration_rms": 0.46295732347333596,
    "ref_respiration_energy": 3995.9588877190017,
    "ref_respiration_zcr": 0.0021990989058142027,
    "ref_respiration_mav": 0.4063127259429817,
    "ref_respiration_p5": -0.5901694052055757,
    "ref_respiration_p25": -0.4317368560590166,