{
    "ref_lead1_n_r_peaks_raw": 75,
    "ref_lead1_n_r_peaks_filtered": 75,
    "ref_lead1_peaks_rejected_pct": 0.0,
    "ref_lead1_mean_hr": 60.1551769726994,
    "ref_lead1_std_hr": 4.681740214276891,
    "ref_lead1_min_hr": 52.447552447552454,
    "ref_lead1_max_hr": 76.53061224489795,
    "ref_lead1_median_hr": 59.05511811023622,
    "ref_lead1_mean_hr_filtered": 60.1551769726994,
    "ref_lead1_std_hr_filtered": 4.681740214276891,
    "ref_lead1_mean_rr": 1002.972972972973,
    "ref_lead1_std_rr": 71.77159209396133,
    "ref_lead1_sdnn": 71.77159209396133,
    "ref_lead1_median_rr": 1016.0,
    "ref_lead1_rmssd": 72.28255061415356,
    "ref_lead1_pnn50": 49.31506849315068,
    "ref_lead1_pnn20": 79.45205479452055,
    "ref_lead1_meandist": 91.39280986444076,
    "ref_lead1_cv_rr": 0.07155884956821798,
    "ref_lead1_range_rr": 360.0,
    "ref_lead1_iqr_rr": 82.0,
    "ref_lead1_global_ecg_r_peak_indices_mean": 9383.16,
    "ref_lead1_global_ecg_r_peak_indices_std": 5390.034335178209,
    "ref_lead1_global_ecg_r_peak_indices_min": 190.0,
    "ref_lead1_global_ecg_r_peak_indices_max": 18745.0,
    "ref_lead1_global_heart_rate_mean": 60.1551769726994,
    "ref_lead1_global_heart_rate_std": 4.681740214276891,
    "ref_lead1_global_heart_rate_min": 52.44755244755245,
    "ref_lead1_global_heart_rate_max": 76.53061224489795,
    "ref_lead1_global_mean_rr_interval": 1002.972972972973,
    "ref_lead1_global_sdnn": 71.77159209396133,
    "ref_lead1_global_root_mean_square_of_successive_differences": 72.28255061415356,
    "ref_lead1_global_mean_heart_rate": 60.1551769726994,
    "ref_lead1_global_std_heart_rate": 4.681740214276891,
    "ref_lead1_global_min_heart_rate": 52.44755244755245,
    "ref_lead1_global_max_heart_rate": 76.53061224489795,
    "ref_lead1_global_nn_xx": 74.0,
    "ref_lead1_global_pnn_xx": 100.0,
    "ref_lead1_r_amp_mean": 0.06386851644924965,
    "ref_lead1_r_amp_std": 0.003296624843571791,
    "ref_lead1_r_amp_min": 0.05635088665747904,
    "ref_lead1_r_amp_max": 0.06887601924019619,
    "ref_lead1_r_amp_median": 0.06433710625742606,
    "ref_lead1_mean": 2.2776430678303397e-06,
    "ref_lead1_std": 0.012133914453958405,
    "ref_lead1_var": 0.0001472318799759807,
    "ref_lead1_min": -0.05828072856918783,
    "ref_lead1_max": 0.06887601924019619,
    "ref_lead1_median": -7.488362622587669e-05,
    "ref_lead1_range": 0.12715674780938402,
    "ref_lead1_iqr": 0.003619499878392836,
    "ref_lead1_skewness": 1.4313404668627383,
    "ref_lead1_kurtosis": 13.020552333816642,
    "ref_lead1_rms": 0.012133914667725279,
    "ref_lead1_energy": 2.8038840210563345,
    "ref_lead1_zcr": 0.09808863684099979,
    "ref_lead1_mav": 0.005625956837823968,
    "ref_lead1_p5": -0.013759030242434763,
    "ref_lead1_p25": -0.0022402296616362816,
    "ref_lead1_p75": 0.0013792702167565543,
    "ref_lead1_p95": 0.011137372849008387,
    "ref_lead2_n_r_peaks_raw": 75,
    "ref_lead2_n_r_peaks_filtered": 75,
    "ref_lead2_peaks_rejected_pct": 0.0,
    "ref_lead2_mean_hr": 60.152295203551716,
    "ref_lead2_std_hr": 4.658016039197142,
    "ref_lead2_min_hr": 52.447552447552454,
    "ref_lead2_max_hr": 76.14213197969544,
    "ref_lead2_median_hr": 58.8235294117647,
    "ref_lead2_mean_hr_filtered": 60.152295203551716,
    "ref_lead2_std_hr_filtered": 4.658016039197142,
    "ref_lead2_mean_rr": 1002.972972972973,
    "ref_lead2_std_rr": 71.49994764182037,
    "ref_lead2_sdnn": 71.49994764182037,
    "ref_lead2_median_rr": 1020.0,
    "ref_lead2_rmssd": 71.67200787147495,
    "ref_lead2_pnn50": 46.57534246575342,
    "ref_lead2_pnn20": 80.82191780821918,
    "ref_lead2_meandist": 90.53592678392185,
    "ref_lead2_cv_rr": 0.07128801031386024,
    "ref_lead2_range_rr": 356.0,
    "ref_lead2_iqr_rr": 85.0,
    "ref_lead2_global_ecg_r_peak_indices_mean": 9384.666666666666,
    "ref_lead2_global_ecg_r_peak_indices_std": 5390.072806764509,
    "ref_lead2_global_ecg_r_peak_indices_min": 192.0,
    "ref_lead2_global_ecg_r_peak_indices_max": 18747.0,
    "ref_lead2_global_heart_rate_mean": 60.152295203551716,
    "ref_lead2_global_heart_rate_std": 4.6580160391971415,
    "ref_lead2_global_heart_rate_min": 52.44755244755245,
    "ref_lead2_global_heart_rate_max": 76.14213197969544,
    "ref_lead2_global_mean_rr_interval": 1002.972972972973,
    "ref_lead2_global_sdnn": 71.49994764182037,
    "ref_lead2_global_root_mean_square_of_successive_differences": 71.67200787147495,
    "ref_lead2_global_mean_heart_rate": 60.152295203551716,
    "ref_lead2_global_std_heart_rate": 4.6580160391971415,
    "ref_lead2_global_min_heart_rate": 52.44755244755245,
    "ref_lead2_global_max_heart_rate": 76.14213197969544,
    "ref_lead2_global_nn_xx": 74.0,
    "ref_lead2_global_pnn_xx": 100.0,
    "ref_lead2_r_amp_mean": 0.6955885388898874,
    "ref_lead2_r_amp_std": 0.011308904662199705,
    "ref_lead2_r_amp_min": 0.6719061557434073,
    "ref_lead2_r_amp_max": 0.7189514376844333,
    "ref_lead2_r_amp_median": 0.6955466757425729,
    "ref_lead2_mean": 2.6703159257998152e-06,
    "ref_lead2_std": 0.11310961214787814,
    "ref_lead2_var": 0.012793784360243421,
    "ref_lead2_min": -0.38837122401237917,
    "ref_lead2_max": 0.7189514376844333,
    "ref_lead2_median": -0.0004237066143884706,
    "ref_lead2_range": 1.1073226616968124,
    "ref_lead2_iqr": 0.015800833746409525,
    "ref_lead2_skewness": 2.964134835751964,
    "ref_lead2_kurtosis": 17.740262380788636,
    "ref_lead2_rms": 0.11310961217939883,
    "ref_lead2_energy": 243.64482949227062,
    "ref_lead2_zcr": 0.08643142197017434,
    "ref_lead2_mav": 0.04508134516682978,
    "ref_lead2_p5": -0.14698004845048343,
    "ref_lead2_p25": -0.010033483297539537,
    "ref_lead2_p75": 0.005767350448869989,
    "ref_lead2_p95": 0.061201475864998106,
    "ref_respiration_n_peaks_ampd": 13,
    "ref_respiration_n_peaks_msptd": 15,
    "ref_respiration_n_feets_msptd": 16,
    "ref_respiration_peak_method": "msptd",
    "ref_respiration_resp_rate_mean": 16.292882705327752,
    "ref_respiration_resp_rate_std": 4.643032593334846,
    "ref_respiration_resp_rate_min": 10.608203677510609,
    "ref_respiration_resp_rate_max": 28.79078694817658,
    "ref_respiration_resp_rate_median": 15.678952600188342,
    "ref_respiration_bbi_mean": 3.944,
    "ref_respiration_bbi_std": 0.962651101311967,
    "ref_respiration_bbi_cv": 0.2440798938417766,
    "ref_respiration_bbi_range": 3.5719999999999996,
    "ref_respiration_bbi_iqr": 1.5410000000000004,
    "ref_respiration_bbi_rmssd": 1.1143428556777306,
    "ref_respiration_bbi_meandist": 1.4101800988157354,
    "ref_respiration_peak_amp_mean": 0.4783644308210718,
    "ref_respiration_peak_amp_std": 0.2415918377857224,
    "ref_respiration_peak_amp_min": -0.4114116199180588,
    "ref_respiration_peak_amp_max": 0.621428376733155,
    "ref_respiration_feet_amp_mean": -0.4583980330947872,
    "ref_respiration_feet_amp_std": 0.06258418694057588,
    "ref_respiration_tidal_excursion_mean": 0.9452540295732937,
    "ref_respiration_tidal_excursion_std": 0.2599514425744885,
    "ref_respiration_tidal_excursion_cv": 0.2750069657908104,
    "ref_respiration_envelope_mean": 0.522197013480451,
    "ref_respiration_envelope_std": 0.07754320250092968,
    "ref_respiration_envelope_max": 0.7127405791218295,
    "ref_respiration_mean": 0.0008053751526333199,
    "ref_respiration_std": 0.3733135969416931,
    "ref_respiration_var": 0.1393630416615449,
    "ref_respiration_min": -0.626251924472282,
    "ref_respiration_max": 0.6214316552790438,
    "ref_respiration_median": -0.03528819353324383,
    "ref_respiration_range": 1.2476835797513257,
    "ref_respiration_iqr": 0.7456563339417077,
    "ref_respiration_skewness": 0.1331748191228143,
    "ref_respiration_kurtosis": -1.4994293162214516,
    "ref_respiration_rms": 0.3733144656863452,
    "ref_respiration_energy": 2067.0422543913865,
    "ref_respiration_zcr": 0.0018878101402373248,
    "ref_respiration_mav": 0.33881637434826994,