{
    "ref_lead1_n_r_peaks_raw": 105,
    "ref_lead1_n_r_peaks_filtered": 105,
    "ref_lead1_peaks_rejected_pct": 0.0,
    "ref_lead1_mean_hr": 69.18634289702173,
    "ref_lead1_std_hr": 4.331730198710392,
    "ref_lead1_min_hr": 61.98347107438017,
    "ref_lead1_max_hr": 85.22727272727273,
    "ref_lead1_median_hr": 68.4931506849315,
    "ref_lead1_mean_hr_filtered": 69.18634289702173,
    "ref_lead1_std_hr_filtered": 4.331730198710392,
    "ref_lead1_mean_rr": 870.4615384615385,
    "ref_lead1_std_rr": 51.95651345058508,
    "ref_lead1_sdnn": 51.95651345058508,
    "ref_lead1_median_rr": 876.0,
    "ref_lead1_rmssd": 40.03299609945562,
    "ref_lead1_pnn50": 18.446601941747574,
    "ref_lead1_pnn20": 62.13592233009709,
    "ref_lead1_meandist": 50.33984923593988,
    "ref_lead1_cv_rr": 0.05968846543457105,
    "ref_lead1_range_rr": 264.0,
    "ref_lead1_iqr_rr": 72.0,
    "ref_lead1_global_ecg_r_peak_indices_mean": 11609.914285714285,
    "ref_lead1_global_ecg_r_peak_indices_std": 6571.848762301049,
    "ref_lead1_global_ecg_r_peak_indices_min": 247.0,
    "ref_lead1_global_ecg_r_peak_indices_max": 22879.0,
    "ref_lead1_global_heart_rate_mean": 69.18634289702173,
    "ref_lead1_global_heart_rate_std": 4.331730198710392,
    "ref_lead1_global_heart_rate_min": 61.98347107438016,
    "ref_lead1_global_heart_rate_max": 85.22727272727273,
    "ref_lead1_global_mean_rr_interval": 870.4615384615385,
    "ref_lead1_global_sdnn": 51.95651345058508,
    "ref_lead1_global_root_mean_square_of_successive_differences": 40.03299609945562,
    "ref_lead1_global_mean_heart_rate": 69.18634289702173,
    "ref_lead1_global_std_heart_rate": 4.331730198710392,
    "ref_lead1_global_min_heart_rate": 61.98347107438016,
    "ref_lead1_global_max_heart_rate": 85.22727272727273,
    "ref_lead1_global_nn_xx": 104.0,
    "ref_lead1_global_pnn_xx": 100.0,
    "ref_lead1_r_amp_mean": 0.9140458643136533,
    "ref_lead1_r_amp_std": 0.046927957210824635,
    "ref_lead1_r_amp_min": 0.7591971087045999,
    "ref_lead1_r_amp_max": 1.0,
    "ref_lead1_r_amp_median": 0.9269315768650424,
    "ref_lead1_mean": 4.506130442208647e-05,
    "ref_lead1_std": 0.16087713900961195,
    "ref_lead1_var": 0.02588145385591801,
    "ref_lead1_min": -0.7489163416394015,
    "ref_lead1_max": 1.0,
    "ref_lead1_median": -0.001418010324889327,
    "ref_lead1_range": 1.7489163416394016,
    "ref_lead1_iqr": 0.06025766047182201,
    "ref_lead1_skewness": 1.456903272483283,
    "ref_lead1_kurtosis": 14.624494300880052,
    "ref_lead1_rms": 0.16087714532039396,
    "ref_lead1_energy": 599.4403997858174,
    "ref_lead1_zcr": 0.11381201157117568,
    "ref_lead1_mav": 0.07514763832371661,
    "ref_lead1_p5": -0.14197402807078097,
    "ref_lead1_p25": -0.034969929284426604,
    "ref_lead1_p75": 0.025287731187395406,
    "ref_lead1_p95": 0.15546809726873098,
    "ref_lead2_n_r_peaks_raw": 105,
    "ref_lead2_n_r_peaks_filtered": 105,
    "ref_lead2_peaks_rejected_pct": 0.0,
    "ref_lead2_mean_hr": 69.18271984659017,
    "ref_lead2_std_hr": 4.326169122618188,
    "ref_lead2_min_hr": 61.7283950617284,
    "ref_lead2_max_hr": 85.22727272727273,
    "ref_lead2_median_hr": 68.4931506849315,
    "ref_lead2_mean_hr_filtered": 69.18271984659017,
    "ref_lead2_std_hr_filtered": 4.326169122618188,
    "ref_lead2_mean_rr": 870.5,
    "ref_lead2_std_rr": 51.91172240522292,
    "ref_lead2_sdnn": 51.91172240522292,
    "ref_lead2_median_rr": 876.0,
    "ref_lead2_rmssd": 40.095032740795176,
    "ref_lead2_pnn50": 18.446601941747574,
    "ref_lead2_pnn20": 62.13592233009709,
    "ref_lead2_meandist": 50.05233741016369,
    "ref_lead2_cv_rr": 0.059634373814156136,
    "ref_lead2_range_rr": 268.0,
    "ref_lead2_iqr_rr": 72.0,
    "ref_lead2_global_ecg_r_peak_indices_mean": 11610.714285714286,
    "ref_lead2_global_ecg_r_peak_indices_std": 6571.930911027575,
    "ref_lead2_global_ecg_r_peak_indices_min": 247.0,
    "ref_lead2_global_ecg_r_peak_indices_max": 22880.0,
    "ref_lead2_global_heart_rate_mean": 69.18271984659017,
    "ref_lead2_global_heart_rate_std": 4.326169122618188,
    "ref_lead2_global_heart_rate_min": 61.72839506172839,
    "ref_lead2_global_heart_rate_max": 85.22727272727273,
    "ref_lead2_global_mean_rr_interval": 870.5,
    "ref_lead2_global_sdnn": 51.91172240522292,
    "ref_lead2_global_root_mean_square_of_successive_differences": 40.095032740795176,
    "ref_lead2_global_mean_heart_rate": 69.18271984659017,
    "ref_lead2_global_std_heart_rate": 4.326169122618188,
    "ref_lead2_global_min_heart_rate": 61.72839506172839,
    "ref_lead2_global_max_heart_rate": 85.22727272727273,
    "ref_lead2_global_nn_xx": 104.0,
    "ref_lead2_global_pnn_xx": 100.0,
    "ref_lead2_r_amp_mean": 0.930291849156237,
    "ref_lead2_r_amp_std": 0.03238694017493874,
    "ref_lead2_r_amp_min": 0.8632868289434537,
    "ref_lead2_r_amp_max": 1.0,
    "ref_lead2_r_amp_median": 0.9272658209847358,
    "ref_lead2_mean": 4.262029247536003e-05,
    "ref_lead2_std": 0.15491398075680668,
    "ref_lead2_var": 0.023998341433920274,
    "ref_lead2_min": -0.5793118478948381,
    "ref_lead2_max": 1.0,
    "ref_lead2_median": -0.0010380878702439351,
    "ref_lead2_range": 1.579311847894838,
    "ref_lead2_iqr": 0.041932840221979725,
    "ref_lead2_skewness": 2.639061753711494,
    "ref_lead2_kurtosis": 16.64333894608196,
    "ref_lead2_rms": 0.1549139866197033,
    "ref_lead2_energy": 555.8016296794865,
    "ref_lead2_zcr": 0.07556131260794473,
    "ref_lead2_mav": 0.06775057872595132,
    "ref_lead2_p5": -0.16965935365722118,
    "ref_lead2_p25": -0.03214522235156383,
    "ref_lead2_p75": 0.009787617870415896,
    "ref_lead2_p95": 0.1465351551038836,
    "ref_respiration_n_peaks_ampd": 7,
    "ref_respiration_n_peaks_msptd": 12,
    "ref_respiration_n_feets_msptd": 12,
    "ref_respiration_peak_method": "msptd",
    "ref_respiration_resp_rate_mean": 24.419639419348098,
    "ref_respiration_resp_rate_std": 10.010432523477952,
    "ref_respiration_resp_rate_min": 17.142857142857142,
    "ref_respiration_resp_rate_max": 53.76344086021505,
    "ref_respiration_resp_rate_median": 20.21563342318059,
    "ref_respiration_bbi_mean": 2.719272727272727,
    "ref_respiration_bbi_std": 0.6818900325777797,
    "ref_respiration_bbi_cv": 0.25076191355829025,
    "ref_respiration_bbi_range": 2.384,
    "ref_respiration_bbi_iqr": 0.976,
    "ref_respiration_bbi_rmssd": 0.7252155541630363,
    "ref_respiration_bbi_meandist": 0.8692676556770677,
    "ref_respiration_peak_amp_mean": 0.03287185135673562,
    "ref_respiration_peak_amp_std": 0.06346012240168149,
    "ref_respiration_peak_amp_min": -0.049353013250976414,
    "ref_respiration_peak_amp_max": 0.22008747471672024,
    "ref_respiration_feet_amp_mean": -0.039416928840072765,
    "ref_respiration_feet_amp_std": 0.025774450591027467,
    "ref_respiration_tidal_excursion_mean": 0.056933327246387826,
    "ref_respiration_tidal_excursion_std": 0.021781058329421035,
    "ref_respiration_tidal_excursion_cv": 0.3825713230347511,
    "ref_respiration_envelope_mean": 0.11380651844860384,
    "ref_respiration_envelope_std": 0.1274685357885129,
    "ref_respiration_envelope_max": 0.7189653458678492,
    "ref_respiration_mean": 0.03196093348953038,
    "ref_respiration_std": 0.11875796483205835,
    "ref_respiration_var": 0.014103454211052406,
    "ref_respiration_min": -0.09639092957667979,
    "ref_respiration_max": 0.5932548400503502,
    "ref_respiration_median": 0.00068992467345698,
    "ref_respiration_range": 0.6896457696270301,
    "ref_respiration_iqr": 0.05009485408609952,
    "ref_respiration_skewness": 2.730873691863615,
    "ref_respiration_kurtosis": 7.6713469117694295,
    "ref_respiration_rms": 0.12298355776515246,
    "ref_respiration_energy": 136.1397242806519,
    "ref_respiration_zcr": 0.0017775802688590157,
    "ref_respiration_mav": 0.06153294419536155,
    "ref_respiration_p5": -0.0655628053760345,
    "ref_respiration_p25": -0.024222126292204344,