{
    "ref_lead1_n_r_peaks_raw": 40,
    "ref_lead1_n_r_peaks_filtered": 40,
    "ref_lead1_peaks_rejected_pct": 0.0,
    "ref_lead1_mean_hr": 61.56691647890488,
    "ref_lead1_std_hr": 5.238552510153636,
    "ref_lead1_min_hr": 53.0035335689046,
    "ref_lead1_max_hr": 76.14213197969544,
    "ref_lead1_median_hr": 60.483870967741936,
    "ref_lead1_mean_hr_filtered": 61.56691647890488,
    "ref_lead1_std_hr_filtered": 5.238552510153636,
    "ref_lead1_mean_rr": 981.1282051282051,
    "ref_lead1_std_rr": 77.80553651356085,
    "ref_lead1_sdnn": 77.80553651356085,
    "ref_lead1_median_rr": 992.0,
    "ref_lead1_rmssd": 81.069171244782,
    "ref_lead1_pnn50": 52.63157894736842,
    "ref_lead1_pnn20": 76.3157894736842,
    "ref_lead1_meandist": 101.34442754861536,
    "ref_lead1_cv_rr": 0.07930210965996429,
    "ref_lead1_range_rr": 344.0,
    "ref_lead1_iqr_rr": 92.0,
    "ref_lead1_global_ecg_r_peak_indices_mean": 5129.975,
    "ref_lead1_global_ecg_r_peak_indices_std": 2814.4059363167567,
    "ref_lead1_global_ecg_r_peak_indices_min": 374.0,
    "ref_lead1_global_ecg_r_peak_indices_max": 9940.0,
    "ref_lead1_global_heart_rate_mean": 61.56691647890488,
    "ref_lead1_global_heart_rate_std": 5.238552510153636,
    "ref_lead1_global_heart_rate_min": 53.003533568904594,
    "ref_lead1_global_heart_rate_max": 76.14213197969544,
    "ref_lead1_global_mean_rr_interval": 981.1282051282051,
    "ref_lead1_global_sdnn": 77.80553651356085,
    "ref_lead1_global_root_mean_square_of_successive_differences": 81.069171244782,
    "ref_lead1_global_mean_heart_rate": 61.56691647890488,
    "ref_lead1_global_std_heart_rate": 5.238552510153636,
    "ref_lead1_global_min_heart_rate": 53.003533568904594,
    "ref_lead1_global_max_heart_rate": 76.14213197969544,
    "ref_lead1_global_nn_xx": 39.0,
    "ref_lead1_global_pnn_xx": 100.0,
    "ref_lead1_r_amp_mean": 0.8644766124557979,
    "ref_lead1_r_amp_std": 0.08304169260555724,
    "ref_lead1_r_amp_min": 0.6840409629835302,
    "ref_lead1_r_amp_max": 0.9915625258413542,
    "ref_lead1_r_amp_median": 0.8752652354806869,
    "ref_lead1_mean": 0.00012495598396258385,
    "ref_lead1_std": 0.288307543952158,
    "ref_lead1_var": 0.08312123989972553,
    "ref_lead1_min": -0.7597155010456431,
    "ref_lead1_max": 0.9915625258413542,
    "ref_lead1_median": -0.12200369016875989,
    "ref_lead1_range": 1.7512780268869972,
    "ref_lead1_iqr": 0.21581992194268573,
    "ref_lead1_skewness": 1.3987276201615546,
    "ref_lead1_kurtosis": 1.456036988723933,
    "ref_lead1_rms": 0.2883075710308758,
    "ref_lead1_energy": 840.439014499258,
    "ref_lead1_zcr": 0.024329937691622984,
    "ref_lead1_mav": 0.21486655634282087,
    "ref_lead1_p5": -0.2527589873185559,
    "ref_lead1_p25": -0.1554317632442238,
    "ref_lead1_p75": 0.060388158698461925,
    "ref_lead1_p95": 0.7047827398566224,
    "ref_lead2_n_r_peaks_raw": 40,
    "ref_lead2_n_r_peaks_filtered": 40,
    "ref_lead2_peaks_rejected_pct": 0.0,
    "ref_lead2_mean_hr": 61.5663085344707,
    "ref_lead2_std_hr": 5.234615696874681,
    "ref_lead2_min_hr": 52.81690140845071,
    "ref_lead2_max_hr": 76.53061224489795,
    "ref_lead2_median_hr": 60.483870967741936,
    "ref_lead2_mean_hr_filtered": 61.5663085344707,
    "ref_lead2_std_hr_filtered": 5.234615696874681,
    "ref_lead2_mean_rr": 981.1282051282051,
    "ref_lead2_std_rr": 77.75806644187107,
    "ref_lead2_sdnn": 77.75806644187107,
    "ref_lead2_median_rr": 992.0,
    "ref_lead2_rmssd": 80.90540285127017,
    "ref_lead2_pnn50": 52.63157894736842,
    "ref_lead2_pnn20": 76.3157894736842,
    "ref_lead2_meandist": 100.35551290656545,
    "ref_lead2_cv_rr": 0.07925372651141992,
    "ref_lead2_range_rr": 352.0,
    "ref_lead2_iqr_rr": 92.0,
    "ref_lead2_global_ecg_r_peak_indices_mean": 5132.275,
    "ref_lead2_global_ecg_r_peak_indices_std": 2814.265872190295,
    "ref_lead2_global_ecg_r_peak_indices_min": 376.0,
    "ref_lead2_global_ecg_r_peak_indices_max": 9942.0,
    "ref_lead2_global_heart_rate_mean": 61.5663085344707,
    "ref_lead2_global_heart_rate_std": 5.23461569687468,
    "ref_lead2_global_heart_rate_min": 52.816901408450704,
    "ref_lead2_global_heart_rate_max": 76.53061224489795,
    "ref_lead2_global_mean_rr_interval": 981.1282051282051,
    "ref_lead2_global_sdnn": 77.75806644187107,
    "ref_lead2_global_root_mean_square_of_successive_differences": 80.90540285127017,
    "ref_lead2_global_mean_heart_rate": 61.5663085344707,
    "ref_lead2_global_std_heart_rate": 5.23461569687468,
    "ref_lead2_global_min_heart_rate": 52.816901408450704,
    "ref_lead2_global_max_heart_rate": 76.53061224489795,
    "ref_lead2_global_nn_xx": 39.0,
    "ref_lead2_global_pnn_xx": 100.0,
    "ref_lead2_r_amp_mean": 0.9532181461075371,
    "ref_lead2_r_amp_std": 0.017875836224750932,
    "ref_lead2_r_amp_min": 0.9139425149264798,
    "ref_lead2_r_amp_max": 0.9819033557591992,
    "ref_lead2_r_amp_median": 0.9543887503555117,
    "ref_lead2_mean": 7.178597003421706e-05,
    "ref_lead2_std": 0.1802345588006077,
    "ref_lead2_var": 0.03248449618604972,
    "ref_lead2_min": -0.23917569538608596,
    "ref_lead2_max": 0.9819033557591992,
    "ref_lead2_median": -0.062107796691316594,
    "ref_lead2_range": 1.2210790511452851,
    "ref_lead2_iqr": 0.0750212872717276,
    "ref_lead2_skewness": 3.389274612338679,
    "ref_lead2_kurtosis": 12.736582334870238,
    "ref_lead2_rms": 0.18023457309649335,
    "ref_lead2_energy": 328.4507930414116,
    "ref_lead2_zcr": 0.01621995846108199,
    "ref_lead2_mav": 0.10775705194778896,
    "ref_lead2_p5": -0.10621145514805838,
    "ref_lead2_p25": -0.08005314864565893,
    "ref_lead2_p75": -0.005031861373931331,
    "ref_lead2_p95": 0.2477400274145402,
    "ref_respiration_n_peaks_ampd": 26,
    "ref_respiration_n_peaks_msptd": 34,
    "ref_respiration_n_feets_msptd": 34,
    "ref_respiration_peak_method": "msptd",
    "ref_respiration_resp_rate_mean": 24.03875768817831,
    "ref_respiration_resp_rate_std": 12.901049570402137,
    "ref_respiration_resp_rate_min": 10.608203677510609,
    "ref_respiration_resp_rate_max": 66.66666666666667,
    "ref_respiration_resp_rate_median": 18.679950186799502,
    "ref_respiration_bbi_mean": 3.0492121212121215,
    "ref_respiration_bbi_std": 1.1869355438723797,
    "ref_respiration_bbi_cv": 0.3892597486463321,
    "ref_respiration_bbi_range": 4.755999999999999,
    "ref_respiration_bbi_iqr": 1.548,
    "ref_respiration_bbi_rmssd": 0.8666048695916726,
    "ref_respiration_bbi_meandist": 1.0142253419544704,
    "ref_respiration_peak_amp_mean": 0.3884590030528122,
    "ref_respiration_peak_amp_std": 0.2933984266850999,
    "ref_respiration_peak_amp_min": -0.4114116199180588,
    "ref_respiration_peak_amp_max": 0.6437073052337032,
    "ref_respiration_feet_amp_mean": -0.3954323041017495,
    "ref_respiration_feet_amp_std": 0.17499385028229894,
    "ref_respiration_tidal_excursion_mean": 0.7811539072517406,
    "ref_respiration_tidal_excursion_std": 0.402282517060674,
    "ref_respiration_tidal_excursion_cv": 0.5149849643279469,
    "ref_respiration_envelope_mean": 0.49753121349951823,
    "ref_respiration_envelope_std": 0.12669897778509812,
    "ref_respiration_envelope_max": 1.123016832313966,
    "ref_respiration_mean": 0.0014307061074834793,
    "ref_respiration_std": 0.36297497530313644,
    "ref_respiration_var": 0.1317508326963125,
    "ref_respiration_min": -0.64269712099905,
    "ref_respiration_max": 0.6437073052337032,
    "ref_respiration_median": -0.009315814475776289,
    "ref_respiration_range": 1.2864044262327532,
    "ref_respiration_iqr": 0.6811292149872592,
    "ref_respiration_skewness": 0.11059378707566865,
    "ref_respiration_kurtosis": -1.377211289232534,
    "ref_respiration_rms": 0.362977794935556,
    "ref_respiration_energy": 3408.9740071915903,
    "ref_respiration_zcr": 0.0020870371801808766,
    "ref_respiration_mav": 0.3242008958122309,
    "ref_respiration_p5": -0.4985514144961263,
    "ref_respiration_p25": -0.34135377206488726,