{
    "ref_lead1_n_r_peaks_raw": 33,
    "ref_lead1_n_r_peaks_filtered": 33,
    "ref_lead1_peaks_rejected_pct": 0.0,
    "ref_lead1_mean_hr": 54.5984150441773,
    "ref_lead1_std_hr": 1.2469540267212804,
    "ref_lead1_min_hr": 52.447552447552454,
    "ref_lead1_max_hr": 57.47126436781609,
    "ref_lead1_median_hr": 54.347826086956516,
    "ref_lead1_mean_hr_filtered": 54.5984150441773,
    "ref_lead1_std_hr_filtered": 1.2469540267212804,
    "ref_lead1_mean_rr": 1099.5,
    "ref_lead1_std_rr": 24.834451876375287,
    "ref_lead1_sdnn": 24.834451876375287,
    "ref_lead1_median_rr": 1104.0,
    "ref_lead1_rmssd": 32.0,
    "ref_lead1_pnn50": 6.451612903225806,
    "ref_lead1_pnn20": 54.83870967741935,
    "ref_lead1_meandist": 42.436638991031195,
    "ref_lead1_cv_rr": 0.022587041270009357,
    "ref_lead1_range_rr": 100.0,
    "ref_lead1_iqr_rr": 32.0,
    "ref_lead1_global_ecg_r_peak_indices_mean": 4569.69696969697,
    "ref_lead1_global_ecg_r_peak_indices_std": 2625.386799610026,
    "ref_lead1_global_ecg_r_peak_indices_min": 162.0,
    "ref_lead1_global_ecg_r_peak_indices_max": 8958.0,
    "ref_lead1_global_heart_rate_mean": 54.59841504417731,
    "ref_lead1_global_heart_rate_std": 1.246954026721281,
    "ref_lead1_global_heart_rate_min": 52.44755244755245,
    "ref_lead1_global_heart_rate_max": 57.47126436781609,
    "ref_lead1_global_mean_rr_interval": 1099.5,
    "ref_lead1_global_sdnn": 24.834451876375287,
    "ref_lead1_global_root_mean_square_of_successive_differences": 32.0,
    "ref_lead1_global_mean_heart_rate": 54.59841504417731,
    "ref_lead1_global_std_heart_rate": 1.246954026721281,
    "ref_lead1_global_min_heart_rate": 52.44755244755245,
    "ref_lead1_global_max_heart_rate": 57.47126436781609,
    "ref_lead1_global_nn_xx": 32.0,
    "ref_lead1_global_pnn_xx": 100.0,
    "ref_lead1_r_amp_mean": 0.9286117363436611,
    "ref_lead1_r_amp_std": 0.05854052945109349,
    "ref_lead1_r_amp_min": 0.8202517544034015,
    "ref_lead1_r_amp_max": 1.0,
    "ref_lead1_r_amp_median": 0.9579429939895099,
    "ref_lead1_mean": -4.7552517419022485e-05,
    "ref_lead1_std": 0.13879924854851905,
    "ref_lead1_var": 0.01926523139763357,
    "ref_lead1_min": -0.42601447251108965,
    "ref_lead1_max": 1.0,
    "ref_lead1_median": -0.00319020194114467,
    "ref_lead1_range": 1.4260144725110897,
    "ref_lead1_iqr": 0.053783669959163505,
    "ref_lead1_skewness": 3.337724618807536,
    "ref_lead1_kurtosis": 19.886964348795967,
    "ref_lead1_rms": 0.13879925669424706,
    "ref_lead1_energy": 179.62903863535502,
    "ref_lead1_zcr": 0.07443157443157443,
    "ref_lead1_mav": 0.06695089184344369,
    "ref_lead1_p5": -0.15160943399837068,
    "ref_lead1_p25": -0.04173335337103295,
    "ref_lead1_p75": 0.01205031658813056,
    "ref_lead1_p95": 0.17512726043054522,
    "ref_lead2_n_r_peaks_raw": 33,
    "ref_lead2_n_r_peaks_filtered": 33,
    "ref_lead2_peaks_rejected_pct": 0.0,
    "ref_lead2_mean_hr": 54.604342106506294,
    "ref_lead2_std_hr": 1.2402282739938515,
    "ref_lead2_min_hr": 52.264808362369344,
    "ref_lead2_max_hr": 57.47126436781609,
    "ref_lead2_median_hr": 54.347826086956516,
    "ref_lead2_mean_hr_filtered": 54.604342106506294,
    "ref_lead2_std_hr_filtered": 1.2402282739938515,
    "ref_lead2_mean_rr": 1099.375,
    "ref_lead2_std_rr": 24.7206265090511,
    "ref_lead2_sdnn": 24.7206265090511,
    "ref_lead2_median_rr": 1104.0,
    "ref_lead2_rmssd": 31.512414348388415,
    "ref_lead2_pnn50": 9.67741935483871,
    "ref_lead2_pnn20": 51.61290322580645,
    "ref_lead2_meandist": 41.569869700148885,
    "ref_lead2_cv_rr": 0.02248607300425342,
    "ref_lead2_range_rr": 104.0,
    "ref_lead2_iqr_rr": 33.0,
    "ref_lead2_global_ecg_r_peak_indices_mean": 4570.333333333333,
    "ref_lead2_global_ecg_r_peak_indices_std": 2625.3777986908067,
    "ref_lead2_global_ecg_r_peak_indices_min": 163.0,
    "ref_lead2_global_ecg_r_peak_indices_max": 8958.0,
    "ref_lead2_global_heart_rate_mean": 54.60434210650631,
    "ref_lead2_global_heart_rate_std": 1.2402282739938524,
    "ref_lead2_global_heart_rate_min": 52.26480836236934,
    "ref_lead2_global_heart_rate_max": 57.47126436781609,
    "ref_lead2_global_mean_rr_interval": 1099.375,
    "ref_lead2_global_sdnn": 24.7206265090511,
    "ref_lead2_global_root_mean_square_of_successive_differences": 31.512414348388415,
    "ref_lead2_global_mean_heart_rate": 54.60434210650631,
    "ref_lead2_global_std_heart_rate": 1.2402282739938524,
    "ref_lead2_global_min_heart_rate": 52.26480836236934,
    "ref_lead2_global_max_heart_rate": 57.47126436781609,
    "ref_lead2_global_nn_xx": 32.0,
    "ref_lead2_global_pnn_xx": 100.0,
    "ref_lead2_r_amp_mean": 0.963677829300789,
    "ref_lead2_r_amp_std": 0.012499691960264325,
    "ref_lead2_r_amp_min": 0.9362873789365003,
    "ref_lead2_r_amp_max": 0.9828254882027131,
    "ref_lead2_r_amp_median": 0.96553677376013,
    "ref_lead2_mean": -2.4684444318233945e-05,
    "ref_lead2_std": 0.12350939402477412,
    "ref_lead2_var": 0.015254570412366908,
    "ref_lead2_min": -0.26853023790270236,
    "ref_lead2_max": 0.9828254882027131,
    "ref_lead2_median": -0.0023305050496585005,
    "ref_lead2_range": 1.2513557261054156,
    "ref_lead2_iqr": 0.03527494594869364,
    "ref_lead2_skewness": 4.761601153148064,
    "ref_lead2_kurtosis": 31.7984862712622,
    "ref_lead2_rms": 0.1235093964914763,
    "ref_lead2_energy": 142.21836563520372,
    "ref_lead2_zcr": 0.0805534699131181,
    "ref_lead2_mav": 0.051014318691818585,
    "ref_lead2_p5": -0.1277421667253707,
    "ref_lead2_p25": -0.027497926623976786,
    "ref_lead2_p75": 0.007777019324716852,
    "ref_lead2_p95": 0.09120384395398863,
    "ref_respiration_n_peaks_ampd": 11,
    "ref_respiration_n_peaks_msptd": 20,
    "ref_respiration_n_feets_msptd": 19,
    "ref_respiration_peak_method": "msptd",
    "ref_respiration_resp_rate_mean": 24.899158679139212,
    "ref_respiration_resp_rate_std": 5.433546552409367,
    "ref_respiration_resp_rate_min": 13.940520446096654,
    "ref_respiration_resp_rate_max": 31.51260504201681,
    "ref_respiration_resp_rate_median": 26.881720430107524,
    "ref_respiration_bbi_mean": 2.5642105263157897,
    "ref_respiration_bbi_std": 0.7179332602721413,
    "ref_respiration_bbi_cv": 0.2799821827826495,
    "ref_respiration_bbi_range": 2.4000000000000004,
    "ref_respiration_bbi_iqr": 0.8539999999999996,
    "ref_respiration_bbi_rmssd": 0.8508740604029874,
    "ref_respiration_bbi_meandist": 0.8865837717569468,
    "ref_respiration_peak_amp_mean": 0.298056197681388,
    "ref_respiration_peak_amp_std": 0.47194393020385783,
    "ref_respiration_peak_amp_min": -0.41874128925598453,
    "ref_respiration_peak_amp_max": 0.7485790078593442,
    "ref_respiration_feet_amp_mean": -0.38699997588542584,
    "ref_respiration_feet_amp_std": 0.06324642079292189,
    "ref_respiration_tidal_excursion_mean": 0.6685843948893215,
    "ref_respiration_tidal_excursion_std": 0.49781133970590014,
    "ref_respiration_tidal_excursion_cv": 0.7445751703318002,
    "ref_respiration_envelope_mean": 0.5323667151651414,
    "ref_respiration_envelope_std": 0.11682166092288165,
    "ref_respiration_envelope_max": 0.7594393484834027,
    "ref_respiration_mean": 0.009243884548283485,
    "ref_respiration_std": 0.3853310192910471,
    "ref_respiration_var": 0.14847999442787735,
    "ref_respiration_min": -0.5426099487638857,
    "ref_respiration_max": 0.7485790078593442,
    "ref_respiration_median": -0.10585766824946657,
    "ref_respiration_range": 1.29118895662323,
    "ref_respiration_iqr": 0.713797064515902,
    "ref_respiration_skewness": 0.40648904845580347,
    "ref_respiration_kurtosis": -1.336253693924044,
    "ref_respiration_rms": 0.3854418812602224,
    "ref_respiration_energy": 1907.1346024382563,
    "ref_respiration_zcr": 0.002025395341590714,
    "ref_respiration_mav": 0.3460423333423055,
    "ref_respiration_p5": -0.4278399398189841,
    "ref_respiration_p25": -0.33149708717268256,