{
    "ref_lead1_n_r_peaks_raw": 70,
    "ref_lead1_n_r_peaks_filtered": 70,
    "ref_lead1_peaks_rejected_pct": 0.0,
    "ref_lead1_mean_hr": 63.925252968733666,
    "ref_lead1_std_hr": 4.265405190307351,
    "ref_lead1_min_hr": 55.762081784386616,
    "ref_lead1_max_hr": 72.81553398058253,
    "ref_lead1_median_hr": 63.55932203389831,
    "ref_lead1_mean_hr_filtered": 63.925252968733666,
    "ref_lead1_std_hr_filtered": 4.265405190307351,
    "ref_lead1_mean_rr": 942.7826086956521,
    "ref_lead1_std_rr": 62.90108857499482,
    "ref_lead1_sdnn": 62.90108857499482,
    "ref_lead1_median_rr": 944.0,
    "ref_lead1_rmssd": 66.46715243593016,
    "ref_lead1_pnn50": 48.529411764705884,
    "ref_lead1_pnn20": 80.88235294117646,
    "ref_lead1_meandist": 86.52273865208828,
    "ref_lead1_cv_rr": 0.06671854995503049,
    "ref_lead1_range_rr": 252.0,
    "ref_lead1_iqr_rr": 96.0,
    "ref_lead1_global_ecg_r_peak_indices_mean": 8353.914285714285,
    "ref_lead1_global_ecg_r_peak_indices_std": 4782.115090157305,
    "ref_lead1_global_ecg_r_peak_indices_min": 172.0,
    "ref_lead1_global_ecg_r_peak_indices_max": 16435.0,
    "ref_lead1_global_heart_rate_mean": 63.925252968733666,
    "ref_lead1_global_heart_rate_std": 4.265405190307351,
    "ref_lead1_global_heart_rate_min": 55.762081784386616,
    "ref_lead1_global_heart_rate_max": 72.81553398058253,
    "ref_lead1_global_mean_rr_interval": 942.7826086956521,
    "ref_lead1_global_sdnn": 62.90108857499482,
    "ref_lead1_global_root_mean_square_of_successive_differences": 66.46715243593016,
    "ref_lead1_global_mean_heart_rate": 63.925252968733666,
    "ref_lead1_global_std_heart_rate": 4.265405190307351,
    "ref_lead1_global_min_heart_rate": 55.762081784386616,
    "ref_lead1_global_max_heart_rate": 72.81553398058253,
    "ref_lead1_global_nn_xx": 69.0,
    "ref_lead1_global_pnn_xx": 100.0,
    "ref_lead1_r_amp_mean": 0.04180603163425585,
    "ref_lead1_r_amp_std": 0.0017844716751054645,
    "ref_lead1_r_amp_min": 0.03773658508265202,
    "ref_lead1_r_amp_max": 0.04560169078144951,
    "ref_lead1_r_amp_median": 0.04173202074262983,
    "ref_lead1_mean": 1.1880445054791399e-05,
    "ref_lead1_std": 0.012497622259903175,
    "ref_lead1_var": 0.00015619056215122735,
    "ref_lead1_min": -0.01374027818009484,
    "ref_lead1_max": 0.04560169078144951,
    "ref_lead1_median": -0.006579680481226114,
    "ref_lead1_range": 0.05934196896154435,
    "ref_lead1_iqr": 0.010017788071030587,
    "ref_lead1_skewness": 1.67088460301424,
    "ref_lead1_kurtosis": 1.7085487095664114,
    "ref_lead1_rms": 0.01249762790677503,
    "ref_lead1_energy": 2.5913599583872875,
    "ref_lead1_zcr": 0.016936893496473992,
    "ref_lead1_mav": 0.00950177969946251,
    "ref_lead1_p5": -0.009165021224497739,
    "ref_lead1_p25": -0.007652993231557685,
    "ref_lead1_p75": 0.0023647948394729026,
    "ref_lead1_p95": 0.030421523662275914,
    "ref_lead2_n_r_peaks_raw": 70,
    "ref_lead2_n_r_peaks_filtered": 70,
    "ref_lead2_peaks_rejected_pct": 0.0,
    "ref_lead2_mean_hr": 63.92782794230053,
    "ref_lead2_std_hr": 4.28581971446352,
    "ref_lead2_min_hr": 55.55555555555555,
    "ref_lead2_max_hr": 72.81553398058253,
    "ref_lead2_median_hr": 63.829787234042556,
    "ref_lead2_mean_hr_filtered": 63.92782794230053,
    "ref_lead2_std_hr_filtered": 4.28581971446352,
    "ref_lead2_mean_rr": 942.7826086956521,
    "ref_lead2_std_rr": 63.169628908068745,
    "ref_lead2_sdnn": 63.169628908068745,
    "ref_lead2_median_rr": 940.0,
    "ref_lead2_rmssd": 66.93631740867804,
    "ref_lead2_pnn50": 48.529411764705884,
    "ref_lead2_pnn20": 79.41176470588235,
    "ref_lead2_meandist": 87.72767624204926,
    "ref_lead2_cv_rr": 0.06700338797664551,
    "ref_lead2_range_rr": 256.0,
    "ref_lead2_iqr_rr": 96.0,
    "ref_lead2_global_ecg_r_peak_indices_mean": 8351.614285714286,
    "ref_lead2_global_ecg_r_peak_indices_std": 4782.074078690295,
    "ref_lead2_global_ecg_r_peak_indices_min": 170.0,
    "ref_lead2_global_ecg_r_peak_indices_max": 16433.0,
    "ref_lead2_global_heart_rate_mean": 63.92782794230053,
    "ref_lead2_global_heart_rate_std": 4.28581971446352,
    "ref_lead2_global_heart_rate_min": 55.55555555555556,
    "ref_lead2_global_heart_rate_max": 72.81553398058253,
    "ref_lead2_global_mean_rr_interval": 942.7826086956521,
    "ref_lead2_global_sdnn": 63.169628908068745,
    "ref_lead2_global_root_mean_square_of_successive_differences": 66.93631740867804,
    "ref_lead2_global_mean_heart_rate": 63.92782794230053,
    "ref_lead2_global_std_heart_rate": 4.28581971446352,
    "ref_lead2_global_min_heart_rate": 55.55555555555556,
    "ref_lead2_global_max_heart_rate": 72.81553398058253,
    "ref_lead2_global_nn_xx": 69.0,
    "ref_lead2_global_pnn_xx": 100.0,
    "ref_lead2_r_amp_mean": 0.11174564688632993,
    "ref_lead2_r_amp_std": 0.006483057879834328,
    "ref_lead2_r_amp_min": 0.09428493465652125,
    "ref_lead2_r_amp_max": 0.12494475154812382,
    "ref_lead2_r_amp_median": 0.11134858666699574,
    "ref_lead2_mean": 1.6525014616196706e-05,
    "ref_lead2_std": 0.030420364530831148,
    "ref_lead2_var": 0.0009253985781886499,
    "ref_lead2_min": -0.11903797063503949,
    "ref_lead2_max": 0.12494475154812382,
    "ref_lead2_median": -0.010321014804148453,
    "ref_lead2_range": 0.2439827221831633,
    "ref_lead2_iqr": 0.02338605302417305,
    "ref_lead2_skewness": 0.6087100232445566,
    "ref_lead2_kurtosis": 3.0416173837429925,
    "ref_lead2_rms": 0.03042036901920747,
    "ref_lead2_energy": 15.352366942482332,
    "ref_lead2_zcr": 0.02525617842073538,
    "ref_lead2_mav": 0.021198378670202515,
    "ref_lead2_p5": -0.02630233093454777,
    "ref_lead2_p25": -0.014150447053514158,
    "ref_lead2_p75": 0.009235605970658891,
    "ref_lead2_p95": 0.06046965791302896,
    "ref_respiration_n_peaks_ampd": 13,
    "ref_respiration_n_peaks_msptd": 14,
    "ref_respiration_n_feets_msptd": 14,
    "ref_respiration_peak_method": "msptd",
    "ref_respiration_resp_rate_mean": 13.634740437677362,
    "ref_respiration_resp_rate_std": 0.6714247322328467,
    "ref_respiration_resp_rate_min": 12.66891891891892,
    "ref_respiration_resp_rate_max": 15.212981744421906,
    "ref_respiration_resp_rate_median": 13.537906137184114,
    "ref_respiration_bbi_mean": 4.410769230769231,
    "ref_respiration_bbi_std": 0.2084160608923165,
    "ref_respiration_bbi_cv": 0.04725163570980318,
    "ref_respiration_bbi_range": 0.7919999999999998,
    "ref_respiration_bbi_iqr": 0.17599999999999927,
    "ref_respiration_bbi_rmssd": 0.2955537176216871,
    "ref_respiration_bbi_meandist": 0.37958632992836666,
    "ref_respiration_peak_amp_mean": 0.6879807044642402,
    "ref_respiration_peak_amp_std": 0.06662430091142847,
    "ref_respiration_peak_amp_min": 0.5656299771527751,
    "ref_respiration_peak_amp_max": 0.8094844982958854,
    "ref_respiration_feet_amp_mean": -0.8637607072996193,
    "ref_respiration_feet_amp_std": 0.14553929148574857,
    "ref_respiration_tidal_excursion_mean": 1.5714444801739171,
    "ref_respiration_tidal_excursion_std": 0.14257021002308032,
    "ref_respiration_tidal_excursion_cv": 0.09072557880460504,
    "ref_respiration_envelope_mean": 0.7597782776350681,
    "ref_respiration_envelope_std": 0.13940060960977246,
    "ref_respiration_envelope_max": 1.0500490371607982,
    "ref_respiration_mean": 0.0021801368711346185,
    "ref_respiration_std": 0.5462825534265712,
    "ref_respiration_var": 0.2984246281782546,
    "ref_respiration_min": -1.0,
    "ref_respiration_max": 0.8094844982958854,
    "ref_respiration_median": 0.08771325906563193,
    "ref_respiration_range": 1.8094844982958853,
    "ref_respiration_iqr": 0.9915074739025646,
    "ref_respiration_skewness": -0.3027616313689888,
    "ref_respiration_kurtosis": -1.2751315509654493,
    "ref_respiration_rms": 0.5462869037191277,
    "ref_respiration_energy": 4614.613521109512,
    "ref_respiration_zcr": 0.0018107741059302852,
    "ref_respiration_mav": 0.48113245778929425,