{
    "ref_lead1_n_r_peaks_raw": 126,
    "ref_lead1_n_r_peaks_filtered": 126,
    "ref_lead1_peaks_rejected_pct": 0.0,
    "ref_lead1_mean_hr": 64.98313591154964,
    "ref_lead1_std_hr": 4.214966647777784,
    "ref_lead1_min_hr": 55.55555555555555,
    "ref_lead1_max_hr": 75.37688442211055,
    "ref_lead1_median_hr": 64.93506493506493,
    "ref_lead1_mean_hr_filtered": 64.98313591154964,
    "ref_lead1_std_hr_filtered": 4.214966647777784,
    "ref_lead1_mean_rr": 927.232,
    "ref_lead1_std_rr": 60.54619869157767,
    "ref_lead1_sdnn": 60.54619869157767,
    "ref_lead1_median_rr": 924.0,
    "ref_lead1_rmssd": 62.5913525924695,
    "ref_lead1_pnn50": 45.96774193548387,
    "ref_lead1_pnn20": 82.25806451612904,
    "ref_lead1_meandist": 82.27154126427837,
    "ref_lead1_cv_rr": 0.06529778813886673,
    "ref_lead1_range_rr": 284.0,
    "ref_lead1_iqr_rr": 84.0,
    "ref_lead1_global_ecg_r_peak_indices_mean": 14979.825396825398,
    "ref_lead1_global_ecg_r_peak_indices_std": 8442.387842159957,
    "ref_lead1_global_ecg_r_peak_indices_min": 297.0,
    "ref_lead1_global_ecg_r_peak_indices_max": 29273.0,
    "ref_lead1_global_heart_rate_mean": 64.98313591154965,
    "ref_lead1_global_heart_rate_std": 4.214966647777784,
    "ref_lead1_global_heart_rate_min": 55.55555555555556,
    "ref_lead1_global_heart_rate_max": 75.37688442211055,
    "ref_lead1_global_mean_rr_interval": 927.232,
    "ref_lead1_global_sdnn": 60.54619869157767,
    "ref_lead1_global_root_mean_square_of_successive_differences": 62.5913525924695,
    "ref_lead1_global_mean_heart_rate": 64.98313591154965,
    "ref_lead1_global_std_heart_rate": 4.214966647777784,
    "ref_lead1_global_min_heart_rate": 55.55555555555556,
    "ref_lead1_global_max_heart_rate": 75.37688442211055,
    "ref_lead1_global_nn_xx": 125.0,
    "ref_lead1_global_pnn_xx": 100.0,
    "ref_lead1_r_amp_mean": 0.0006195280140227065,
    "ref_lead1_r_amp_std": 1.9096254546968113e-05,
    "ref_lead1_r_amp_min": 0.0005652016282318207,
    "ref_lead1_r_amp_max": 0.0006571630660236362,
    "ref_lead1_r_amp_median": 0.0006180781914232746,
    "ref_lead1_mean": 9.286686290249645e-09,
    "ref_lead1_std": 9.775916742301687e-05,
    "ref_lead1_var": 9.556854815241442e-09,
    "ref_lead1_min": -0.0002937386092806676,
    "ref_lead1_max": 0.0006571630660236362,
    "ref_lead1_median": -1.9353781822311133e-06,
    "ref_lead1_range": 0.0009509016753043039,
    "ref_lead1_iqr": 4.039870424177128e-05,
    "ref_lead1_skewness": 3.1375135705021506,
    "ref_lead1_kurtosis": 17.47587716032093,
    "ref_lead1_rms": 9.775916786411384e-05,
    "ref_lead1_energy": 0.0002815640591075212,
    "ref_lead1_zcr": 0.07572466227683117,
    "ref_lead1_mav": 4.726471874478126e-05,
    "ref_lead1_p5": -0.00010063885017150195,
    "ref_lead1_p25": -3.15592702012168e-05,
    "ref_lead1_p75": 8.839434040554477e-06,
    "ref_lead1_p95": 0.00012317213480473598,
    "ref_lead2_n_r_peaks_raw": 126,
    "ref_lead2_n_r_peaks_filtered": 126,
    "ref_lead2_peaks_rejected_pct": 0.0,
    "ref_lead2_mean_hr": 64.98264086812318,
    "ref_lead2_std_hr": 4.228399594620568,
    "ref_lead2_min_hr": 55.55555555555555,
    "ref_lead2_max_hr": 75.37688442211055,
    "ref_lead2_median_hr": 64.93506493506493,
    "ref_lead2_mean_hr_filtered": 64.98264086812318,
    "ref_lead2_std_hr_filtered": 4.228399594620568,
    "ref_lead2_mean_rr": 927.264,
    "ref_lead2_std_rr": 60.73761852427209,
    "ref_lead2_sdnn": 60.73761852427209,
    "ref_lead2_median_rr": 924.0,
    "ref_lead2_rmssd": 63.01356740749848,
    "ref_lead2_pnn50": 45.96774193548387,
    "ref_lead2_pnn20": 82.25806451612904,
    "ref_lead2_meandist": 82.8476576346616,
    "ref_lead2_cv_rr": 0.06550196979961703,
    "ref_lead2_range_rr": 284.0,
    "ref_lead2_iqr_rr": 84.0,
    "ref_lead2_global_ecg_r_peak_indices_mean": 14978.698412698413,
    "ref_lead2_global_ecg_r_peak_indices_std": 8442.390787604683,
    "ref_lead2_global_ecg_r_peak_indices_min": 295.0,
    "ref_lead2_global_ecg_r_peak_indices_max": 29272.0,
    "ref_lead2_global_heart_rate_mean": 64.9826408681232,
    "ref_lead2_global_heart_rate_std": 4.2283995946205675,
    "ref_lead2_global_heart_rate_min": 55.55555555555556,
    "ref_lead2_global_heart_rate_max": 75.37688442211055,
    "ref_lead2_global_mean_rr_interval": 927.264,
    "ref_lead2_global_sdnn": 60.73761852427209,
    "ref_lead2_global_root_mean_square_of_successive_differences": 63.01356740749848,
    "ref_lead2_global_mean_heart_rate": 64.9826408681232,
    "ref_lead2_global_std_heart_rate": 4.2283995946205675,
    "ref_lead2_global_min_heart_rate": 55.55555555555556,
    "ref_lead2_global_max_heart_rate": 75.37688442211055,
    "ref_lead2_global_nn_xx": 125.0,
    "ref_lead2_global_pnn_xx": 100.0,
    "ref_lead2_r_amp_mean": 0.0007501059490595089,
    "ref_lead2_r_amp_std": 2.2956396942099312e-05,
    "ref_lead2_r_amp_min": 0.0006959069119265005,
    "ref_lead2_r_amp_max": 0.0007988403450674825,
    "ref_lead2_r_amp_median": 0.0007481925095614955,
    "ref_lead2_mean": 6.151516372742507e-09,
    "ref_lead2_std": 0.00012668274043269934,
    "ref_lead2_var": 1.604851672353868e-08,
    "ref_lead2_min": -0.0005929850733642484,
    "ref_lead2_max": 0.0007988403450674825,
    "ref_lead2_median": 9.015443699529346e-08,
    "ref_lead2_range": 0.0013918254184317309,
    "ref_lead2_iqr": 3.5100095160659185e-05,
    "ref_lead2_skewness": 1.3147514109370895,
    "ref_lead2_kurtosis": 17.091272254205602,
    "ref_lead2_rms": 0.00012668274058205337,
    "ref_lead2_energy": 0.0004728214008237726,
    "ref_lead2_zcr": 0.08129115470775915,
    "ref_lead2_mav": 5.236596896563314e-05,
    "ref_lead2_p5": -0.00010325682508379967,
    "ref_lead2_p25": -2.1292227957570164e-05,
    "ref_lead2_p75": 1.3807867203089019e-05,
    "ref_lead2_p95": 7.285179375289906e-05,
    "ref_respiration_n_peaks_ampd": 28,
    "ref_respiration_n_peaks_msptd": 28,
    "ref_respiration_n_feets_msptd": 29,
    "ref_respiration_peak_method": "msptd",
    "ref_respiration_resp_rate_mean": 14.278674544390125,
    "ref_respiration_resp_rate_std": 1.0101459877033576,
    "ref_respiration_resp_rate_min": 12.755102040816327,
    "ref_respiration_resp_rate_max": 16.611295681063122,
    "ref_respiration_resp_rate_median": 13.940520446096654,
    "ref_respiration_bbi_mean": 4.222518518518519,
    "ref_respiration_bbi_std": 0.2898687276797794,
    "ref_respiration_bbi_cv": 0.06864830228890993,
    "ref_respiration_bbi_range": 1.0919999999999996,
    "ref_respiration_bbi_iqr": 0.4400000000000004,
    "ref_respiration_bbi_rmssd": 0.31357590174285743,
    "ref_respiration_bbi_meandist": 0.4012217778261427,
    "ref_respiration_peak_amp_mean": 3.0886070915686865,
    "ref_respiration_peak_amp_std": 0.3081643022847964,
    "ref_respiration_peak_amp_min": 2.4895886629163946,
    "ref_respiration_peak_amp_max": 4.009509870849414,
    "ref_respiration_feet_amp_mean": -3.96412397794108,
    "ref_respiration_feet_amp_std": 0.6273403156418591,
    "ref_respiration_tidal_excursion_mean": 7.101793776035473,
    "ref_respiration_tidal_excursion_std": 0.80890867858928,
    "ref_respiration_tidal_excursion_cv": 0.11390202308026573,
    "ref_respiration_envelope_mean": 3.4075171034197136,
    "ref_respiration_envelope_std": 0.6000533071235745,
    "ref_respiration_envelope_max": 4.940250198405379,
    "ref_respiration_mean": 0.00832209749554705,
    "ref_respiration_std": 2.446625249942348,
    "ref_respiration_var": 5.985975113655457,
    "ref_respiration_min": -4.858084656513524,
    "ref_respiration_max": 4.009509870849414,
    "ref_respiration_median": 0.3991726036652686,
    "ref_respiration_range": 8.86759452736294,
    "ref_respiration_iqr": 4.511925591827895,
    "ref_respiration_skewness": -0.30236733711555525,
    "ref_respiration_kurtosis": -1.260475477528414,
    "ref_respiration_rms": 2.4466394035415564,
    "ref_respiration_energy": 183753.6040554261,
    "ref_respiration_zcr": 0.0018894354497182135,
    "ref_respiration_mav": 2.157415899507602,