{
    "ref_lead1_n_r_peaks_raw": 33,
    "ref_lead1_n_r_peaks_filtered": 33,
    "ref_lead1_peaks_rejected_pct": 0.0,
    "ref_lead1_mean_hr": 54.60291212940048,
    "ref_lead1_std_hr": 1.2065628256791687,
    "ref_lead1_min_hr": 52.264808362369344,
    "ref_lead1_max_hr": 57.25190839694656,
    "ref_lead1_median_hr": 54.347826086956516,
    "ref_lead1_mean_hr_filtered": 54.60291212940048,
    "ref_lead1_std_hr_filtered": 1.2065628256791687,
    "ref_lead1_mean_rr": 1099.375,
    "ref_lead1_std_rr": 24.106210299422845,
    "ref_lead1_sdnn": 24.106210299422845,
    "ref_lead1_median_rr": 1104.0,
    "ref_lead1_rmssd": 30.395245808217037,
    "ref_lead1_pnn50": 0.0,
    "ref_lead1_pnn20": 51.61290322580645,
    "ref_lead1_meandist": 40.145343038684715,
    "ref_lead1_cv_rr": 0.02192719526951481,
    "ref_lead1_range_rr": 100.0,
    "ref_lead1_iqr_rr": 33.0,
    "ref_lead1_global_ecg_r_peak_indices_mean": 4570.151515151515,
    "ref_lead1_global_ecg_r_peak_indices_std": 2625.351960487793,
    "ref_lead1_global_ecg_r_peak_indices_min": 163.0,
    "ref_lead1_global_ecg_r_peak_indices_max": 8958.0,
    "ref_lead1_global_heart_rate_mean": 54.602912129400494,
    "ref_lead1_global_heart_rate_std": 1.20656282567917,
    "ref_lead1_global_heart_rate_min": 52.26480836236934,
    "ref_lead1_global_heart_rate_max": 57.25190839694657,
    "ref_lead1_global_mean_rr_interval": 1099.375,
    "ref_lead1_global_sdnn": 24.106210299422845,
    "ref_lead1_global_root_mean_square_of_successive_differences": 30.395245808217037,
    "ref_lead1_global_mean_heart_rate": 54.602912129400494,
    "ref_lead1_global_std_heart_rate": 1.20656282567917,
    "ref_lead1_global_min_heart_rate": 52.26480836236934,
    "ref_lead1_global_max_heart_rate": 57.25190839694657,
    "ref_lead1_global_nn_xx": 32.0,
    "ref_lead1_global_pnn_xx": 100.0,
    "ref_lead1_r_amp_mean": 0.905004791218536,
    "ref_lead1_r_amp_std": 0.07000436252409392,
    "ref_lead1_r_amp_min": 0.7718614484695338,
    "ref_lead1_r_amp_max": 1.0,
    "ref_lead1_r_amp_median": 0.938174920704949,
    "ref_lead1_mean": 0.0009595497190785764,
    "ref_lead1_std": 0.2924229973318101,
    "ref_lead1_var": 0.08551120936851983,
    "ref_lead1_min": -0.327402992136065,
    "ref_lead1_max": 1.0,
    "ref_lead1_median": -0.1428876058479698,
    "ref_lead1_range": 1.327402992136065,
    "ref_lead1_iqr": 0.18485353420510275,
    "ref_lead1_skewness": 1.799703323347705,
    "ref_lead1_kurtosis": 2.085298479817726,
    "ref_lead1_rms": 0.2924245716491403,
    "ref_lead1_energy": 797.2295889613001,
    "ref_lead1_zcr": 0.020594229325324467,
    "ref_lead1_mav": 0.2147993557037285,
    "ref_lead1_p5": -0.21787063977842197,
    "ref_lead1_p25": -0.16399485818273118,
    "ref_lead1_p75": 0.020858676022371576,
    "ref_lead1_p95": 0.7632357330728964,
    "ref_lead2_n_r_peaks_raw": 33,
    "ref_lead2_n_r_peaks_filtered": 33,
    "ref_lead2_peaks_rejected_pct": 0.0,
    "ref_lead2_mean_hr": 54.6042562309163,
    "ref_lead2_std_hr": 1.2384337309006836,
    "ref_lead2_min_hr": 52.264808362369344,
    "ref_lead2_max_hr": 57.47126436781609,
    "ref_lead2_median_hr": 54.347826086956516,
    "ref_lead2_mean_hr_filtered": 54.6042562309163,
    "ref_lead2_std_hr_filtered": 1.2384337309006836,
    "ref_lead2_mean_rr": 1099.375,
    "ref_lead2_std_rr": 24.680141308347487,
    "ref_lead2_sdnn": 24.680141308347487,
    "ref_lead2_median_rr": 1104.0,
    "ref_lead2_rmssd": 31.381112050856117,
    "ref_lead2_pnn50": 9.67741935483871,
    "ref_lead2_pnn20": 51.61290322580645,
    "ref_lead2_meandist": 41.025395575699314,
    "ref_lead2_cv_rr": 0.022449247352675374,
    "ref_lead2_range_rr": 104.0,
    "ref_lead2_iqr_rr": 33.0,
    "ref_lead2_global_ecg_r_peak_indices_mean": 4570.30303030303,
    "ref_lead2_global_ecg_r_peak_indices_std": 2625.384167961854,
    "ref_lead2_global_ecg_r_peak_indices_min": 163.0,
    "ref_lead2_global_ecg_r_peak_indices_max": 8958.0,
    "ref_lead2_global_heart_rate_mean": 54.604256230916306,
    "ref_lead2_global_heart_rate_std": 1.2384337309006845,
    "ref_lead2_global_heart_rate_min": 52.26480836236934,
    "ref_lead2_global_heart_rate_max": 57.47126436781609,
    "ref_lead2_global_mean_rr_interval": 1099.375,
    "ref_lead2_global_sdnn": 24.680141308347487,
    "ref_lead2_global_root_mean_square_of_successive_differences": 31.381112050856117,
    "ref_lead2_global_mean_heart_rate": 54.604256230916306,
    "ref_lead2_global_std_heart_rate": 1.2384337309006845,
    "ref_lead2_global_min_heart_rate": 52.26480836236934,
    "ref_lead2_global_max_heart_rate": 57.47126436781609,
    "ref_lead2_global_nn_xx": 32.0,
    "ref_lead2_global_pnn_xx": 100.0,
    "ref_lead2_r_amp_mean": 0.9734220948343417,
    "ref_lead2_r_amp_std": 0.012062351888039924,
    "ref_lead2_r_amp_min": 0.9444120005697466,
    "ref_lead2_r_amp_max": 0.9932086367577937,
    "ref_lead2_r_amp_median": 0.9756731426833637,
    "ref_lead2_mean": 0.0004519657617944325,
    "ref_lead2_std": 0.19596607169298638,
    "ref_lead2_var": 0.03840270125478068,
    "ref_lead2_min": -0.21634887733963998,
    "ref_lead2_max": 0.9932086367577937,
    "ref_lead2_median": -0.07894425133670141,
    "ref_lead2_range": 1.2095575140974337,
    "ref_lead2_iqr": 0.099573413883394,
    "ref_lead2_skewness": 2.544800394658223,
    "ref_lead2_kurtosis": 7.078325983337084,
    "ref_lead2_rms": 0.195966592887233,
    "ref_lead2_energy": 358.0302882359639,
    "ref_lead2_zcr": 0.021881368658157246,
    "ref_lead2_mav": 0.13091063845674064,
    "ref_lead2_p5": -0.15709597927221128,
    "ref_lead2_p25": -0.09616645061838475,
    "ref_lead2_p75": 0.003406963265009246,
    "ref_lead2_p95": 0.43013133104500995,
    "ref_respiration_n_peaks_ampd": 22,
    "ref_respiration_n_peaks_msptd": 34,
    "ref_respiration_n_feets_msptd": 36,
    "ref_respiration_peak_method": "msptd",
    "ref_respiration_resp_rate_mean": 23.679119587948502,
    "ref_respiration_resp_rate_std": 5.933602308608824,
    "ref_respiration_resp_rate_min": 13.157894736842106,
    "ref_respiration_resp_rate_max": 31.380753138075317,
    "ref_respiration_resp_rate_median": 26.595744680851066,
    "ref_respiration_bbi_mean": 2.7381818181818183,
    "ref_respiration_bbi_std": 0.8287267142684305,
    "ref_respiration_bbi_cv": 0.3026558385442475,
    "ref_respiration_bbi_range": 2.6479999999999997,
    "ref_respiration_bbi_iqr": 1.2639999999999998,
    "ref_respiration_bbi_rmssd": 0.9959467857270287,
    "ref_respiration_bbi_meandist": 1.0814610763212837,
    "ref_respiration_peak_amp_mean": 0.3324102190769332,
    "ref_respiration_peak_amp_std": 0.4377482241047827,
    "ref_respiration_peak_amp_min": -0.41873960659783166,
    "ref_respiration_peak_amp_max": 0.7485790078593442,
    "ref_respiration_feet_amp_mean": -0.3838046409302929,
    "ref_respiration_feet_amp_std": 0.09231691373397714,
    "ref_respiration_tidal_excursion_mean": 0.7080740373524493,
    "ref_respiration_tidal_excursion_std": 0.46412112899897545,
    "ref_respiration_tidal_excursion_cv": 0.6554697736614732,
    "ref_respiration_envelope_mean": 0.5168892669452043,
    "ref_respiration_envelope_std": 0.11680607057588245,
    "ref_respiration_envelope_max": 1.0650892558748317,
    "ref_respiration_mean": -0.0025321799109205966,
    "ref_respiration_std": 0.37464955329406446,
    "ref_respiration_var": 0.14036228778344206,
    "ref_respiration_min": -0.5857262550840905,
    "ref_respiration_max": 0.7485790078593442,
    "ref_respiration_median": -0.09644107395798404,
    "ref_respiration_range": 1.3343052629434347,
    "ref_respiration_iqr": 0.6763667859407672,
    "ref_respiration_skewness": 0.39493320959123535,
    "ref_respiration_kurtosis": -1.2669671302603134,
    "ref_respiration_rms": 0.3746581104400962,
    "ref_respiration_energy": 3344.986114292887,
    "ref_respiration_zcr": 0.0020562316407889214,
    "ref_respiration_mav": 0.3346404882654685,
    "ref_respiration_p5": -0.4433032234528191,
    "ref_respiration_p25": -0.3338887809112505,